289 149 -1
591 374 -1
476 309 -1
194 29 -1
771 212 -1
389 116 -1
1050 847 -1
357 250 -1
681 472 -1
689 492 -1
529 366 -1
747 726 -1
1039 680 -1
1369 1045 -1
681 472 -1
788 523 -1
952 81 -1
1162 662 -1
730 421 -1
788 523 -1
358 213 -1
1602 875 -1
1946 1360 -1
1154 592 -1
1159 501 -1
1155 465 -1
1684 1151 -1
1700 683 -1
639 222 -1
1395 918 -1
389 116 -1
1128 686 -1
507 282 -1
1808 1140 -1
2265 2193 -1
1083 549 -1
1940 1358 -1
1758 294 -1
1316 693 -1
1981 985 -1
2464 1631 -1
1314 924 -1
1369 1045 -1
2249 1528 -1
1434 518 -1
2395 1485 -1
1907 1254 -1
2398 1705 -1
2709 1787 -1
1122 496 -1
2096 1501 -1
2258 1299 -1
1464 1038 -1
1990 1164 -1
1930 1862 -1
702 329 -1
747 726 -1
2209 1136 -1
2636 2308 -1
926 247 -1
1380 178 -1
2663 2059 -1
1992 590 -1
1073 167 -1
2448 498 -1
2970 1569 -1
2965 1798 -1
3030 2733 -1
2733 2509 -1
2949 2067 -1
1902 1480 -1
2373 1607 -1
3251 2469 -1
2031 1996 -1
1282 824 -1
2931 1722 -1
2795 521 -1
3140 2630 -1
1941 1378 -1
2096 1501 -1
2184 1201 -1
2115 1289 -1
639 222 -1
2684 852 -1
3419 2294 -1
3701 1026 -1
2319 463 -1
1870 766 -1
921 264 -1
2179 1754 -1
2419 1274 -1
3715 2788 -1
2387 1259 -1
504 398 -1
1423 903 -1
1959 1347 -1
1347 661 -1
661 335 -1
3200 1339 -1
2419 1274 -1
2127 1129 -1
1808 1140 -1
3259 2010 -1
3363 1842 -1
3933 2261 -1
3802 3509 -1
3971 2672 -1
3479 3272 -1
2663 2059 -1
1082 232 -1
3352 2211 -1
3857 3493 -1
3576 3408 -1
3729 1168 -1
3992 3191 -1
2220 2035 -1
2228 1598 -1
3708 2388 -1
2892 1677 -1
3367 2202 -1
1649 176 -1
4318 3447 -1
507 282 -1
2653 2403 -1
4627 4359 -1
3727 1483 -1
2755 565 -1
2395 1485 -1
3564 2197 -1
4370 3944 -1
4212 4083 -1
2031 1996 -1
681 472 -1
3890 1948 -1
2623 1412 -1
4152 3440 -1
4373 3641 -1
3982 3806 -1
4693 3210 -1
3971 2672 -1
4011 2474 -1
3455 2820 -1
2220 2035 -1
3551 2788 -1
2241 1096 -1
3993 3504 -1
3110 1491 -1
4816 3214 -1
4637 1593 -1
2241 1096 -1
2871 2702 -1
5128 4655 -1
4655 4037 -1
4043 2430 -1
5006 3673 -1
4600 3041 -1
1316 693 -1
3948 3146 -1
3146 2278 -1
4265 3133 -1
4826 2166 -1
1922 843 -1
1082 232 -1
5154 4893 -1
4098 157 -1
2698 1580 -1
1922 843 -1
2633 1161 -1
1161 91 -1
4778 2351 -1
4815 2979 -1
4331 3925 -1
3925 3458 -1
3383 1950 -1
1950 1821 -1
3433 2276 -1
5139 1186 -1
3823 3017 -1
5404 5009 -1
4990 3209 -1
4043 2430 -1
1957 532 -1
532 347 -1
4654 2409 -1
4148 3222 -1
5133 3286 -1
5162 5101 -1
3380 914 -1
4453 3053 -1
1973 394 -1
3770 1197 -1
4600 3041 -1
5251 3255 -1
3275 413 -1
5373 4707 -1
3038 1740 -1
508 74 -1
5539 4740 -1
3520 2049 -1
5803 5491 -1
4212 4083 -1
5079 4791 -1
3972 3335 -1
5190 4008 -1
3336 1432 -1
2671 1960 -1
3135 570 -1
3479 3272 -1
5144 3350 -1
4855 4408 -1
5702 4259 -1
3867 2539 -1
5605 3183 -1
3183 1270 -1
5497 3665 -1
3707 3201 -1
4414 2158 -1
5532 5462 -1
5481 4919 -1
2775 1884 -1
5440 3689 -1
3009 1367 -1
5384 3894 -1
5110 3147 -1
5867 5107 -1
5950 5305 -1
5564 4609 -1
6079 5808 -1
4011 2474 -1
5609 4946 -1
5573 5041 -1
5683 5120 -1
3998 3312 -1
5606 3961 -1
6062 4851 -1
4416 2564 -1
5814 5436 -1
6162 5732 -1
4668 1338 -1
1338 135 -1
135 59 -1
5133 3286 -1
4765 3999 -1
5787 4169 -1
6051 4996 -1
6123 5345 -1
5345 2936 -1
2828 2325 -1
4592 4196 -1
3850 3773 -1
5774 5697 -1
4469 2727 -1
5190 4008 -1
4467 2953 -1
2953 2248 -1
5547 4627 -1
4627 4359 -1
5097 4478 -1
6376 5425 -1
5243 4326 -1
3889 3853 -1
5693 5396 -1
6201 5652 -1
5324 3747 -1
4361 3006 -1
5993 4917 -1
6261 4824 -1
4824 2660 -1
2660 2523 -1
5250 3822 -1
5559 4916 -1
6534 5944 -1
5935 5761 -1
5666 1857 -1
1857 325 -1
5619 5341 -1
5341 5201 -1
4058 1836 -1
5051 2725 -1
4306 12 -1
6088 5719 -1
6149 5698 -1
5698 4000 -1
6435 5379 -1
4870 3006 -1
6075 5146 -1
6368 5374 -1
5408 4435 -1
3656 2255 -1
2255 1642 -1
1642 965 -1
6024 4886 -1
6178 5815 -1
5991 4819 -1
3964 2245 -1
6075 5146 -1
6225 5831 -1
6540 6090 -1
6090 6010 -1
5393 4301 -1
4289 113 -1
5325 663 -1
6495 5620 -1
6178 5815 -1
6616 6134 -1
6172 3995 -1
5240 2335 -1
5102 3949 -1
6115 4216 -1
4216 1745 -1
2404 129 -1
6282 5237 -1
6212 5802 -1
6844 4475 -1
4475 2682 -1
6813 6771 -1
3768 3125 -1
6198 2037 -1
6706 5558 -1
6371 5869 -1
6212 5802 -1
6873 5560 -1
5560 4518 -1
5638 4269 -1
5430 1627 -1
5895 4850 -1
6453 6315 -1
5617 5310 -1
3893 1403 -1
5593 2994 -1
6745 5734 -1
6316 4473 -1
6510 6399 -1
6731 6293 -1
5385 5024 -1
6289 5703 -1
1455 673 -1
6404 4402 -1
5781 587 -1
6737 3483 -1
6455 4297 -1
6388 3588 -1
5595 3989 -1
3707 3201 -1
4992 3544 -1
7082 6920 -1
4381 4172 -1
6434 5389 -1
6917 5801 -1
6805 4245 -1
4245 2324 -1
5444 5021 -1
6537 6073 -1
6446 6101 -1
7184 7121 -1
5432 3391 -1
3550 1044 -1
6695 5663 -1
5663 4004 -1
6564 4918 -1
6801 5835 -1
5835 4622 -1
6767 5169 -1
6743 5409 -1
6255 4371 -1
5890 2309 -1
3380 914 -1
6888 5796 -1
6574 4840 -1
7163 6036 -1
6036 5591 -1
6770 6663 -1
6619 5794 -1
6509 5989 -1
5989 5527 -1
7034 6799 -1
6591 5501 -1
5727 4361 -1
4361 3006 -1
4754 452 -1
7040 6135 -1
6355 2578 -1
6974 6771 -1
5821 4784 -1
4784 4136 -1
7369 6428 -1
6428 5291 -1
6986 6476 -1
3491 2194 -1
1150 37 -1
6816 5680 -1
5680 4108 -1
6313 2077 -1
5444 5021 -1
5140 504 -1
504 398 -1
5089 4692 -1
7118 6541 -1
5729 3213 -1
6948 4537 -1
4537 1738 -1
7172 6204 -1
6453 6315 -1
7072 4863 -1
7146 6772 -1
7031 6207 -1
7298 6609 -1
6609 5667 -1
5667 5175 -1
6082 4618 -1
4618 3207 -1
7153 6889 -1
6339 5458 -1
7384 7289 -1
6826 5628 -1
6897 6642 -1
7508 3685 -1
6770 6663 -1
6999 5826 -1
7385 6857 -1
7171 6336 -1
6336 5537 -1
7462 6931 -1
6931 4322 -1
5906 3399 -1
7355 6437 -1
6869 5592 -1
7265 6759 -1
6808 6467 -1
6965 6516 -1
6307 5909 -1
6322 2818 -1
5322 4323 -1
4323 2372 -1
7414 6362 -1
7419 6662 -1
6662 5078 -1
3521 360 -1
7367 7107 -1
5825 4529 -1
4529 1307 -1
7082 6920 -1
7101 4810 -1
7008 4857 -1
4857 3076 -1
6755 5926 -1
4577 1016 -1
7272 6944 -1
5990 5224 -1
5751 4044 -1
4044 1328 -1
6160 5354 -1
6872 5662 -1
5662 5071 -1
5071 4365 -1
2684 852 -1
7327 6401 -1
6997 6281 -1
7654 7166 -1
6895 6708 -1
4754 452 -1
6481 1416 -1
7465 6842 -1
7372 6130 -1
5833 2773 -1
4846 2244 -1
7314 6288 -1
6288 5217 -1
7461 6814 -1
5360 284 -1
7085 5742 -1
5742 3903 -1
7141 6311 -1
6431 5888 -1
5888 4448 -1
5480 3321 -1
7485 6698 -1
7283 6975 -1
7693 7415 -1
6967 6441 -1
6506 5177 -1
5177 3300 -1
6879 6097 -1
6097 4278 -1
7494 7239 -1
7084 7021 -1
5048 3132 -1
5601 2554 -1
5885 3974 -1
6916 6578 -1
1872 1257 -1
4281 2016 -1
1216 676 -1
7186 6460 -1
5211 2897 -1
6669 6163 -1
7765 7522 -1
7754 6398 -1
6398 3644 -1
7409 3235 -1
7560 7412 -1
7516 7043 -1
6900 2482 -1
7585 7122 -1
7122 5131 -1
5643 4724 -1
7779 7526 -1
7673 3528 -1
5443 4884 -1
4884 1741 -1
6669 6163 -1
5244 2392 -1
7804 7009 -1
7009 5723 -1
7229 6408 -1
5236 2216 -1
6681 6392 -1
7690 7039 -1
7039 6554 -1
7714 7202 -1
7606 6766 -1
6508 4633 -1
4633 3091 -1
7459 6592 -1
2140 867 -1
7756 7701 -1
4588 4059 -1
6893 3639 -1
7471 7358 -1
6133 1818 -1
7363 7277 -1
7277 6781 -1
6781 5553 -1
7989 7696 -1
6512 4334 -1
7092 6067 -1
6067 4711 -1
7339 6717 -1
7870 7773 -1
7425 4729 -1
7937 7456 -1
7456 5395 -1
5395 2034 -1
7209 6450 -1
7921 7880 -1
7476 7234 -1
7933 7353 -1
7353 5834 -1
7593 7012 -1
7012 5463 -1
5463 3969 -1
5137 4874 -1
6855 5039 -1
6133 1818 -1
7957 7527 -1
7319 7065 -1
7406 6403 -1
8006 6912 -1
6912 6121 -1
6121 4346 -1
7110 5315 -1
6547 4096 -1
4096 1854 -1
6921 5936 -1
7545 7007 -1
7968 7895 -1
7577 7466 -1
7967 7628 -1
7628 6331 -1
7993 7678 -1
7377 4781 -1
7900 7660 -1
7643 6393 -1
6393 4954 -1
1799 76 -1
8042 7753 -1
7790 7000 -1
7955 7757 -1
6978 4981 -1
6669 6163 -1
7894 7871 -1
7745 6080 -1
6080 4384 -1
7361 6840 -1
6840 5292 -1
5292 2748 -1
7817 7635 -1
7635 6728 -1
8049 7227 -1
8198 7782 -1
7782 7260 -1
7619 6950 -1
6763 6177 -1
7889 7030 -1
7030 5332 -1
5332 4234 -1
7860 6907 -1
8000 7284 -1
7284 6188 -1
6188 4900 -1
4900 3085 -1
7750 6497 -1
6497 4922 -1
4922 3441 -1
3441 2479 -1
8050 6239 -1
6239 4134 -1
4134 2538 -1
7735 6279 -1
7072 4863 -1
7143 5847 -1
7954 7554 -1
8096 7952 -1
8083 7662 -1
7949 7846 -1
8106 7190 -1
7564 6380 -1
7714 7202 -1
7084 7021 -1
7218 3663 -1
7929 6217 -1
8242 8141 -1
8033 7873 -1
8255 8009 -1
8229 7479 -1
8317 8181 -1
8318 8210 -1
7783 4758 -1
4758 1488 -1
8177 7449 -1
7449 6414 -1
6414 4834 -1
8365 7658 -1
7384 7289 -1
8299 8116 -1
7523 6858 -1
8298 8199 -1
8430 8266 -1
8266 7328 -1
5079 4791 -1
7210 6785 -1
8152 8010 -1
8055 7681 -1
7656 4479 -1
8239 8064 -1
8301 6099 -1
4201 321 -1
8364 8244 -1
8096 7952 -1
6190 5656 -1
5656 1882 -1
1882 1185 -1
8442 8278 -1
8278 7413 -1
7387 5450 -1
7741 6152 -1
7770 6829 -1
5666 1857 -1
1857 325 -1
4983 3240 -1
8207 7918 -1
8305 7923 -1
7923 7028 -1
7028 5965 -1
3627 1529 -1
7864 4431 -1
8231 8035 -1
8277 8147 -1
8413 8235 -1
8288 8202 -1
8316 6122 -1
6122 6054 -1
8372 5721 -1
5721 5225 -1
6575 2092 -1
8505 8459 -1
4588 4059 -1
5180 1287 -1
8570 8555 -1
7989 7696 -1
8149 6850 -1
6850 5554 -1
7894 7871 -1
1649 176 -1
8391 6988 -1
8368 8186 -1
8186 7417 -1
7417 6904 -1
8383 8227 -1
8227 7382 -1
7382 7067 -1
8361 8297 -1
8507 8060 -1
8504 8425 -1
8397 8284 -1
8405 8295 -1
8099 1280 -1
8304 8216 -1
8542 8431 -1
8538 8470 -1
6963 6209 -1
8553 8023 -1
8023 7259 -1
7259 5844 -1
6133 1818 -1
4960 3070 -1
8687 8644 -1
8652 8522 -1
8615 8461 -1
8514 8447 -1
8626 7911 -1
8569 8165 -1
8165 7822 -1
7822 7393 -1
4095 1049 -1
5102 3949 -1
8630 8613 -1
8658 8565 -1
8672 8545 -1
8605 8346 -1
8346 6577 -1
4577 1016 -1
8688 8025 -1
8449 6754 -1
6754 6429 -1
8630 8613 -1
5444 5021 -1
8751 8748 -1
8633 7368 -1
8659 8647 -1
7150 3141 -1
8678 8595 -1
8579 5479 -1
8641 8414 -1
8550 8331 -1
8331 6477 -1
8813 8776 -1
8743 8662 -1
8687 8644 -1
8718 8640 -1
8637 7550 -1
7550 6696 -1
6696 5710 -1
3032 703 -1
1429 53 -1
8723 8302 -1
8302 7861 -1
8836 8791 -1
8844 8466 -1
6278 5509 -1
4798 4093 -1
8870 8867 -1
4096 1854 -1
8543 7357 -1
7357 6690 -1
8780 8712 -1
8814 8783 -1
8803 8433 -1
8824 8441 -1
8441 8416 -1
7498 5862 -1
5862 4480 -1
8357 7758 -1
3316 1667 -1
6691 4431 -1
8918 8786 -1
8934 8919 -1
8907 8443 -1
8443 5980 -1
5980 3224 -1
8820 8645 -1
8506 7213 -1
6747 5518 -1
8910 8754 -1
8754 8747 -1
8926 8799 -1
8943 8588 -1
8588 5767 -1
8558 6432 -1
6036 5591 -1
8986 8901 -1
8901 8730 -1
8992 8850 -1
3271 1238 -1
1238 399 -1
9046 8970 -1
8970 8772 -1
8772 8765 -1
6575 2092 -1
7167 6080 -1
6080 4384 -1
7361 6840 -1
6840 5292 -1
5292 2748 -1
9061 9006 -1
9006 8938 -1
2726 1249 -1
7816 5655 -1
9125 9103 -1
3933 2261 -1
4661 1945 -1
111 75 -1
36 13 -1
271 101 -1
389 116 -1
769 130 -1
1189 988 -1
476 309 -1
443 57 -1
1175 233 -1
1013 581 -1
1155 465 -1
1239 384 -1
1682 765 -1
507 282 -1
351 262 -1
1284 146 -1
1265 1104 -1
1425 869 -1
954 218 -1
1484 880 -1
527 189 -1
1685 959 -1
1128 686 -1
1925 328 -1
939 435 -1
1050 847 -1
1314 924 -1
1053 49 -1
2571 789 -1
2148 1433 -1
2591 1271 -1
1295 593 -1
593 192 -1
598 537 -1
1980 1408 -1
1721 935 -1
1799 76 -1
1295 593 -1
593 192 -1
2032 677 -1
1073 167 -1
1970 1193 -1
504 398 -1
2140 867 -1
2122 848 -1
910 155 -1
1523 450 -1
1282 824 -1
2459 734 -1
1887 468 -1
2008 605 -1
2377 1231 -1
1642 965 -1
2171 430 -1
2297 477 -1
3096 1833 -1
2448 498 -1
2228 1598 -1
2413 815 -1
1986 177 -1
3341 2346 -1
1957 532 -1
532 347 -1
1957 532 -1
532 347 -1
2340 930 -1
1887 468 -1
532 347 -1
1428 469 -1
2014 741 -1
2198 979 -1
1647 361 -1
2373 1607 -1
2096 1501 -1
1407 727 -1
1188 742 -1
2249 1528 -1
2759 1112 -1
2413 815 -1
2759 1112 -1
2749 1261 -1
1704 302 -1
2989 494 -1
2119 1041 -1
2459 734 -1
1936 85 -1
2387 1259 -1
2387 1259 -1
2827 983 -1
3268 1489 -1
3110 1491 -1
2336 884 -1
2464 1631 -1
3080 2909 -1
2053 179 -1
3349 3033 -1
1872 1257 -1
3019 1236 -1
3115 1931 -1
1078 475 -1
3304 1476 -1
747 726 -1
2984 917 -1
1870 766 -1
3433 2276 -1
1216 676 -1
1955 760 -1
3274 1987 -1
1628 1297 -1
3396 1505 -1
2364 1315 -1
1484 880 -1
2411 1504 -1
3998 3312 -1
3380 914 -1
3110 1491 -1
888 713 -1
1709 318 -1
603 504 -1
504 398 -1
3699 3103 -1
4381 4172 -1
3654 1293 -1
3520 2049 -1
4087 1619 -1
3943 1767 -1
744 469 -1
2984 917 -1
3480 2222 -1
3022 976 -1
1902 1480 -1
4261 3220 -1
3022 976 -1
4487 2923 -1
2775 1884 -1
4273 3087 -1
3349 3033 -1
4191 2665 -1
1502 249 -1
2756 1311 -1
3627 1529 -1
3707 3201 -1
3383 1950 -1
1950 1821 -1
4594 2944 -1
4496 1903 -1
4283 2605 -1
4673 2857 -1
4389 1052 -1
1769 1446 -1
4152 3440 -1
3982 3806 -1
3691 1417 -1
3451 1081 -1
3491 2194 -1
3181 2337 -1
3274 1987 -1
5069 1548 -1
4754 452 -1
3601 2545 -1
3251 2469 -1
4883 3526 -1
5244 2392 -1
5256 1058 -1
4594 2944 -1
4772 2347 -1
5407 2497 -1
5036 3027 -1
4318 3447 -1
5324 3747 -1
4571 3831 -1
4870 3006 -1
3480 2222 -1
5236 2216 -1
5594 1599 -1
5149 2895 -1
5341 5201 -1
2528 1148 -1
3674 2574 -1
4552 1775 -1
5032 3284 -1
4552 1775 -1
5030 1320 -1
4808 3345 -1
3344 2213 -1
4914 1891 -1
1891 933 -1
540 11 -1
5418 5016 -1
3331 1374 -1
3507 413 -1
5335 2358 -1
5318 4012 -1
4555 485 -1
5775 4980 -1
5775 4980 -1
4637 1593 -1
5213 4254 -1
4926 1068 -1
5792 4814 -1
4798 4093 -1
5970 5748 -1
5748 5089 -1
5089 4692 -1
5671 3463 -1
4414 2158 -1
5986 3965 -1
5522 4321 -1
5255 879 -1
5960 5188 -1
5860 4929 -1
5644 4741 -1
2591 1271 -1
3873 2100 -1
2633 1161 -1
1161 91 -1
5923 5749 -1
5085 4419 -1
4499 3061 -1
716 128 -1
5721 5225 -1
5721 5225 -1
5110 3147 -1
5119 4687 -1
4687 4422 -1
2882 265 -1
6583 5717 -1
6686 6142 -1
6707 5760 -1
5126 2754 -1
5010 1856 -1
3393 1652 -1
6658 5309 -1
5682 2779 -1
2779 352 -1
4795 3457 -1
5003 4589 -1
6150 4180 -1
5522 4321 -1
6017 6002 -1
7046 6206 -1
7025 6447 -1
1920 1770 -1
4045 693 -1
6543 4685 -1
6186 5210 -1
4574 2299 -1
630 17 -1
6126 4585 -1
5057 705 -1
705 278 -1
278 86 -1
844 245 -1
777 173 -1
6681 6392 -1
6084 4001 -1
4001 791 -1
5702 4259 -1
6669 6163 -1
6253 5701 -1
6977 6472 -1
5440 3689 -1
6971 4413 -1
2731 804 -1
6693 2113 -1
2113 457 -1
7346 1589 -1
5985 4392 -1
5930 4337 -1
4337 3563 -1
5985 4392 -1
7215 5933 -1
1484 880 -1
7356 7062 -1
6712 6419 -1
6644 6085 -1
7032 6924 -1
6574 4840 -1
7504 7177 -1
6580 6536 -1
5326 1430 -1
1265 1104 -1
6304 5838 -1
7203 3559 -1
3309 432 -1
1930 1862 -1
7467 1550 -1
6743 5409 -1
6387 4109 -1
3380 914 -1
7290 4982 -1
7709 7485 -1
7485 6698 -1
7223 5266 -1
1970 1193 -1
1925 328 -1
6805 4245 -1
4245 2324 -1
6048 4323 -1
4323 2372 -1
7884 4976 -1
6344 5538 -1
5538 3059 -1
6923 6600 -1
6116 3444 -1
7184 7121 -1
4598 2348 -1
3185 1312 -1
7162 6337 -1
5792 4814 -1
4719 2682 -1
6984 1643 -1
6322 2818 -1
5393 4301 -1
6861 5445 -1
7683 7552 -1
4854 488 -1
3730 1927 -1
7364 5369 -1
6322 2818 -1
7824 4821 -1
5662 5071 -1
5071 4365 -1
8078 7930 -1
6819 6456 -1
5798 4426 -1
6422 3111 -1
2528 1148 -1
8103 5159 -1
8169 6657 -1
7832 6531 -1
8234 6262 -1
6262 5947 -1
7473 7211 -1
7832 6531 -1
7031 6207 -1
6960 5177 -1
5177 3300 -1
7870 7773 -1
8005 7490 -1
5512 5135 -1
7286 6225 -1
6225 5831 -1
5939 5773 -1
3692 1322 -1
4765 3999 -1
7020 6352 -1
7996 7429 -1
6198 2037 -1
4854 488 -1
4320 2975 -1
4972 2332 -1
6116 3444 -1
6194 1905 -1
7223 5266 -1
7610 6848 -1
7233 6408 -1
8277 8147 -1
7765 7522 -1
7824 4821 -1
7039 6554 -1
7817 7635 -1
7635 6728 -1
3491 2194 -1
1423 903 -1
7493 6463 -1
6067 4711 -1
3435 854 -1
4870 3006 -1
3916 1784 -1
7787 7231 -1
8226 6395 -1
6917 5801 -1
7796 7430 -1
8405 8295 -1
7814 7723 -1
7879 7629 -1
7579 6818 -1
6818 5733 -1
5733 5017 -1
6680 4737 -1
7478 3235 -1
6999 5826 -1
7746 7594 -1
8207 7918 -1
8408 7904 -1
5588 323 -1
8441 8416 -1
5643 4724 -1
8111 7813 -1
4839 3781 -1
8111 7813 -1
7999 6978 -1
6978 4981 -1
921 264 -1
7184 7121 -1
6816 5680 -1
5680 4108 -1
7765 7522 -1
3701 1026 -1
6523 5815 -1
7600 7175 -1
7575 4334 -1
6801 5835 -1
5835 4622 -1
7362 7070 -1
6770 6663 -1
4591 3464 -1
6629 2467 -1
8502 8356 -1
6631 4934 -1
921 264 -1
8179 5044 -1
8154 6938 -1
8003 4492 -1
6404 4402 -1
5776 3303 -1
8225 7911 -1
8504 8425 -1
7939 7764 -1
7989 7696 -1
6096 5173 -1
8246 7705 -1
7705 7088 -1
6286 3663 -1
2709 1787 -1
8115 6882 -1
6882 5065 -1
6660 3460 -1
5072 3903 -1
5742 3903 -1
8393 7740 -1
7740 6384 -1
358 213 -1
6058 3842 -1
7833 7561 -1
7561 6058 -1
6058 3842 -1
7644 6769 -1
4926 1068 -1
8194 5346 -1
4488 1394 -1
8115 6882 -1
6882 5065 -1
6502 3104 -1
7616 1600 -1
1721 935 -1
7999 6978 -1
6978 4981 -1
6763 6177 -1
4767 2471 -1
1685 959 -1
8214 7068 -1
8214 7068 -1
7491 1466 -1
7772 5254 -1
7170 4362 -1
1886 947 -1
6323 3760 -1
4499 3061 -1
7989 7696 -1
5960 5188 -1
7740 6384 -1
7363 7277 -1
7277 6781 -1
6781 5553 -1
7970 7725 -1
8564 7373 -1
7373 3123 -1
8245 5058 -1
7396 1825 -1
1122 496 -1
1986 177 -1
6455 4297 -1
6195 5513 -1
8625 8518 -1
7591 7119 -1
8223 7578 -1
8428 5534 -1
4487 2923 -1
2225 807 -1
5993 4917 -1
3964 2245 -1
7474 6191 -1
6879 6097 -1
6097 4278 -1
7203 3559 -1
4256 2530 -1
8542 8431 -1
6883 4983 -1
4983 3240 -1
8078 7930 -1
3271 1238 -1
1238 399 -1
8711 7953 -1
7953 7820 -1
8642 7820 -1
7462 6931 -1
6931 4322 -1
6411 2326 -1
8083 7662 -1
6609 5667 -1
5667 5175 -1
4283 2605 -1
8019 6901 -1
6935 5329 -1
6709 5818 -1
8395 8203 -1
5615 4752 -1
2965 1798 -1
5616 3114 -1
8355 6369 -1
2090 668 -1
668 546 -1
7810 4757 -1
6863 3057 -1
8005 7490 -1
6082 4618 -1
4618 3207 -1
8106 7190 -1
7588 5857 -1
7249 3521 -1
3521 360 -1
1556 753 -1
8268 1837 -1
5384 3894 -1
3339 1867 -1
7601 5019 -1
7864 4431 -1
8755 8240 -1
7373 3123 -1
8183 7599 -1
8129 5006 -1
5006 3673 -1
8066 6492 -1
6492 4175 -1
8491 7073 -1
7073 5406 -1
1556 753 -1
4654 2409 -1
6732 3302 -1
7964 7481 -1
7481 2848 -1
8608 7806 -1
7504 7177 -1
2090 668 -1
668 546 -1
8152 8010 -1
8733 4724 -1
3393 1652 -1
7537 5920 -1
1753 858 -1
8321 6517 -1
8714 7919 -1
8693 4090 -1
8237 8014 -1
7875 7439 -1
5393 4301 -1
8549 7022 -1
7159 6925 -1
6091 5624 -1
7782 7260 -1
8542 8431 -1
2490 215 -1
8049 7227 -1
8790 6502 -1
6502 3104 -1
8790 6502 -1
6502 3104 -1
8654 7775 -1
7775 4905 -1
5251 3255 -1
1936 85 -1
8401 3397 -1
8498 7438 -1
8026 6990 -1
7698 1787 -1
8782 8439 -1
8439 8287 -1
8298 8199 -1
6537 6073 -1
5092 449 -1
8486 7711 -1
7905 7545 -1
7545 7007 -1
8524 6411 -1
6411 2326 -1
6802 2977 -1
7229 6408 -1
6155 342 -1
8115 6882 -1
6882 5065 -1
1940 1358 -1
8661 5450 -1
7920 6657 -1
8755 8240 -1
777 173 -1
7920 6657 -1
8711 7953 -1
7953 7820 -1
5751 4044 -1
4044 1328 -1
6189 5543 -1
8508 8357 -1
8357 7758 -1
8654 7775 -1
7775 4905 -1
6684 4392 -1
8809 8451 -1
8809 8451 -1
4892 3310 -1
8266 7328 -1
8149 6850 -1
6850 5554 -1
7180 6197 -1
1908 1190 -1
8881 1864 -1
8822 7915 -1
6644 6085 -1
8022 2739 -1
1574 297 -1
7841 7083 -1
7708 6021 -1
4953 1809 -1
8311 7557 -1
7557 6332 -1
6332 5264 -1
1885 148 -1
5166 2585 -1
4612 2403 -1
8701 8363 -1
8794 7351 -1
8909 8888 -1
8809 8451 -1
7715 6957 -1
6957 3751 -1
8397 8284 -1
2508 1468 -1
8493 7480 -1
7480 6571 -1
8272 2905 -1
5771 5229 -1
8720 8315 -1
7286 6225 -1
6225 5831 -1
8623 7053 -1
7628 6331 -1
5588 323 -1
8152 8010 -1
4907 3776 -1
7131 3577 -1
8517 7590 -1
8237 8014 -1
8830 8517 -1
8517 7590 -1
8818 6602 -1
6602 1516 -1
1516 1172 -1
8830 8517 -1
8517 7590 -1
5787 4169 -1
8412 5900 -1
8817 8691 -1
2607 1912 -1
8099 1280 -1
7921 7880 -1
7717 1046 -1
1647 361 -1
8818 6602 -1
6602 1516 -1
1516 1172 -1
4043 2430 -1
8226 6395 -1
6691 4431 -1
8935 8598 -1
8598 7855 -1
3810 1711 -1
8922 8707 -1
8707 8351 -1
8816 7603 -1
6710 6230 -1
8407 7812 -1
7812 7349 -1
7717 1046 -1
7502 6550 -1
8549 7022 -1
8569 8165 -1
8165 7822 -1
7822 7393 -1
3709 1717 -1
8007 6789 -1
6789 5578 -1
7111 1814 -1
7480 6571 -1
8944 8670 -1
7993 7678 -1
3709 1717 -1
2910 830 -1
8706 5075 -1
5075 578 -1
8749 8375 -1
8375 6971 -1
6971 4413 -1
8478 8142 -1
8142 7431 -1
6547 4096 -1
4096 1854 -1
8890 8691 -1
8225 7911 -1
8188 1814 -1
8465 8334 -1
8745 8076 -1
4846 2244 -1
7715 6957 -1
6957 3751 -1
4446 1804 -1
1162 662 -1
2053 179 -1
8833 8581 -1
7459 6592 -1
7377 4781 -1
7025 6447 -1
8904 8806 -1
8042 7753 -1
8543 7357 -1
7357 6690 -1
7821 6768 -1
6768 5868 -1
7592 6025 -1
8508 8357 -1
8357 7758 -1
8811 8107 -1
1628 1297 -1
7123 4194 -1
4469 2727 -1
8449 6754 -1
6754 6429 -1
5000 4137 -1
8887 5534 -1
6861 5445 -1
8944 8670 -1
8967 6377 -1
6377 3328 -1
6702 6043 -1
6043 4788 -1
4788 3746 -1
8998 8017 -1
8017 6513 -1
1119 796 -1
8123 7535 -1
8312 7806 -1
8040 4865 -1
8985 8806 -1
2733 2509 -1
6506 5177 -1
5177 3300 -1
4328 486 -1
5202 1574 -1
1574 297 -1
2795 521 -1
3966 2357 -1
7550 6696 -1
6696 5710 -1
6093 5105 -1
5105 4330 -1
4330 2181 -1
7765 7522 -1
3430 1530 -1
5940 3266 -1
5940 3266 -1
7256 4122 -1
3273 1075 -1
8998 8017 -1
8017 6513 -1
7823 6782 -1
8963 8506 -1
8506 7213 -1
8690 3291 -1
8406 7894 -1
7894 7871 -1
7657 4857 -1
4857 3076 -1
8857 8398 -1
8620 5353 -1
5353 3050 -1
5322 4323 -1
4323 2372 -1
7841 7083 -1
5929 4862 -1
5003 4589 -1
7342 5562 -1
7031 6207 -1
9010 8795 -1
8795 8215 -1
8215 8094 -1
7327 6401 -1
6072 4274 -1
8500 8172 -1
7610 6848 -1
9057 9029 -1
9050 8758 -1
8133 5198 -1
8963 8506 -1
8506 7213 -1
7550 6696 -1
6696 5710 -1
7209 6450 -1
8569 8165 -1
8165 7822 -1
7822 7393 -1
2931 1722 -1
8836 8791 -1
1696 404 -1
8387 8303 -1
8164 5351 -1
4612 2403 -1
5407 2497 -1
2607 1912 -1
8910 8754 -1
8754 8747 -1
8465 8334 -1
9082 8766 -1
1808 1140 -1
8449 6754 -1
6754 6429 -1
8817 8691 -1
8930 8649 -1
8649 8191 -1
8191 7529 -1
8876 8592 -1
8112 7703 -1
7775 4905 -1
8246 7705 -1
7705 7088 -1
4920 3604 -1
9085 8987 -1
7779 7526 -1
8225 7911 -1
4798 4093 -1
8508 8357 -1
8357 7758 -1
5207 4114 -1
6115 4216 -1
4216 1745 -1
8558 6432 -1
3096 1833 -1
7355 6437 -1
9093 9054 -1
8357 7758 -1
9017 8968 -1
9093 9054 -1
8335 5941 -1
9098 9042 -1
6996 6060 -1
3271 1238 -1
1238 399 -1
5149 2895 -1
3161 868 -1
3096 1833 -1
2176 1025 -1
4778 2351 -1
9108 9002 -1
8725 8273 -1
1684 1151 -1
8630 8613 -1
4190 1249 -1
9093 9054 -1
9093 9054 -1
8341 4448 -1
1647 361 -1
9077 9014 -1
9014 8920 -1
6090 6010 -1
8169 6657 -1
9098 9042 -1
8515 6638 -1
6638 4596 -1
8421 6367 -1
9099 9062 -1
1992 590 -1
8777 8573 -1
8573 8532 -1
8742 8093 -1
8881 1864 -1
9108 9002 -1
8610 7679 -1
8906 8734 -1
8734 8107 -1
9085 8987 -1
3933 2261 -1
5002 1542 -1
1542 640 -1
8655 8497 -1
4134 2538 -1
9078 8853 -1
8853 8309 -1
5721 5225 -1
3715 2788 -1
9022 7975 -1
9122 5978 -1
5978 431 -1
6377 3328 -1
8619 7785 -1
7785 7013 -1
7889 7030 -1
7030 5332 -1
5332 4234 -1
3336 1432 -1
7339 6717 -1
9083 1637 -1
3383 1950 -1
1950 1821 -1
8086 7579 -1
7579 6818 -1
6818 5733 -1
5733 5017 -1
9092 7767 -1
5751 4044 -1
4044 1328 -1
5373 4707 -1
9131 9104 -1
9104 9055 -1
9055 9003 -1
6093 5105 -1
5105 4330 -1
4330 2181 -1
3850 3773 -1
9132 8107 -1
2340 930 -1
9021 5750 -1
5750 5314 -1
9056 8849 -1
8849 8596 -1
9135 8132 -1
8132 5348 -1
5326 1430 -1
8106 7190 -1
8976 7228 -1
8504 8425 -1
6288 5217 -1
8973 8959 -1
9135 8132 -1
8132 5348 -1
7574 6093 -1
6093 5105 -1
5105 4330 -1
4330 2181 -1
7336 5000 -1
5000 4137 -1
9135 8132 -1
8132 5348 -1
6102 787 -1
6028 3927 -1
8970 8772 -1
8772 8765 -1
3268 1489 -1
8246 7705 -1
7705 7088 -1
5163 2670 -1
9021 5750 -1
5750 5314 -1
7572 2452 -1
7938 7496 -1
8900 8384 -1
8384 7125 -1
4827 136 -1
7853 6573 -1
6573 3976 -1
3976 1188 -1
1188 742 -1
7470 6670 -1
6670 3725 -1
8830 8517 -1
8517 7590 -1
8169 6657 -1
7387 5450 -1
8816 7603 -1
8212 7207 -1
8982 6933 -1
3933 2261 -1
3759 678 -1
9126 8994 -1
8994 7803 -1
7803 6210 -1
7816 5655 -1
8912 4564 -1
9100 9017 -1
9017 8968 -1
9081 9016 -1
9138 9071 -1
8882 8636 -1
9138 9071 -1
3778 595 -1
8642 7820 -1
8868 8864 -1
7695 7157 -1
5182 4230 -1
5593 2994 -1
8957 8826 -1
8826 8285 -1
8285 8085 -1
9087 8873 -1
2384 2065 -1
7616 1600 -1
2373 1607 -1
8625 8518 -1
8895 5726 -1
7193 2182 -1
8664 7952 -1
9140 9018 -1
9018 8868 -1
8868 8864 -1
9147 3552 -1
3552 971 -1
6377 3328 -1
8619 7785 -1
7785 7013 -1
8605 8346 -1
8346 6577 -1
7319 7065 -1
3759 678 -1
3734 946 -1
8529 8163 -1
8163 7867 -1
9030 6114 -1
6114 4443 -1
8978 8290 -1
8290 7129 -1
7339 6717 -1
7073 5406 -1
6402 3830 -1
8481 6366 -1
9060 8973 -1
8973 8959 -1
9153 9137 -1
9137 9079 -1
9079 8989 -1
8989 8893 -1
8893 8680 -1
8680 7941 -1
9158 9155 -1
9158 9155 -1
6297 5179 -1
8108 1183 -1
6105 5622 -1
5622 1399 -1
9162 8829 -1
8829 6562 -1
9157 7808 -1
7808 6562 -1
2715 2461 -1
9064 2906 -1
2906 1611 -1
8622 6353 -1
9164 5774 -1
5774 5697 -1
6031 5124 -1
6160 5354 -1
8531 3620 -1
8521 8074 -1
8074 5204 -1
5204 1036 -1
8475 8220 -1
8220 7721 -1
8245 5058 -1
7743 5257 -1
4532 2088 -1
7193 2182 -1
8709 8551 -1
8551 8161 -1
8161 6628 -1
6628 5276 -1
8971 8611 -1
8611 7612 -1
6221 1051 -1
9166 1579 -1
1579 608 -1
9091 8829 -1
8829 6562 -1
9166 1579 -1
1579 608 -1
9168 2053 -1
2053 179 -1
8052 5319 -1
5319 3390 -1
1 0 1
5 2 1
7 3 1
10 0 1
8 2 1
16 9 1
4 3 1
17 1 1
7 2 1
11 6 1
22 9 1
12 2 1
28 0 1
30 6 1
24 18 1
39 4 1
27 4 1
49 1 1
19 18 1
54 48 1
33 15 1
25 23 1
41 25 1
45 4 1
47 18 1
51 46 1
58 25 1
40 12 1
52 42 1
56 19 1
77 62 1
65 21 1
67 11 1
84 80 1
78 43 1
66 29 1
94 28 1
43 26 1
86 59 1
93 40 1
81 14 1
77 13 1
71 29 1
75 5 1
78 46 1
35 32 1
98 63 1
83 34 1
47 23 1
72 31 1
117 4 1
121 108 1
119 115 1
106 15 1
103 37 1
105 22 1
48 37 1
131 73 1
140 0 1
90 14 1
113 0 1
92 25 1
68 13 1
162 35 1
99 71 1
100 31 1
160 9 1
87 38 1
166 158 1
82 60 1
166 110 1
137 52 1
123 11 1
189 179 1
175 72 1
181 43 1
170 62 1
125 20 1
198 76 1
206 23 1
188 103 1
165 51 1
74 53 1
214 191 1
182 104 1
73 44 1
213 110 1
180 80 1
209 35 1
126 88 1
154 46 1
156 64 1
233 26 1
141 126 1
124 15 1
241 141 1
190 1 1
215 24 1
248 243 1
224 118 1
184 139 1
164 153 1
264 60 1
276 5 1
193 125 1
273 20 1
202 178 1
123 68 1
235 115 1
287 142 1
288 152 1
157 95 1
187 13 1
198 119 1
228 159 1
128 101 1
173 137 1
298 47 1
225 196 1
285 108 1
225 102 1
258 90 1
200 76 1
203 34 1
151 132 1
279 92 1
199 163 1
295 48 1
116 34 1
196 107 1
327 237 1
304 32 1
325 16 1
232 132 1
238 14 1
333 15 1
338 20 1
314 82 1
318 183 1
256 121 1
286 220 1
349 99 1
148 74 1
322 301 1
345 130 1
355 281 1
382 127 1
277 129 1
240 106 1
176 171 1
380 319 1
177 63 1
239 144 1
381 8 1
393 34 1
369 21 1
207 100 1
296 133 1
292 107 1
134 72 1
330 102 1
150 38 1
423 172 1
424 164 1
409 210 1
141 96 1
269 230 1
386 21 1
415 22 1
291 85 1
440 258 1
215 122 1
195 61 1
275 217 1
403 187 1
227 38 1
441 293 1
377 250 1
394 136 1
453 3 1
456 33 1
316 16 1
442 293 1
412 21 1
211 169 1
467 89 1
464 251 1
261 96 1
374 149 1
478 400 1
383 372 1
431 97 1
371 284 1
332 322 1
130 44 1
296 4 1
287 89 1
267 121 1
291 253 1
350 70 1
418 334 1
367 212 1
274 134 1
494 61 1
500 169 1
505 53 1
412 20 1
392 304 1
485 197 1
348 87 1
433 132 1
368 80 1
421 311 1
303 165 1
483 19 1
411 72 1
489 95 1
428 247 1
253 133 1
390 144 1
452 171 1
519 195 1
254 236 1
400 205 1
339 294 1
411 373 1
474 100 1
404 147 1
535 104 1
204 97 1
497 189 1
516 305 1
406 304 1
174 76 1
289 101 1
439 39 1
548 29 1
539 467 1
473 211 1
375 370 1
364 216 1
191 166 1
460 6 1
572 288 1
223 161 1
514 268 1
404 30 1
481 416 1
580 157 1
531 252 1
530 70 1
229 97 1
365 112 1
147 118 1
342 303 1
582 73 1
471 460 1
354 142 1
608 163 1
613 33 1
401 297 1
607 329 1
475 185 1
563 44 1
337 219 1
583 63 1
457 143 1
335 156 1
537 145 1
628 237 1
467 57 1
416 249 1
388 259 1
341 138 1
604 153 1
602 451 1
343 216 1
435 163 1
445 331 1
643 211 1
623 365 1
458 186 1
611 54 1
337 270 1
336 255 1
455 91 1
654 167 1
346 118 1
567 224 1
588 122 1
658 127 1
461 305 1
557 277 1
631 79 1
262 79 1
533 291 1
450 146 1
674 342 1
671 44 1
648 437 1
172 152 1
479 302 1
620 438 1
470 274 1
382 331 1
619 253 1
667 218 1
594 64 1
451 340 1
633 550 1
703 42 1
542 218 1
700 208 1
402 61 1
711 313 1
592 556 1
717 182 1
641 14 1
575 219 1
576 64 1
420 79 1
719 414 1
515 44 1
575 88 1
560 100 1
545 20 1
704 568 1
534 363 1
680 312 1
307 87 1
685 650 1
547 283 1
245 205 1
159 155 1
676 186 1
506 300 1
323 266 1
344 232 1
587 134 1
313 262 1
657 82 1
704 144 1
554 326 1
719 428 1
635 32 1
687 231 1
517 359 1
759 444 1
634 257 1
525 305 1
559 65 1
718 184 1
577 308 1
738 323 1
714 349 1
320 235 1
521 355 1
561 368 1
733 177 1
226 79 1
445 242 1
786 98 1
595 255 1
513 249 1
670 61 1
622 355 1
419 181 1
677 53 1
683 214 1
673 57 1
490 217 1
775 157 1
610 157 1
621 488 1
722 490 1
763 256 1
649 148 1
482 88 1
725 143 1
514 502 1
688 91 1
621 491 1
444 235 1
503 147 1
810 280 1
601 66 1
708 97 1
399 255 1
459 360 1
839 317 1
784 306 1
596 387 1
589 178 1
466 370 1
684 493 1
649 52 1
768 609 1
550 538 1
434 281 1
618 261 1
813 562 1
626 151 1
761 470 1
627 577 1
554 526 1
862 625 1
584 480 1
660 458 1
811 427 1
546 432 1
826 500 1
659 353 1
842 780 1
855 779 1
829 395 1
551 38 1
860 147 1
655 102 1
881 326 1
518 390 1
376 290 1
430 263 1
651 495 1
743 487 1
617 311 1
828 319 1
590 361 1
770 266 1
817 522 1
820 266 1
877 230 1
891 142 1
691 265 1
754 591 1
884 362 1
889 466 1
846 139 1
324 162 1
695 642 1
461 192 1
833 792 1
612 188 1
834 112 1
871 385 1
486 297 1
780 139 1
805 720 1
476 176 1
885 336 1
599 324 1
852 459 1
909 640 1
857 370 1
352 114 1
729 290 1
581 300 1
904 343 1
883 146 1
833 228 1
882 42 1
836 319 1
919 913 1
931 866 1
729 724 1
740 449 1
945 136 1
819 194 1
407 268 1
653 574 1
479 326 1
366 155 1
958 683 1
758 544 1
696 645 1
951 890 1
749 646 1
723 79 1
614 280 1
932 426 1
856 760 1
359 208 1
753 251 1
736 429 1
524 438 1
783 299 1
629 579 1
980 151 1
410 354 1
897 114 1
967 585 1
900 427 1
1016 112 1
1008 541 1
605 491 1
328 153 1
1015 227 1
826 767 1
670 436 1
577 447 1
984 861 1
698 363 1
793 638 1
898 534 1
953 259 1
1026 754 1
731 694 1
516 280 1
999 143 1
637 161 1
841 320 1
1061 466 1
697 242 1
1062 552 1
742 413 1
771 437 1
865 669 1
948 606 1
477 354 1
934 794 1
706 663 1
850 269 1
1074 350 1
387 383 1
384 171 1
793 124 1
986 385 1
973 569 1
590 417 1
675 383 1
690 469 1
419 257 1
948 397 1
310 197 1
1101 321 1
912 270 1
929 371 1
825 186 1
650 300 1
1043 299 1
947 642 1
887 495 1
814 272 1
949 207 1
781 629 1
1076 486 1
1017 60 1
957 735 1
1100 180 1
827 495 1
1049 138 1
1091 53 1
1028 306 1
1139 283 1
1002 555 1
920 665 1
721 331 1
655 161 1
1098 520 1
784 410 1
1042 168 1
956 102 1
977 259 1
1102 343 1
1059 1003 1
1167 768 1
972 109 1
1093 220 1
573 346 1
475 261 1
1141 817 1
1012 244 1
803 417 1
715 26 1
840 234 1
731 109 1
571 226 1
991 634 1
1145 359 1
821 632 1
1102 712 1
1056 136 1
894 204 1
1204 272 1
1190 93 1
782 656 1
564 222 1
928 389 1
599 170 1
1111 197 1
1186 159 1
470 168 1
696 183 1
1114 520 1
1135 129 1
899 150 1
995 438 1
650 244 1
876 563 1
1132 405 1
916 831 1
904 886 1
908 484 1
1223 126 1
795 555 1
1127 624 1
1210 512 1
687 581 1
940 829 1
1120 301 1
1157 220 1
1084 692 1
1066 822 1
893 778 1
790 408 1
1147 272 1
789 243 1
1035 562 1
896 207 1
1203 655 1
950 651 1
1227 699 1
701 571 1
1241 902 1
1031 1024 1
1143 180 1
870 772 1
1276 464 1
1088 953 1
1152 234 1
943 782 1
1064 512 1
640 329 1
817 129 1
1050 210 1
1279 244 1
1106 626 1
1206 547 1
1302 1096 1
1130 174 1
1010 283 1
1292 895 1
1156 935 1
865 299 1
1263 998 1
876 257 1
1201 678 1
1097 1033 1
932 707 1
1110 501 1
1126 397 1
357 218 1
798 388 1
397 197 1
1321 558 1
1313 824 1
878 804 1
1085 762 1
1220 170 1
872 636 1
1323 802 1
1245 822 1
1230 960 1
1071 819 1
1237 145 1
1105 709 1
1269 835 1
1181 832 1
625 624 1
1268 241 1
861 531 1
1331 997 1
951 923 1
1187 1153 1
827 682 1
988 919 1
739 651 1
848 605 1
1350 794 1
1251 1212 1
1214 613 1
1060 275 1
966 615 1
1093 925 1
778 252 1
1024 332 1
941 307 1
306 262 1
418 408 1
1336 270 1
538 385 1
1368 814 1
568 524 1
1134 868 1
1089 879 1
1091 263 1
741 498 1
995 752 1
971 698 1
1131 57 1
659 450 1
964 143 1
1030 346 1
1006 757 1
1354 609 1
1232 838 1
1140 542 1
960 216 1
1376 427 1
1339 173 1
1281 104 1
1270 1021 1
1009 446 1
1301 589 1
1366 197 1
1218 1014 1
1298 365 1
1397 1286 1
1232 455 1
947 559 1
1264 1094 1
1246 317 1
1404 349 1
1357 38 1
1146 718 1
1257 1115 1
1399 558 1
1063 863 1
1244 402 1
765 658 1
734 681 1
870 750 1
689 465 1
1367 1247 1
1277 632 1
1003 799 1
1391 960 1
1029 348 1
1374 1006 1
946 321 1
409 307 1
1200 446 1
727 647 1
1118 684 1
1179 457 1
1252 529 1
1248 496 1
1121 756 1
1107 1060 1
729 647 1
1032 205 1
1153 666 1
1236 312 1
1109 699 1
1255 858 1
966 422 1
1242 334 1
1392 520 1
1038 873 1
1304 186 1
1195 811 1
1304 992 1
1308 375 1
1419 1240 1
1322 112 1
906 796 1
1182 138 1
1463 672 1
1245 809 1
1467 152 1
790 785 1
981 510 1
1345 242 1
1447 142 1
1441 202 1
930 138 1
1285 331 1
1095 632 1
1219 247 1
1421 263 1
1383 1191 1
1459 957 1
1352 70 1
1359 139 1
709 616 1
1229 799 1
1490 1288 1
863 755 1
1094 1011 1
969 736 1
1037 490 1
1446 1431 1
1289 854 1
763 426 1
1504 378 1
1105 955 1
739 642 1
982 758 1
1272 1089 1
1262 922 1
776 219 1
1381 859 1
1048 398 1
853 210 1
873 356 1
1137 859 1
1438 692 1
1522 1421 1
990 299 1
1533 818 1
1325 878 1
713 501 1
706 550 1
1328 937 1
1113 432 1
1534 918 1
1477 663 1
1222 236 1
981 658 1
244 164 1
1129 1072 1
601 578 1
1370 543 1
1194 526 1
1205 422 1
1025 994 1
1394 905 1
989 749 1
781 429 1
1547 785 1
1466 583 1
1541 612 1
528 480 1
1409 362 1
1567 396 1
1386 1362 1
571 446 1
818 265 1
1271 275 1
1296 159 1
1336 299 1
1195 732 1
1402 638 1
1564 656 1
1559 1196 1
1393 1211 1
1454 715 1
997 327 1
1444 543 1
1183 1084 1
1580 172 1
1297 983 1
1221 672 1
1511 1181 1
1329 672 1
1599 911 1
1562 405 1
1133 962 1
1565 1113 1
1596 375 1
1059 1005 1
1250 553 1
1543 480 1
1524 845 1
878 549 1
1416 747 1
1437 436 1
959 845 1
831 678 1
1222 638 1
1609 482 1
1492 1205 1
1079 751 1
1225 308 1
1578 387 1
1226 614 1
1645 781 1
1586 222 1
1410 164 1
1496 220 1
1039 498 1
1655 1018 1
1651 673 1
1654 957 1
1612 897 1
1365 237 1
1369 347 1
1448 1114 1
908 681 1
1575 767 1
1458 616 1
1337 786 1
1208 1138 1
1324 252 1
1479 167 1
1518 692 1
1675 378 1
1636 698 1
1615 1323 1
1582 212 1
1445 648 1
1483 1450 1
1557 1103 1
1630 1165 1
1333 502 1
1440 827 1
1311 751 1
1520 994 1
1604 436 1
1544 535 1
1327 286 1
1468 234 1
1531 246 1
1577 138 1
1108 969 1
1702 333 1
1487 1387 1
1237 167 1
1514 737 1
1497 1406 1
892 788 1
868 864 1
1138 955 1
1291 737 1
1538 708 1
1258 988 1
1594 975 1
1251 1005 1
1209 872 1
1469 808 1
1716 356 1
1290 830 1
1317 928 1
1603 758 1
481 190 1
1570 1011 1
1676 1663 1
1551 114 1
975 743 1
1116 272 1
1692 553 1
1398 407 1
1461 863 1
1588 988 1
1509 1196 1
1597 693 1
1067 803 1
1593 1022 1
1457 1264 1
1585 1146 1
1669 750 1
1070 616 1
1762 690 1
1443 562 1
1372 752 1
1760 717 1
1722 624 1
1486 597 1
1165 664 1
1629 845 1
1664 1019 1
1456 327 1
1757 1678 1
1637 763 1
1800 451 1
1656 627 1
1495 1439 1
1310 1172 1
867 841 1
1634 1143 1
1801 682 1
1701 969 1
625 234 1
1341 1177 1
1420 152 1
1720 128 1
1535 626 1
1792 1393 1
1273 1235 1
1813 952 1
1207 251 1
1390 250 1
544 396 1
1625 885 1
1482 292 1
1811 242 1
1561 766 1
1243 570 1
1632 1546 1
1069 816 1
1465 510 1
1698 31 1
1641 906 1
867 614 1
1797 569 1
1729 973 1
1803 1004 1
1573 1337 1
1162 328 1
1351 251 1
1763 236 1
1515 27 1
1379 740 1
1213 487 1
1715 1707 1
1462 675 1
1667 730 1
1616 855 1
1096 1031 1
1826 203 1
1033 806 1
1611 310 1
963 745 1
1136 917 1
1103 510 1
1794 282 1
1144 513 1
1764 1569 1
1845 171 1
1492 688 1
1320 1278 1
1866 664 1
1396 556 1
1742 925 1
1036 578 1
1862 1777 1
1388 636 1
1508 979 1
1849 657 1
1387 961 1
1622 1343 1
1202 1023 1
1563 946 1
1699 463 1
1046 805 1
1661 1343 1
1442 722 1
553 152 1
1818 70 1
1873 440 1
1889 489 1
1869 254 1
1746 570 1
1824 1240 1
1668 520 1
1198 1170 1
1512 1505 1
1839 1090 1
1770 1099 1
1874 307 1
1385 1199 1
1623 762 1
1859 1334 1
948 732 1
1671 268 1
1894 1233 1
1689 1563 1
1863 911 1
1794 808 1
1840 60 1
1913 564 1
944 757 1
1796 1355 1
1648 1560 1
1620 1246 1
1483 1022 1
1539 107 1
1901 709 1
1898 1315 1
1592 1125 1
1638 1348 1
1506 1001 1
1644 788 1
1171 701 1
1754 358 1
1576 1184 1
1507 1341 1
1867 874 1
1884 653 1
1688 846 1
1673 263 1
1914 645 1
1658 1266 1
823 311 1
1944 851 1
1519 493 1
1876 821 1
942 552 1
1911 565 1
1209 1065 1
1755 816 1
1293 195 1
1526 531 1
1149 1072 1
1956 97 1
1681 936 1
1823 547 1
1843 1207 1
1536 750 1
1737 1023 1
1474 256 1
1962 1624 1
1430 1403 1
973 254 1
1879 1283 1
1948 646 1
854 812 1
1206 989 1
1827 890 1
1475 964 1
1968 1895 1
1498 1318 1
1974 1137 1
1967 565 1
1838 1125 1
1475 1291 1
1982 666 1
1008 585 1
1275 664 1
659 430 1
1065 885 1
1659 861 1
1436 449 1
1553 1174 1
1414 1142 1
1984 1810 1
843 243 1
1478 1353 1
755 565 1
1966 399 1
1774 1021 1
1997 1320 1
2003 1781 1
1278 993 1
1851 1215 1
1712 406 1
1991 1221 1
1427 756 1
1739 1169 1
1839 248 1
1632 1375 1
1247 497 1
883 522 1
1166 727 1
1979 735 1
1789 615 1
1776 832 1
1975 1662 1
1344 128 1
1472 1243 1
880 666 1
2000 259 1
2005 1192 1
1500 1184 1
1896 279 1
1937 1035 1
1710 207 1
1889 823 1
1156 442 1
2030 870 1
2033 937 1
1519 815 1
1963 802 1
1595 350 1
1832 1405 1
1511 468 1
1375 1307 1
1854 684 1
1752 510 1
1728 1518 1
1695 1194 1
1958 669 1
1993 1327 1
1730 45 1
1535 596 1
967 210 1
1820 488 1
1954 1262 1
2012 128 1
1816 1506 1
1309 1089 1
2027 362 1
1916 1424 1
1694 818 1
1806 1077 1
1864 1601 1
1094 1087 1
1619 279 1
1413 1018 1
1805 756 1
2034 367 1
2036 822 1
2062 339 1
2025 35 1
1935 1306 1
2040 114 1
2065 773 1
863 636 1
1927 294 1
2035 1793 1
2063 310 1
2055 17 1
2076 726 1
2071 795 1
1994 584 1
1815 393 1
1796 900 1
1918 636 1
1942 1020 1
1804 1027 1
2094 522 1
970 934 1
892 356 1
1939 429 1
2074 1389 1
1971 401 1
2101 1770 1
1788 1266 1
1755 791 1
2079 1187 1
2105 1498 1
1253 345 1
1442 1224 1
2093 892 1
2085 1450 1
1473 1253 1
1229 835 1
1473 569 1
1346 1171 1
874 805 1
2089 1660 1
2124 541 1
1971 1030 1
1640 1614 1
1602 155 1
2081 285 1
1659 185 1
1946 686 1
1648 195 1
2121 579 1
1481 1209 1
1718 809 1
2042 1877 1
2137 1300 1
1809 773 1
1572 379 1
1405 682 1
2138 851 1
1724 1460 1
1154 192 1
1379 317 1
2157 79 1
1639 222 1
2021 1520 1
1149 790 1
1719 1170 1
942 902 1
1745 1292 1
2110 1603 1
1372 837 1
1983 1490 1
930 700 1
2132 617 1
2009 1004 1
1783 1041 1
1121 816 1
2098 484 1
1822 1711 1
1627 1133 1
2167 696 1
2061 2020 1
1995 1537 1
1812 1334 1
1858 933 1
1250 869 1
1807 728 1
1373 1159 1
1576 1537 1
2190 1552 1
1381 1169 1
2181 715 1
1340 561 1
1605 1155 1
2194 807 1
1859 238 1
2037 59 1
1715 1470 1
2044 944 1
1686 1414 1
1670 1576 1
2072 1047 1
2029 1623 1
2088 1713 1
1931 1674 1
1892 787 1
1250 196 1
1998 1788 1
2005 479 1
2130 803 1
2068 1077 1
1174 502 1
2208 1445 1
1856 905 1
1123 783 1
1917 779 1
1731 1545 1
1904 1738 1
1985 1358 1
1112 568 1
1684 397 1
1788 1680 1
2160 773 1
1924 691 1
1899 1880 1
2023 555 1
1280 1003 1
2231 367 1
1816 602 1
2223 1650 1
2166 1700 1
2248 761 1
2047 1442 1
2213 459 1
1097 1023 1
1978 1945 1
1848 1724 1
2196 1451 1
1142 798 1
1306 1168 1
1252 501 1
2245 2019 1
2125 1698 1
2073 1743 1
1867 1180 1
2211 2174 1
1734 1058 1
1014 334 1
1960 1493 1
2108 2056 1
2185 1067 1
2271 2246 1
2219 407 1
2156 2091 1
2259 1979 1
2205 1748 1
1193 1048 1
1786 1307 1
1243 794 1
2080 322 1
2017 1705 1
2066 728 1
2021 1261 1
2150 246 1
1383 774 1
2215 1212 1
1051 1020 1
1871 734 1
1662 617 1
2293 363 1
2106 1310 1
1433 1292 1
2024 898 1
1552 1124 1
2277 1795 1
1626 1525 1
2234 1748 1
2187 145 1
1470 1303 1
2084 691 1
1842 738 1
2026 332 1
1606 837 1
2289 1342 1
1714 465 1
2309 774 1
1621 1178 1
2116 1517 1
2266 1163 1
2007 1486 1
1321 972 1
1231 782 1
2164 555 1
2315 922 1
1747 1494 1
2331 1570 1
2332 835 1
2333 942 1
1617 272 1
1909 1044 1
2168 639 1
1732 435 1
1395 1240 1
1176 389 1
2139 1335 1
2004 1708 1
2287 1783 1
2083 894 1
1841 1778 1
1683 707 1
2292 2203 1
1560 1530 1
2070 594 1
856 690 1
1928 866 1
2018 1184 1
2200 181 1
2161 1734 1
2327 199 1
2366 1694 1
2274 585 1
2269 257 1
1703 1566 1
1879 1034 1
2353 1736 1
1798 1751 1
2170 1802 1
1835 512 1
2172 1665 1
2002 414 1
1815 1691 1
2155 606 1
2342 344 1
1635 828 1
2162 755 1
1938 320 1
2397 1080 1
2126 1128 1
2019 507 1
1575 1529 1
2371 1605 1
1217 963 1
2415 1929 1
2329 1417 1
2221 1906 1
2424 1726 1
2105 1426 1
1791 463 1
1622 1300 1
2381 1768 1
2295 1660 1
2083 2024 1
2390 1253 1
2235 523 1
2305 745 1
1863 1734 1
1267 807 1
2086 584 1
2408 584 1
1524 177 1
1555 202 1
2456 266 1
1790 609 1
2446 1802 1
1713 1108 1
1363 727 1
2136 606 1
2257 1071 1
1742 1437 1
2206 2103 1
1969 1303 1
1988 1969 1
2414 2064 1
2218 1712 1
1793 1081 1
2165 898 1
2393 1650 1
2485 279 1
1610 1163 1
2391 1933 1
1521 395 1
2457 2192 1
2109 1249 1
2322 1765 1
1932 1178 1
2112 665 1
2242 1708 1
1519 1409 1
2443 1040 1
2133 1641 1
2365 1808 1
2300 236 1
2493 691 1
1771 1294 1
1414 1294 1
1610 804 1
2232 1965 1
2401 1890 1
1868 1784 1
1691 929 1
2265 1104 1
2409 1764 1
931 435 1
2514 669 1
2363 901 1
2253 597 1
2117 168 1
2503 1274 1
1499 666 1
2488 2147 1
2405 2046 1
2447 231 1
1833 751 1
1772 318 1
2323 360 1
1736 799 1
1972 1047 1
2118 858 1
2060 1789 1
2232 2224 1
2507 1497 1
2478 1290 1
2382 1378 1
2555 1713 1
1850 1703 1
2434 1306 1
1666 1083 1
2273 1214 1
2428 855 1
2453 1643 1
2243 2087 1
2550 178 1
2539 2338 1
2091 1032 1
2522 224 1
2506 837 1
2356 2178 1
2579 576 1
2242 1378 1
2536 1318 1
2587 1548 1
1451 768 1
1878 395 1
2352 899 1
2284 796 1
2569 517 1
2586 1107 1
2343 850 1
2534 136 1
2175 1138 1
2139 1408 1
2020 1723 1
1560 1521 1
2554 1124 1
2357 1348 1
1561 965 1
2451 1506 1
2321 1759 1
2605 2548 1
2052 422 1
2553 2289 1
2581 1391 1
2299 724 1
2251 1940 1
2426 2080 1
2116 760 1
1758 1581 1
2482 1687 1
2107 936 1
2527 70 1
2574 2349 1
2338 1773 1
2599 421 1
2345 786 1
2547 1316 1
2376 787 1
2375 2152 1
2479 2238 1
2326 341 1
2039 812 1
2082 840 1
2421 1639 1
2455 2400 1
2361 2075 1
2505 1981 1
2369 2153 1
2464 1215 1
2538 1362 1
1314 915 1
2628 1814 1
1778 1273 1
2621 340 1
2492 1759 1
2431 1617 1
1761 943 1
2226 1019 1
1303 1052 1
2307 422 1
2496 2487 1
2422 937 1
2064 1107 1
2330 1653 1
2022 349 1
1953 1780 1
2543 1280 1
923 597 1
1929 1255 1
2142 970 1
2640 656 1
2617 1852 1
2183 319 1
2626 915 1
2553 1703 1
2454 238 1
2172 1570 1
1814 772 1
2592 1010 1
1369 468 1
1779 1711 1
2588 1790 1
2480 1518 1
1235 915 1
2654 1077 1
2650 113 1
1456 1426 1
2114 968 1
2563 2521 1
2249 361 1
2641 376 1
2099 1448 1
2487 1768 1
2126 1453 1
1495 1365 1
2511 254 1
1717 362 1
2646 2327 1
1287 653 1
2576 2186 1
1132 1075 1
2386 1613 1
2582 1085 1
2282 2149 1
2491 1197 1
2629 1536 1
1942 1674 1
2232 1747 1
2658 1461 1
2476 665 1
2600 2374 1
2594 1555 1
1749 1695 1
2593 728 1
2069 1983 1
1424 369 1
2692 798 1
1490 1434 1
2395 396 1
2123 1278 1
1199 745 1
1743 1509 1
2452 2238 1
1594 200 1
2678 1749 1
2673 489 1
2703 840 1
2540 597 1
2529 122 1
2469 1559 1
2525 2305 1
2713 916 1
2661 1751 1
2281 1853 1
2630 1591 1
2123 1225 1
2440 2146 1
1968 309 1
2359 962 1
1023 629 1
2689 1960 1
2577 1353 1
2239 1294 1
2501 434 1
2230 243 1
2481 1855 1
1907 262 1
1267 442 1
2676 822 1
1545 664 1
2664 1044 1
2066 1475 1
2625 1693 1
2355 1343 1
1964 414 1
2295 1650 1
2717 388 1
2642 1063 1
2470 2099 1
2668 812 1
2467 903 1
2583 1585 1
1825 1581 1
2189 1915 1
2388 1562 1
1871 645 1
2604 484 1
2286 515 1
2398 1916 1
2512 1831 1
2603 556 1
2210 1710 1
1895 851 1
2472 1545 1
1738 537 1
2675 27 1
2720 2264 1
2516 1193 1
2737 1095 1
2609 2273 1
2486 246 1
2502 2009 1
1693 1476 1
2301 377 1
2533 1197 1
1723 1276 1
2302 585 1
2173 2070 1
2763 1170 1
2781 749 1
2762 1525 1
2718 2416 1
1233 1192 1
2719 1176 1
2757 1875 1
2584 968 1
2783 1460 1
1387 1104 1
2260 312 1
2614 1905 1
2449 2133 1
2693 109 1
1964 492 1
1659 1489 1
2310 1844 1
2797 1774 1
2536 2450 1
2796 2342 1
2619 2602 1
2770 636 1
2264 1843 1
2791 1018 1
2542 1655 1
2554 1566 1
2235 1785 1
2472 2350 1
2777 1976 1
2552 2214 1
1817 837 1
2461 968 1
2766 236 1
997 824 1
1781 1363 1
2686 1906 1
2262 405 1
2808 1514 1
2666 1638 1
2141 838 1
2644 2201 1
2174 1748 1
2722 2447 1
2742 1353 1
2048 944 1
2728 2144 1
2735 2724 1
2643 709 1
2465 449 1
2748 2414 1
2638 2462 1
1949 901 1
2709 85 1
1122 605 1
2154 2143 1
2822 612 1
2817 694 1
2789 1657 1
2835 231 1
2595 1228 1
2837 281 1
2324 837 1
2541 1099 1
2674 2159 1
2350 1385 1
2812 1217 1
2751 1401 1
2575 2337 1
2611 1635 1
2601 2416 1
2316 1817 1
2589 2335 1
2495 1660 1
2096 976 1
2840 1392 1
1860 1783 1
2846 1202 1
2858 2312 1
2834 985 1
2475 985 1
2392 93 1
2606 1880 1
1286 1217 1
2513 2275 1
2236 2188 1
2356 1587 1
2578 2403 1
2520 1446 1
2861 1573 1
2270 643 1
2774 1287 1
2718 2273 1
2708 1640 1
2107 528 1
2322 2060 1
2841 1430 1
2362 2070 1
2883 745 1
2199 1500 1
2843 2515 1
2672 1707 1
2784 372 1
2613 2103 1
2433 518 1
2283 461 1
2826 2317 1
2862 2270 1
2212 1932 1
2745 2544 1
2863 1097 1
2568 2471 1
1849 1340 1
2810 1817 1
2389 2188 1
2695 1587 1
2560 1174 1
2829 1217 1
2704 1342 1
2904 266 1
2894 2299 1
1708 889 1
1910 1847 1
2258 183 1
2738 2730 1
1937 407 1
2873 1697 1
2558 1795 1
2645 877 1
2849 240 1
1464 979 1
2406 1192 1
2696 1362 1
2924 1353 1
1431 1040 1
2928 2306 1
2701 2175 1
2925 1621 1
1259 1132 1
2930 2504 1
2772 1985 1
2918 2185 1
2199 2151 1
2312 1834 1
2074 1185 1
1619 1113 1
2567 2103 1
2743 2620 1
2451 2240 1
1880 1517 1
2498 1527 1
1776 1034 1
1116 779 1
2134 1687 1
2939 1021 1
2333 1834 1
2932 2799 1
2942 1009 1
2580 1507 1
2885 2406 1
2867 1851 1
2697 428 1
2201 502 1
2325 1990 1
2546 1046 1
2955 1227 1
2276 1930 1
2700 868 1
2916 1300 1
2789 2050 1
1977 1312 1
2807 2450 1
2564 2104 1
2637 949 1
2484 2480 1
2631 1096 1
2753 1982 1
2804 662 1
2839 2151 1
2711 2056 1
2865 269 1
2287 1169 1
2814 1406 1
2850 1228 1
2981 114 1
2046 1006 1
2979 1109 1
2864 1712 1
2313 2118 1
2807 864 1
2679 1752 1
2732 1909 1
2500 2473 1
2790 766 1
2707 986 1
2616 1912 1
2339 1476 1
2517 407 1
2515 702 1
1848 1631 1
2523 2463 1
2736 2151 1
2987 1478 1
2519 1068 1
2716 1290 1
2455 413 1
2898 2374 1
2339 747 1
2914 1413 1
2879 2013 1
2458 2425 1
2346 1549 1
2533 2204 1
2615 2435 1
2576 228 1
2695 2349 1
2774 2279 1
2015 510 1
2764 2405 1
2306 1676 1
2897 543 1
2710 1993 1
3042 1079 1
3040 1244 1
2567 2435 1
2627 1508 1
2632 1989 1
2938 2800 1
2209 802 1
3053 1183 1
2463 2351 1
2853 1213 1
2995 2056 1
2746 199 1
2767 1860 1
2889 1654 1
2854 1195 1
2741 1613 1
2920 2627 1
2410 1828 1
2784 2144 1
2782 982 1
3005 1694 1
2636 1772 1
2182 1861 1
2071 2039 1
3074 787 1
2747 2558 1
3075 1267 1
2951 2861 1
3008 2251 1
2940 2202 1
2393 2374 1
2638 2254 1
3062 1585 1
2129 1222 1
2886 1575 1
3039 1881 1
3007 2254 1
2811 936 1
2893 1953 1
3081 2263 1
3082 1791 1
2991 1180 1
2596 826 1
2272 1846 1
2917 1741 1
2436 2256 1
2497 1416 1
3048 379 1
2144 901 1
2773 2436 1
2619 2613 1
2535 1720 1
2147 1412 1
2197 544 1
2712 2068 1
2963 321 1
2702 77 1
3077 1494 1
2659 2551 1
3021 1640 1
2288 588 1
2842 2701 1
3116 1702 1
3004 1831 1
2677 1621 1
3118 2932 1
2561 1463 1
2917 812 1
2964 1909 1
2250 557 1
2845 2106 1
2905 2764 1
3028 835 1
2135 1033 1
2328 1631 1
2958 2199 1
3123 371 1
1726 926 1
3130 2045 1
2802 1688 1
1491 1368 1
3131 1380 1
2972 2950 1
3128 1744 1
1961 1752 1
2913 562 1
3086 2805 1
2663 1903 1
2133 1837 1
1915 512 1
3020 2317 1
2912 2320 1
2878 136 1
2798 2647 1
2868 1177 1
2825 2348 1
3015 648 1
2938 1679 1
1853 994 1
3012 1608 1
1992 1624 1
2524 2320 1
2526 1176 1
2278 2016 1
3132 944 1
3097 989 1
3156 1453 1
3165 1010 1
3168 2830 1
2844 1557 1
1890 911 1
2153 1248 1
3047 2066 1
2616 2445 1
2867 2833 1
3136 1953 1
1598 1073 1
2933 1726 1
2344 1620 1
2448 1563 1
3173 3088 1
1881 1270 1
3049 1228 1
2776 498 1
2568 1493 1
2959 1047 1
3107 1095 1
3170 2288 1
2570 2027 1
3180 2143 1
2874 967 1
3152 1724 1
3122 2518 1
2652 1640 1
2730 2682 1
2907 1536 1
3055 1627 1
2334 2246 1
2359 2355 1
3057 1211 1
2694 2435 1
3207 2970 1
3018 2282 1
3152 2180 1
3052 1430 1
2729 2079 1
2792 796 1
2985 1176 1
3213 663 1
3000 1966 1
2937 153 1
2969 2051 1
1611 1345 1
3044 2263 1
3158 2830 1
3162 1581 1
3190 1948 1
3234 2537 1
3224 1101 1
2986 1572 1
2649 1109 1
3196 1656 1
3024 2982 1
2946 2321 1
2818 1436 1
2634 1266 1
3109 2495 1
3141 2204 1
2700 2430 1
3147 530 1
3158 2690 1
2961 1051 1
2869 491 1
2608 2502 1
3240 2098 1
2965 961 1
2383 1339 1
3133 1177 1
3121 2100 1
3084 2524 1
1548 1008 1
3162 2632 1
2847 2622 1
2029 1952 1
2824 2685 1
2694 2685 1
3236 1283 1
3249 1004 1
3231 1632 1
2936 2504 1
2624 1910 1
3188 1399 1
3030 2826 1
2589 753 1
2801 2743 1
3050 1768 1
3164 1283 1
3244 2422 1
3002 1613 1
3157 1512 1
2549 1627 1
1678 1335 1
2948 2077 1
1781 830 1
3182 53 1
2729 1873 1
3091 2887 1
3208 2111 1
3193 193 1
3148 894 1
3013 1865 1
3002 976 1
2799 1090 1
3278 1688 1
2952 2622 1
2947 1761 1
3124 1719 1
1838 1571 1
2313 2129 1
3176 1068 1
3216 2889 1
3206 2022 1
2922 1640 1
2999 2178 1
3166 1218 1
2437 2360 1
3292 368 1
3269 2268 1
2980 2967 1
2681 2372 1
3106 1780 1
1853 854 1
2665 2149 1
2757 2277 1
3031 2173 1
3248 1403 1
2852 2023 1
3267 2420 1
3113 2078 1
2961 1283 1
3314 1695 1
3058 873 1
3230 1785 1
2765 2347 1
2582 1677 1
2816 2460 1
3288 2785 1
2136 1549 1
3324 2664 1
3153 2484 1
3134 1881 1
3296 2439 1
3279 2104 1
3327 1847 1
2962 2876 1
3250 1832 1
2996 1601 1
3137 2188 1
3310 2564 1
3253 1773 1
2460 1830 1
2597 2141 1
3095 1116 1
3112 1508 1
3149 487 1
2272 512 1
3254 660 1
3073 2647 1
3262 1403 1
3100 2268 1
3139 1976 1
3221 707 1
2656 1687 1
3317 1480 1
2891 2793 1
3003 1952 1
3300 2017 1
3323 2243 1
2976 2075 1
2974 2215 1
3099 2724 1
3351 2216 1
3036 1027 1
3293 2418 1
2780 1663 1
2949 914 1
1952 1080 1
2716 1191 1
3335 1144 1
3210 2427 1
3326 59 1
2997 285 1
3198 2747 1
2049 1902 1
3214 1527 1
2980 2772 1
3178 1298 1
1653 1193 1
2972 720 1
3056 455 1
3174 1864 1
3160 401 1
2941 2050 1
3305 2152 1
3150 3067 1
3333 1915 1
2798 2304 1
3303 488 1
3151 2919 1
2477 1182 1
3313 3109 1
3263 1866 1
2903 2379 1
2373 760 1
2848 400 1
2178 1552 1
3277 3129 1
3117 924 1
2611 1899 1
3391 2815 1
2992 2887 1
2740 1406 1
2707 2635 1
3225 1876 1
2823 1861 1
2556 1221 1
3138 472 1
1877 916 1
2557 105 1
3402 832 1
1617 1115 1
3129 2056 1
2744 1554 1
3317 1550 1
2908 823 1
3366 2423 1
3260 1919 1
2896 1928 1
3357 2669 1
3010 1994 1
3119 1470 1
3187 2358 1
3389 2360 1
2873 983 1
3429 1125 1
3387 3251 1
2657 850 1
2983 2460 1
3068 1761 1
2793 2725 1
3360 3137 1
3421 2407 1
3434 2153 1
3246 3169 1
2614 1262 1
3409 1079 1
3401 3213 1
2977 2712 1
3172 2666 1
2294 1591 1
3423 2651 1
1488 1228 1
2921 2152 1
2803 1597 1
2292 998 1
3051 2877 1
3139 1999 1
3090 1591 1
3448 1760 1
3418 2477 1
2966 2685 1
3445 2158 1
3155 2212 1
2983 2518 1
3439 2254 1
2680 1080 1
2648 1858 1
3438 85 1
2744 1861 1
3308 2785 1
3460 1310 1
3291 2654 1
2816 2412 1
3356 1148 1
2915 745 1
3473 1370 1
2900 2881 1
3001 2752 1
3328 1600 1
3340 2375 1
2031 1954 1
2945 2714 1
3223 1168 1
3369 2131 1
1810 1725 1
3255 2954 1
3204 2125 1
3468 1495 1
2916 1417 1
1767 1762 1
3159 463 1
3500 1589 1
3256 3168 1
3218 762 1
2933 914 1
3267 1657 1
3243 1594 1
3012 1046 1
3452 1612 1
2440 1765 1
2974 2929 1
2778 1844 1
3470 728 1
2899 1034 1
3061 1068 1
2909 179 1
3417 1665 1
2551 2095 1
3474 320 1
2045 1678 1
3454 3082 1
3227 2583 1
3400 2131 1
1852 1282 1
3478 2183 1
2857 1052 1
2813 1462 1
3016 2051 1
3347 2546 1
3505 1079 1
3090 2931 1
2521 378 1
3212 2690 1
2903 1485 1
3372 1790 1
3525 580 1
3203 2635 1
3332 1802 1
3528 230 1
2732 378 1
2765 1019 1
3531 2706 1
3548 1666 1
3527 2595 1
3462 2992 1
2570 2185 1
2159 1855 1
2994 2486 1
3493 2674 1
3285 1072 1
3426 1258 1
3295 1047 1
2927 1988 1
3371 1469 1
3558 2771 1
3515 1145 1
3477 665 1
3506 1432 1
3471 2927 1
3388 401 1
2045 1810 1
2967 2800 1
3298 1910 1
2864 2714 1
3142 1667 1
3379 637 1
3281 2256 1
3045 1135 1
2820 2651 1
2740 2439 1
3046 1211 1
3424 414 1
3483 1699 1
3416 1401 1
3241 3043 1
3578 687 1
2314 893 1
3343 2389 1
1976 1634 1
3228 2608 1
3574 2214 1
3114 2998 1
2177 1527 1
3143 1052 1
3472 1805 1
2625 1249 1
2135 1233 1
3510 1656 1
3566 2929 1
2513 1731 1
3361 2847 1
3420 2795 1
3580 3140 1
2131 1941 1
3067 2898 1
2954 2268 1
3359 2073 1
3065 3008 1
2585 1664 1
2216 918 1
3319 2648 1
3577 2659 1
3394 2739 1
2075 917 1
3623 1597 1
2990 1831 1
3172 3073 1
3242 2714 1
3562 2769 1
3456 1389 1
2488 2145 1
2778 2541 1
2318 2096 1
3647 2738 1
2049 1828 1
3229 992 1
3365 2780 1
3514 2 1
3070 2453 1
3487 3258 1
3272 3134 1
3554 2973 1
3389 2610 1
3226 2622 1
3307 1191 1
3644 3125 1
3511 2135 1
3283 2720 1
3632 1221 1
3659 1868 1
3358 1679 1
2078 1040 1
3613 3461 1
3581 2787 1
3342 1608 1
3499 2861 1
3425 1554 1
3586 671 1
3011 2184 1
3666 3502 1
3686 2069 1
3108 2115 1
2444 1408 1
3681 2422 1
3378 1281 1
3501 2342 1
3682 2061 1
3537 1830 1
3315 1198 1
3679 2186 1
2189 639 1
3340 1551 1
3610 2386 1
3353 2952 1
3278 2809 1
3680 3457 1
3635 2935 1
2298 1174 1
3101 1759 1
3667 2996 1
3459 2969 1
3700 1064 1
3489 2705 1
3199 1919 1
3706 1910 1
3658 2592 1
3591 3191 1
3698 2657 1
2819 1553 1
3079 1836 1
3633 402 1
3373 2135 1
3239 1320 1
3209 3072 1
3488 1219 1
3600 2381 1
3087 2271 1
3570 737 1
3306 1731 1
3482 2769 1
3411 2310 1
1945 1639 1
3722 2445 1
3497 2836 1
3167 1666 1
2391 983 1
3086 2960 1
1655 1652 1
2509 2180 1
3517 1288 1
3585 2240 1
3738 1693 1
3740 3186 1
3744 1860 1
3640 3622 1
1836 1778 1
2458 1439 1
3612 1178 1
3728 3072 1
3620 2344 1
3668 1080 1
3713 2809 1
2943 2610 1
2634 877 1
3618 1933 1
3761 1469 1
3752 2537 1
3229 3144 1
3414 3332 1
3450 992 1
3054 1895 1
3270 1290 1
3061 3025 1
3104 1164 1
2186 1088 1
2532 699 1
3684 1163 1
3001 2047 1
3522 2792 1
3157 2318 1
3652 2900 1
3536 2562 1
3142 2427 1
3463 2705 1
3744 2608 1
3624 3542 1
3265 2996 1
3545 2912 1
3261 3119 1
3787 2684 1
3284 2581 1
2768 773 1
3322 360 1
3782 879 1
3717 895 1
3671 3666 1
3660 2645 1
3719 564 1
3186 1027 1
3726 2114 1
3563 1608 1
3716 2243 1
3475 3395 1
3102 2966 1
3153 2876 1
3643 3150 1
2662 923 1
3805 1388 1
3397 807 1
3735 1496 1
3758 311 1
3372 694 1
3720 2278 1
3419 3266 1
3403 3337 1
1977 1784 1
3631 2801 1
3646 2551 1
3812 1831 1
3085 2112 1
3492 1779 1
3745 3462 1
3725 2805 1
3017 1389 1
2769 2727 1
3538 2095 1
3807 3107 1
3610 2154 1
3762 2407 1
3711 246 1
3060 2253 1
3254 3154 1
3820 317 1
3547 3045 1
3673 2036 1
3571 1837 1
3779 1697 1
2444 2420 1
3629 2484 1
3592 2773 1
3793 2552 1
2886 1589 1
3237 3068 1
3844 2013 1
3842 3701 1
3742 975 1
3696 1651 1
3407 2915 1
2662 1597 1
3219 2930 1
3780 840 1
3789 2637 1
3378 3353 1
3852 2227 1
2734 2510 1
3338 2893 1
3841 1978 1
3469 3116 1
3597 2535 1
3512 2301 1
3128 2836 1
3404 481 1
3553 2859 1
3849 792 1
3354 2292 1
3772 1744 1
3851 1894 1
3792 1875 1
3702 3650 1
3804 2062 1
2975 2651 1
3731 1228 1
3860 1269 1
3016 2734 1
3625 2205 1
3355 3348 1
3863 2048 1
3102 2745 1
3799 3361 1
3756 1961 1
3026 1851 1
3621 743 1
3864 1999 1
2301 1549 1
2111 1770 1
3771 2901 1
3583 1652 1
3840 2319 1
3676 3071 1
3786 2328 1
3247 2501 1
3690 2407 1
3628 1554 1
3775 2884 1
3809 998 1
3311 1517 1
3432 2154 1
3532 2322 1
3296 1445 1
3494 3338 1
3614 3060 1
3808 1185 1
3410 2934 1
3712 3235 1
2813 2706 1
3690 1847 1
3384 1989 1
2902 2734 1
3688 3553 1
3131 2513 1
2815 1164 1
3406 1600 1
2221 1759 1
3596 1318 1
3796 2866 1
3294 3263 1
3871 3513 1
3678 864 1
3687 2240 1
3189 1749 1
3370 2975 1
2311 1694 1
3041 2907 1
3821 1213 1
3607 2704 1
3887 2602 1
3490 1999 1
3594 1062 1
3876 3838 1
3906 3689 1
3888 105 1
3828 2928 1
3329 2114 1
3767 2805 1
3405 2545 1
3404 791 1
3704 2584 1
3288 2418 1
3543 1664 1
3171 1903 1
3819 1441 1
3276 1870 1
2851 1386 1
3929 3078 1
3675 2474 1
3312 3175 1
3835 808 1
3126 2780 1
3631 3376 1
3892 3524 1
3800 164 1
2935 2870 1
3911 2138 1
3502 543 1
3492 3436 1
3935 2704 1
3531 1733 1
3776 2510 1
3941 1233 1
3205 3055 1
3575 2852 1
3847 231 1
3874 2418 1
3178 1924 1
2227 2154 1
3444 809 1
3765 3680 1
3542 2494 1
3901 2742 1
3962 2412 1
3723 1996 1
3106 2531 1
2627 2222 1
3937 2987 1
3487 3163 1
3431 2662 1
3546 1679 1
3963 3282 1
3526 1643 1
2832 2244 1
3579 2266 1
3585 2177 1
3977 1557 1
3321 2982 1
3814 1668 1
3829 3515 1
2507 1683 1
3420 3256 1
3368 3041 1
3593 3314 1
3832 1828 1
3775 3697 1
3648 1280 1
3988 1534 1
3518 1412 1
3464 921 1
3931 756 1
3732 3542 1
2290 1961 1
3390 2811 1
3807 3453 1
3655 2973 1
3832 3549 1
3669 778 1
3385 377 1
4004 3743 1
3912 2415 1
4000 2179 1
3760 588 1
3059 2951 1
3985 3513 1
3834 2087 1
3175 1081 1
3896 582 1
4017 1488 1
2419 1933 1
3408 1733 1
3238 2106 1
3653 2870 1
4018 1352 1
3750 3626 1
3575 3475 1
3894 3619 1
3001 2425 1
3827 552 1
3862 3715 1
3813 2575 1
4009 3376 1
3609 3503 1
3718 2640 1
3589 1740 1
3413 2998 1
3753 2966 1
4019 3204 1
3606 2942 1
3582 2304 1
2545 2387 1
3923 3862 1
2360 2203 1
3291 3076 1
4006 2669 1
4038 3214 1
3529 1521 1
3592 3301 1
3436 2872 1
3037 504 1
3484 1311 1
4029 379 1
3587 3406 1
2683 2051 1
3184 2739 1
2923 1423 1
3510 3494 1
3399 2708 1
3865 2142 1
2825 2010 1
3721 3178 1
3746 3282 1
4027 1959 1
3963 3283 1
3955 2670 1
3999 1718 1
3670 3534 1
3898 2620 1
3859 931 1
3415 1211 1
4039 2881 1
3533 1987 1
3114 3089 1
3561 2379 1
3013 2884 1
3103 1657 1
3346 1212 1
3200 2765 1
4066 2531 1
3702 245 1
2419 2013 1
3848 379 1
3630 1441 1
4074 2610 1
3651 3446 1
3636 2753 1
3942 2170 1
4025 3227 1
3325 998 1
4079 2462 1
3784 3538 1
3642 2250 1
3919 2710 1
3934 3205 1
3995 1904 1
3287 903 1
3078 1240 1
3728 1906 1
3818 3348 1
4067 3672 1
3239 1767 1
3615 2973 1
3883 3180 1
4084 1699 1
3853 1951 1
3861 3231 1
4090 2648 1
3686 3403 1
2557 1744 1
2681 2367 1
2145 1629 1
3958 886 1
3459 1018 1
3736 3306 1
3682 3428 1
4063 2310 1
3506 2548 1
3920 2244 1
3764 3260 1
2902 2141 1
4070 3417 1
3830 2261 1
3241 1773 1
3677 1549 1
3877 438 1
3920 3033 1
3587 1308 1
4055 3595 1
4022 1287 1
3712 2192 1
3375 2859 1
3967 3945 1
3924 1972 1
3087 3069 1
3522 1401 1
3381 3027 1
3695 1912 1
4108 2214 1
2934 2891 1
3872 1143 1
4129 2022 1
3063 1549 1
3589 2358 1
3189 2457 1
1775 1664 1
3560 1629 1
3741 2510 1
3539 3302 1
4115 628 1
3897 3569 1
4089 3938 1
3791 1479 1
2832 2127 1
3547 2691 1
3895 3785 1
3064 1865 1
4104 1457 1
4126 2845 1
4067 1808 1
2934 1514 1
4125 3919 1
3973 2734 1
3605 3588 1
4028 2423 1
3979 940 1
3484 3186 1
2371 1269 1
4097 610 1
3557 1949 1
3726 3371 1
2859 2646 1
4046 2771 1
4159 3620 1
3826 3767 1
3755 3346 1
3524 2334 1
2911 1662 1
3907 3495 1
4136 3569 1
4133 2298 1
4174 3582 1
3177 2935 1
4146 3347 1
3959 1308 1
3533 2532 1
3693 2809 1
2656 2423 1
3259 2530 1
3088 2475 1
4016 2100 1
4051 3796 1
4175 2392 1
3489 2282 1
4164 1179 1
3503 3398 1
4177 2890 1
3179 1070 1
3881 541 1
4110 3985 1
4197 3825 1
4182 2279 1
4162 2735 1
3879 1876 1
4193 1373 1
4153 3527 1
3866 3199 1
3350 2535 1
3952 3428 1
4195 3151 1
3900 3127 1
2670 1846 1
4170 1397 1
4112 1555 1
3151 2658 1
4078 3040 1
4005 3942 1
3975 3031 1
4206 3400 1
4166 4048 1
3858 1949 1
3565 1875 1
4060 3677 1
2432 2109 1
3567 2584 1
4088 3363 1
3377 2934 1
3498 2073 1
3197 2134 1
4221 1275 1
4094 3956 1
3949 2681 1
4184 3613 1
4202 2290 1
3933 2787 1
4231 3743 1
4116 999 1
3297 2372 1
3788 3476 1
4219 1067 1
3802 2077 1
3878 3780 1
3169 1315 1
4226 3037 1
4081 2321 1
4238 3954 1
3987 2876 1
3843 2687 1
4189 2432 1
4223 3227 1
4163 2556 1
3971 3664 1
3374 1591 1
4114 1733 1
3839 1004 1
4141 3356 1
4209 3743 1
3887 3825 1
3604 3581 1
3927 2298 1
3362 1309 1
3392 2330 1
4234 3269 1
4102 1719 1
3947 940 1
3865 2908 1
3381 2920 1
3555 3260 1
3801 3065 1
3777 3635 1
3899 3838 1
4106 3891 1
4053 2070 1
4257 3566 1
4031 611 1
4188 4010 1
3986 246 1
3921 3353 1
3917 3184 1
4179 4171 1
4137 3531 1
3970 1670 1
4184 3217 1
4020 1626 1
3843 3639 1
3638 2572 1
4169 4128 1
4266 3051 1
3895 3868 1
3645 2160 1
4251 3479 1
4072 709 1
3990 3466 1
4204 2092 1
3783 3305 1
3771 2894 1
2754 1999 1
3392 3171 1
3602 3365 1
4272 2647 1
2927 933 1
4276 2968 1
3983 866 1
3661 1846 1
4211 4007 1
4050 3337 1
4286 2582 1
4138 3516 1
2957 2763 1
4149 1358 1
3747 2663 1
3969 3784 1
4250 2201 1
4160 3241 1
3798 3284 1
2968 2635 1
3024 2562 1
4113 4099 1
4295 2834 1
4297 3323 1
4258 4161 1
4222 749 1
4101 3099 1
3763 546 1
2870 1792 1
3980 3923 1
4075 3745 1
4068 3981 1
3739 879 1
4259 2217 1
4271 3609 1
3886 1401 1
2188 1082 1
4026 3961 1
3749 2261 1
3626 3177 1
4156 1892 1
3908 3365 1
3428 3020 1
3710 3111 1
4308 3981 1
4021 3685 1
3643 3469 1
4324 1674 1
3572 3154 1
4144 3308 1
4239 3643 1
3930 3352 1
4016 2210 1
4123 3121 1
4198 3526 1
4157 3069 1
3634 3042 1
4254 4064 1
4235 3422 1
3539 2238 1
3790 3209 1
4278 3545 1
2858 2857 1
3670 2714 1
3436 2562 1
4173 3453 1
4329 4187 1
4151 2757 1
3713 3546 1
4145 4071 1
4047 3649 1
4154 1088 1
4335 2320 1
4287 3898 1
4342 2432 1
4302 295 1
4350 3710 1
4348 4111 1
4353 2357 1
4326 4285 1
4312 3944 1
4327 2270 1
4284 749 1
3991 3918 1
3395 2474 1
4236 2959 1
4366 2192 1
4024 2895 1
3685 3582 1
3905 3641 1
3006 2825 1
4349 1439 1
4294 3884 1
3641 3584 1
4375 2661 1
4303 3361 1
3857 3580 1
4374 3530 1
4371 3576 1
4073 2787 1
4077 1938 1
3932 3813 1
3018 2239 1
3984 935 1
3655 3257 1
4057 3071 1
3833 2884 1
3989 3421 1
4020 3869 1
3276 2134 1
4040 3199 1
4233 2304 1
3824 3694 1
3960 3250 1
4408 4055 1
4242 1541 1
4407 420 1
4412 4192 1
3729 999 1
3951 3769 1
4352 4185 1
4376 3571 1
4332 3426 1
4404 3757 1
4264 2561 1
3745 2869 1
4025 3212 1
3733 3579 1
4260 4244 1
4206 1496 1
4269 1680 1
4415 4103 1
4317 3749 1
4160 3766 1
4101 3519 1
4427 1836 1
4425 582 1
4030 3220 1
4158 3584 1
4441 3467 1
4336 756 1
3595 3192 1
4443 1137 1
4409 2649 1
4008 3907 1
4346 1830 1
4433 2010 1
4431 3319 1
4384 4104 1
3915 2753 1
4385 3384 1
3934 2481 1
3992 3198 1
4322 2977 1
3739 2891 1
4120 4088 1
4395 3899 1
4456 2813 1
4002 3446 1
4109 3805 1
4459 190 1
4117 3871 1
3568 2146 1
4362 1966 1
3736 3559 1
4247 2220 1
4183 3801 1
4461 3911 1
4334 3144 1
4471 2904 1
4309 2991 1
3894 3257 1
4310 1987 1
4177 3724 1
3295 513 1
4382 3313 1
4479 4093 1
4307 506 1
3622 2228 1
3708 3446 1
4061 1393 1
4472 3004 1
4003 3617 1
4365 3906 1
4447 2575 1
4423 3398 1
4397 3865 1
3774 1322 1
3757 3695 1
4492 1679 1
4224 3926 1
4465 2968 1
4291 3994 1
4181 2797 1
4430 3945 1
3003 2421 1
4442 2146 1
3913 1249 1
4345 2254 1
3837 773 1
4314 1006 1
4501 45 1
4358 3953 1
4493 2311 1
3757 3232 1
3664 2077 1
4091 1029 1
4399 4176 1
3252 1286 1
3884 3814 1
2836 2256 1
4186 2624 1
3665 3524 1
4424 1977 1
4448 3930 1
4343 4100 1
3928 3247 1
3773 2657 1
4249 3286 1
4357 3711 1
3591 3544 1
4030 1962 1
4246 3990 1
4372 3926 1
4470 3838 1
4525 3071 1
4275 506 1
4200 4080 1
3936 1074 1
4180 3060 1
4432 2754 1
4248 2833 1
2892 2585 1
4232 4192 1
4506 1777 1
4138 3855 1
4303 4023 1
4462 2987 1
3697 2146 1
3348 2473 1
4255 3127 1
4483 222 1
4290 4168 1
4485 1212 1
4426 3967 1
4276 3724 1
3366 1572 1
4415 3367 1
3876 3672 1
4311 1394 1
4540 1952 1
4449 1412 1
4531 4457 1
4341 2072 1
4360 3205 1
3884 3476 1
4333 4121 1
4230 2126 1
4227 2182 1
4150 920 1
3975 3789 1
4220 2763 1
3684 2669 1
4480 4200 1
4390 1148 1
4519 3797 1
4279 2866 1
4179 3801 1
4196 3534 1
4549 1877 1
4455 3688 1
4056 2957 1
4280 3467 1
4393 3247 1
4124 920 1
4528 3886 1
3929 2515 1
4071 2844 1
4575 4002 1
4333 3252 1
4507 2745 1
4383 3084 1
3965 3846 1
4576 1785 1
3425 2531 1
4253 3841 1
4401 4280 1
4228 839 1
4458 4050 1
4083 2736 1
3880 1845 1
4155 2149 1
4582 1386 1
4388 3869 1
4319 3232 1
4584 2687 1
4468 1855 1
4184 4035 1
4450 1683 1
3765 3069 1
4586 423 1
3611 2680 1
4424 1649 1
4041 3936 1
4379 3010 1
3561 2580 1
4207 3008 1
4564 1315 1
3928 2329 1
3837 3068 1
4596 4391 1
3170 2944 1
4595 3544 1
4460 2739 1
4398 2683 1
4199 1059 1
3856 1826 1
4559 2957 1
4367 1451 1
3652 3345 1
4033 3064 1
4205 3577 1
3752 1821 1
4268 3910 1
4568 2531 1
4494 316 1
4622 4027 1
4623 4500 1
4522 1960 1
4168 4145 1
4611 3269 1
3794 2217 1
4628 4318 1
4578 2470 1
4406 840 1
4092 2022 1
3663 2530 1
4631 3841 1
4621 4047 1
4457 4429 1
4497 3519 1
4556 3987 1
4347 4139 1
4597 3174 1
4629 4224 1
4523 4078 1
4351 4126 1
4581 507 1
4636 4048 1
3981 3044 1
4643 2091 1
4587 2069 1
3051 2432 1
4626 4392 1
4167 1397 1
4652 4244 1
4606 3824 1
3568 3023 1
3938 3624 1
3875 2819 1
4386 3023 1
4513 4080 1
3866 3519 1
4213 2379 1
4590 4246 1
4512 2260 1
4454 2217 1
4172 2073 1
3797 3201 1
3811 2216 1
4557 4003 1
4518 2705 1
4161 1431 1
4476 2224 1
3922 3516 1
4364 662 1
3405 3220 1
2993 2132 1
4608 2421 1
4354 2653 1
4539 3818 1
4627 3122 1
3974 2572 1
4005 3375 1
4296 4290 1
4679 3565 1
4561 4119 1
4301 3776 1
4539 4120 1
4498 3247 1
4490 3253 1
4548 275 1
4034 3501 1
4662 3647 1
3953 2290 1
4378 4355 1
4686 1227 1
4503 2439 1
3795 3118 1
4534 3549 1
4420 4033 1
4188 3234 1
4696 2440 1
4147 1917 1
4439 1865 1
4700 4070 1
4173 3704 1
4411 903 1
4076 3453 1
4065 1856 1
4605 3932 1
4128 2657 1
4712 2890 1
4268 3222 1
4610 1261 1
4717 3634 1
4510 4163 1
4560 3727 1
4674 686 1
3737 2719 1
4731 4165 1
4432 4119 1
2944 2879 1
4676 1432 1
4267 2680 1
4739 2755 1
4713 4122 1
4444 4165 1
4186 3244 1
4670 3989 1
4547 3794 1
4316 2544 1
3885 2395 1
3940 3167 1
4531 4513 1
4437 4117 1
4639 4495 1
4604 4344 1
4750 4510 1
4526 347 1
4730 1589 1
4421 4007 1
4616 2161 1
4352 1765 1
4400 4277 1
4413 2669 1
4165 3381 1
4601 3564 1
3797 3557 1
4099 3657 1
4410 4317 1
4026 3216 1
4135 1687 1
4711 4370 1
4015 3366 1
4252 3694 1
4663 4212 1
4761 1090 1
4644 4299 1
4140 3957 1
4438 2691 1
4593 2031 1
4036 2375 1
4602 4456 1
4738 4037 1
3754 2911 1
4473 681 1
4709 3903 1
4100 3722 1
4624 787 1
4681 2990 1
4770 3625 1
4623 2701 1
4785 3047 1
4662 4178 1
4651 3476 1
4545 2683 1
4794 4188 1
3640 3179 1
4092 3960 1
4274 1785 1
4436 2415 1
4807 2993 1
4802 4565 1
4024 2337 1
4694 3010 1
4642 3495 1
4640 3879 1
4722 65 1
4533 3717 1
4811 2572 1
4748 4263 1
4632 3939 1
4436 4367 1
4667 3986 1
4364 4229 1
4394 1919 1
4527 3783 1
4796 3293 1
4659 4550 1
4563 2557 1
4579 4009 1
4494 3792 1
4554 3219 1
3465 2016 1
4355 4340 1
4699 755 1
4451 2160 1
4715 1958 1
3445 3322 1
3661 3246 1
4333 3504 1
4803 2592 1
3958 3891 1
4844 2259 1
3616 2544 1
4086 2494 1
4585 3325 1
4638 2844 1
4657 3918 1
4244 3918 1
4705 799 1
4706 4553 1
4505 3828 1
4669 3939 1
4745 3071 1
4466 4298 1
4865 4086 1
3811 2866 1
4567 737 1
4743 4375 1
4625 1877 1
4868 4125 1
4142 3598 1
4569 3089 1
4762 3023 1
4315 3634 1
4607 4429 1
4862 3953 1
4853 3487 1
4747 4683 1
3605 3346 1
4837 3718 1
4773 3118 1
4830 2946 1
4880 2993 1
4142 3617 1
4775 3891 1
4596 3447 1
4729 3812 1
4806 4615 1
4680 3555 1
4858 3645 1
4736 4039 1
4721 2104 1
4321 4035 1
4445 1725 1
4437 2477 1
4615 1571 1
4553 2561 1
4490 4358 1
4617 3917 1
4777 3473 1
4717 3996 1
4895 1177 1
4881 4635 1
4797 4047 1
4495 3280 1
4683 4034 1
4697 3639 1
4746 3337 1
4899 1373 1
4896 4648 1
4783 2542 1
4821 962 1
4825 3343 1
4523 3868 1
4561 3173 1
4543 3434 1
4891 3890 1
4790 4103 1
4774 3750 1
4489 3017 1
3856 3465 1
3781 3657 1
4833 4178 1
4763 1309 1
4229 2623 1
4889 4111 1
3793 3287 1
4757 3619 1
4660 4583 1
4911 3011 1
4478 1779 1
4434 1951 1
4277 2754 1
4481 3081 1
4744 3127 1
4707 4605 1
4399 3258 1
4913 3956 1
4917 4110 1
3187 2895 1
4620 1822 1
4445 4325 1
4666 1104 1
4399 2100 1
4834 3649 1
4829 3357 1
4158 1772 1
3951 3111 1
4614 3377 1
4817 3636 1
4896 4003 1
4894 4158 1
4535 4402 1
4898 4103 1
4948 4246 1
4879 3494 1
3052 2711 1
4240 3908 1
4647 4403 1
4961 2037 1
4950 3984 1
4954 2088 1
4956 3900 1
4959 4312 1
4036 3048 1
3839 3615 1
4152 1374 1
4725 3293 1
4777 1494 1
4781 3547 1
4869 3958 1
4952 4373 1
4964 3996 1
4197 4111 1
4919 4734 1
4724 2601 1
4641 919 1
4851 4023 1
4559 4241 1
4930 4484 1
4912 4897 1
3683 3598 1
4971 2557 1
4500 3379 1
4645 1257 1
4624 3129 1
4646 2980 1
4634 3766 1
4688 2687 1
4590 4054 1
3982 3201 1
4828 3255 1
4305 3286 1
4835 3260 1
4867 4267 1
4820 4693 1
4941 4192 1
4840 3736 1
4122 3345 1
4650 3971 1
4521 1080 1
4904 3244 1
4915 4817 1
4504 3276 1
4780 2725 1
4764 3604 1
4841 3818 1
4931 4566 1
4749 4562 1
4998 4506 1
4720 4049 1
4240 3280 1
4542 3878 1
4752 3940 1
4993 4543 1
4741 1614 1
4949 3653 1
3523 3084 1
4970 4363 1
3387 388 1
4888 4748 1
4933 4011 1
4997 3978 1
4643 4237 1
4947 2095 1
4957 4144 1
4818 924 1
4977 3897 1
4759 1987 1
4918 2878 1
4203 2995 1
4921 4290 1
4813 4187 1
4809 2778 1
5012 1080 1
4147 3455 1
4541 4311 1
5004 3394 1
4866 4736 1
4194 2797 1
4856 2220 1
3846 3669 1
1068 128 1
4956 4461 1
5013 1965 1
4861 3516 1
4667 4010 1
4838 4387 1
5039 3551 1
4649 4395 1
4860 371 1
3975 3831 1
4372 4291 1
5041 4837 1
4701 4390 1
5016 4593 1
4934 4139 1
5035 1344 1
4694 4144 1
3853 3804 1
4193 3937 1
4923 3704 1
4939 4578 1
5014 2241 1
3993 3440 1
5059 1784 1
5058 1636 1
4987 423 1
5027 1905 1
5052 4287 1
4123 3345 1
4999 4237 1
4735 1861 1
4881 4069 1
4882 4660 1
4695 2544 1
4760 4116 1
5070 1068 1
5008 1842 1
4530 2626 1
4558 3750 1
5005 924 1
4477 4126 1
4558 3110 1
4710 4463 1
4782 3465 1
4171 3302 1
4400 3754 1
4732 4569 1
5065 4535 1
4819 2217 1
4340 4267 1
4140 3286 1
4931 4863 1
5015 3822 1
4514 2604 1
4940 236 1
5087 455 1
4816 4634 1
5031 4831 1
4836 1014 1
4551 4299 1
4756 2950 1
5017 3671 1
4910 4637 1
4156 3411 1
5064 4091 1
4944 3841 1
5020 2968 1
4641 4260 1
4718 3974 1
5113 4938 1
4848 4678 1
5025 2475 1
4726 4287 1
5095 2241 1
4982 4369 1
4943 2075 1
4902 3683 1
5086 3609 1
5129 3803 1
5130 4770 1
4723 4240 1
4908 4112 1
4468 2909 1
4484 1951 1
5098 2072 1
4838 3155 1
4771 3225 1
4562 3432 1
5151 3011 1
5062 4061 1
5134 4579 1
4678 4351 1
4642 2351 1
4779 4401 1
5157 3980 1
5060 4958 1
5141 4659 1
5076 4344 1
5038 4709 1
4059 3781 1
4538 1905 1
4975 3554 1
5090 4538 1
4515 4266 1
5023 4182 1
5117 4369 1
5164 2318 1
5084 4779 1
4852 2426 1
4842 1337 1
4946 4843 1
5109 4550 1
4329 2871 1
5150 3414 1
4886 3939 1
4759 4012 1
5170 2091 1
4482 3566 1
4064 3803 1
4845 4049 1
5161 4195 1
5178 3325 1
5145 4255 1
5093 451 1
3803 2851 1
3795 3410 1
5122 3523 1
5135 5128 1
5131 3174 1
5046 4438 1
5159 674 1
5074 4142 1
4572 4386 1
5176 4939 1
4976 4665 1
4935 4043 1
5195 4382 1
5200 4799 1
5194 3280 1
5096 3630 1
4903 2912 1
5143 4309 1
5006 3984 1
4927 4885 1
5169 3657 1
4849 2077 1
5199 4600 1
4973 4394 1
5217 4607 1
4967 3315 1
5114 4599 1
5216 3036 1
4810 4354 1
5124 4387 1
4877 2866 1
5187 4187 1
4692 3530 1
5121 4991 1
4672 3694 1
5118 1515 1
4842 1408 1
5084 4850 1
5111 3861 1
5050 1316 1
5237 3901 1
5059 5049 1
3751 2771 1
4580 4232 1
4890 2092 1
5040 3411 1
5214 5064 1
4517 3266 1
5227 3948 1
5165 4601 1
4733 2693 1
5026 570 1
5193 5066 1
5220 4912 1
4690 1538 1
4996 2768 1
5262 3861 1
5222 4158 1
5254 3785 1
4792 1725 1
4801 4680 1
5265 2890 1
4937 4265 1
5271 1813 1
5276 4074 1
5259 2505 1
4609 3834 1
5205 4054 1
4874 3951 1
5024 3562 1
4832 2670 1
5247 3970 1
5275 2100 1
5281 4826 1
5103 1458 1
5287 5185 1
5055 2797 1
5078 3415 1
3994 3464 1
5295 4925 1
5245 4897 1
5290 4363 1
5291 4621 1
5300 3124 1
5263 2462 1
5179 4793 1
5279 3795 1
4730 4345 1
4703 3978 1
5042 1626 1
5212 3324 1
5257 4189 1
5148 4403 1
5021 4831 1
4882 4599 1
3967 2215 1
4604 4388 1
5209 180 1
5233 5125 1
5282 1922 1
4932 2367 1
5258 430 1
5034 1074 1
4444 3794 1
4422 2940 1
4648 3452 1
4981 4139 1
5158 3620 1
5061 4489 1
5294 4801 1
5080 4878 1
5303 5067 1
4742 1951 1
4434 3798 1
5160 4369 1
5189 5029 1
3779 1481 1
5302 3922 1
5001 2390 1
5063 2637 1
5334 4799 1
5268 1082 1
5196 2517 1
5150 4647 1
4995 3878 1
5280 5037 1
5068 1827 1
5210 1697 1
5312 2473 1
5296 4257 1
5286 4891 1
5104 4162 1
5347 4033 1
5108 4942 1
5107 4734 1
4300 4194 1
4924 2652 1
5019 3828 1
5154 3163 1
5306 4963 1
5004 4937 1
5289 3622 1
5184 3751 1
5362 4566 1
4689 3789 1
5153 1294 1
5185 2081 1
5366 4970 1
5109 5088 1
4098 2055 1
5206 5168 1
5357 3192 1
5359 3415 1
5171 3892 1
5346 3663 1
5219 5101 1
5328 5241 1
4510 4238 1
5339 4704 1
4968 4057 1
4194 2698 1
5197 2213 1
4927 4740 1
5336 1922 1
5229 5015 1
4878 2998 1
5239 3059 1
5338 3429 1
4378 2633 1
5007 4140 1
5368 5320 1
5226 3429 1
5173 4706 1
5198 4778 1
5376 4675 1
4910 2192 1
4978 3035 1
5350 4877 1
5108 4770 1
5248 1360 1
5402 4356 1
4813 4546 1
5406 1963 1
5383 4974 1
4938 2349 1
5342 4815 1
4985 4848 1
4572 3519 1
5231 4248 1
5369 4398 1
4266 4252 1
4942 3515 1
4875 4703 1
5388 5165 1
5381 4580 1
5242 3788 1
5270 2092 1
5394 5018 1
5378 4324 1
5403 4350 1
5218 4906 1
4263 3795 1
5044 4387 1
2586 1420 1
5361 3035 1
4331 4254 1
5246 2473 1
4435 4288 1
4847 3383 1
5112 3769 1
4733 3390 1
5377 2092 1
5274 2311 1
5434 3785 1
5280 4636 1
5403 4743 1
4210 3199 1
5224 4520 1
5374 4843 1
5446 3433 1
4905 4520 1
5349 4553 1
4702 3257 1
5139 376 1
5454 1401 1
5354 4113 1
5056 2751 1
5358 4049 1
5340 4089 1
5460 4737 1
5160 4714 1
4744 3737 1
5033 4327 1
5358 4241 1
5467 5099 1
5278 5123 1
5464 5317 1
4871 4141 1
5356 2134 1
5474 4671 1
5201 4238 1
5466 4809 1
4802 4051 1
5471 5007 1
4789 3461 1
4995 4708 1
5371 4949 1
5313 3724 1
5484 4458 1
5156 2772 1
5479 667 1
5431 5054 1
5091 4701 1
5228 5112 1
5428 3978 1
5422 2112 1
5424 1087 1
5391 4888 1
5505 5392 1
5468 3823 1
5094 4721 1
5088 4958 1
5311 5023 1
5195 5172 1
5457 4007 1
5503 3696 1
5404 1148 1
5518 5472 1
5238 2426 1
4928 4726 1
4984 3081 1
4986 4760 1
5167 3940 1
5230 4430 1
4304 4285 1
4925 4069 1
5531 3035 1
5485 4990 1
5491 4833 1
5543 5400 1
5451 1120 1
4768 3991 1
5419 4043 1
5450 1178 1
4847 3881 1
4685 3565 1
5551 5073 1
5386 2092 1
5537 2960 1
5492 2288 1
5540 5487 1
5482 5242 1
4995 4714 1
5348 4109 1
5452 612 1
5506 2078 1
5561 3157 1
5556 5179 1
5241 4583 1
5399 5281 1
5453 4419 1
5507 3978 1
5553 4675 1
4966 4466 1
5152 3125 1
4921 4769 1
5575 1595 1
4974 4589 1
5355 3411 1
5546 4844 1
5337 1957 1
5574 4959 1
5398 4697 1
5175 4538 1
5388 5298 1
4786 4325 1
5382 4094 1
5390 3315 1
4871 3123 1
5277 966 1
5476 4732 1
5219 5215 1
5591 5171 1
5475 1493 1
5022 4419 1
5352 5272 1
5500 5215 1
2519 1187 1
5552 5284 1
4993 3763 1
5249 4787 1
5350 4041 1
4802 3217 1
5523 4690 1
5389 4575 1
5351 3871 1
5576 5246 1
5470 5392 1
5365 1179 1
5329 4812 1
5527 5376 1
5600 5104 1
5328 5106 1
5285 5120 1
5599 3478 1
5598 2973 1
5525 565 1
5189 3979 1
5141 4617 1
4961 2887 1
5549 5330 1
5558 3426 1
5551 5172 1
5410 4936 1
5416 5094 1
5610 5608 1
5602 4654 1
5535 4074 1
5613 4802 1
4814 4148 1
5133 4789 1
5100 4906 1
5489 5436 1
5456 3720 1
5327 5162 1
5544 3616 1
5496 3159 1
5592 913 1
5581 4620 1
5272 4962 1
5577 3910 1
5103 4830 1
4867 3922 1
4878 4139 1
5442 4077 1
5409 5136 1
5363 3258 1
5623 1868 1
5466 4153 1
4439 3035 1
5582 3305 1
5570 1048 1
5636 4640 1
5447 2048 1
5546 5259 1
5288 5049 1
4980 3380 1
5405 3683 1
5206 4988 1
5138 3478 1
5494 4768 1
5513 3638 1
4864 3319 1
5427 4570 1
5509 3579 1
5426 4994 1
5548 2491 1
5639 2221 1
5649 1004 1
5269 3219 1
4818 4284 1
5307 4453 1
5448 4100 1
5442 4656 1
5569 5317 1
5483 5307 1
5557 4941 1
5083 4848 1
5344 3043 1
5423 5402 1
5653 4966 1
5640 5498 1
5651 5096 1
5520 3130 1
5343 5028 1
5611 4007 1
5562 5511 1
5264 2901 1
5394 4977 1
5587 4423 1
5552 4702 1
5625 3987 1
5431 5029 1
5390 2835 1
5678 3232 1
5654 4344 1
5478 3222 1
5413 5146 1
5367 4428 1
5238 5223 1
5679 4155 1
5461 5168 1
4735 4674 1
5066 4936 1
5684 5514 1
5572 457 1
5437 5164 1
5273 231 1
5401 4830 1
5694 4644 1
4704 3467 1
5449 2521 1
5627 5167 1
5511 4517 1
5674 5536 1
5476 4224 1
5659 3763 1
5370 3994 1
5567 4583 1
5231 4994 1
5414 4963 1
5657 1973 1
5338 4560 1
5459 5239 1
5474 5433 1
5626 2524 1
5267 3597 1
5648 4852 1
5607 5220 1
4541 4387 1
5521 4939 1
5488 4495 1
5710 5425 1
5516 4255 1
5056 3974 1
5686 5293 1
5587 5061 1
5366 5285 1
5690 4916 1
5712 5212 1
5192 2642 1
5673 4820 1
5571 4764 1
3770 905 1
5696 4600 1
5134 5132 1
5714 5251 1
5426 4799 1
5725 4889 1
5284 4751 1
5709 5104 1
5392 3275 1
5708 4356 1
5439 3064 1
5541 3265 1
5373 3996 1
5094 4546 1
5722 5382 1
5738 5249 1
5508 5132 1
5321 3370 1
5368 5073 1
5308 4428 1
5735 4356 1
5740 4952 1
5756 3224 1
5565 5083 1
5586 5111 1
5758 5314 1
5737 3931 1
5526 3038 1
4493 4302 1
5692 3312 1
5634 5367 1
5596 5305 1
5769 4203 1
3702 508 1
5734 4428 1
5706 5299 1
5704 1261 1
5517 4211 1
5621 3466 1
5016 4298 1
5186 3965 1
5589 5428 1
5455 4635 1
5664 5555 1
5495 2708 1
5602 5473 1
5232 5186 1
5372 4209 1
5730 5038 1
5309 3875 1
5743 5290 1
5660 3549 1
5799 4656 1
5077 4344 1
5705 4519 1
5188 4319 1
5455 4769 1
5786 5506 1
5747 5539 1
5411 5297 1
5646 5368 1
5533 4710 1
5143 4070 1
5807 5541 1
5818 1381 1
5820 1821 1
5790 4428 1
5260 4106 1
5672 5310 1
5827 5203 1
5760 5264 1
5343 3422 1
5458 5121 1
5672 5396 1
5793 3434 1
5550 5333 1
5225 3520 1
5826 4915 1
5253 5034 1
5261 5196 1
5421 5056 1
5462 4237 1
5304 4748 1
5283 4786 1
5519 4454 1
5752 5340 1
5796 4466 1
5628 5493 1
5603 1680 1
5811 5803 1
5647 5584 1
5828 4747 1
5445 2544 1
5844 5327 1
5853 3362 1
5852 4787 1
5783 2471 1
5834 5086 1
5554 4212 1
5732 5632 1
5612 5438 1
5784 1205 1
5689 687 1
5498 3623 1
5858 4278 1
5789 5094 1
5203 2449 1
5483 5079 1
5857 3154 1
5810 1443 1
5540 4599 1
5399 4868 1
5871 4616 1
5817 5412 1
5861 4666 1
5106 4791 1
5514 5099 1
5782 4545 1
5695 2412 1
5772 5449 1
5780 5642 1
5435 3972 1
5882 5190 1
5711 4825 1
5802 4928 1
5886 5725 1
5812 4041 1
5270 4319 1
5697 5590 1
5523 5303 1
5881 5471 1
5677 4285 1
5806 5804 1
5877 5118 1
5874 5245 1
5847 2474 1
5864 5268 1
5894 4584 1
5670 4146 1
5887 4946 1
5728 5533 1
5533 5118 1
4814 4695 1
5334 4958 1
5371 5261 1
5658 5563 1
5902 5503 1
5717 3336 1
5850 5736 1
5819 5669 1
5534 5031 1
5830 4963 1
5813 5745 1
5580 5433 1
5501 2671 1
5716 4751 1
5932 5448 1
5550 3824 1
5938 5304 1
5670 5113 1
5563 5018 1
5472 4093 1
5837 5632 1
5898 4988 1
5897 5013 1
4535 3135 1
4962 4929 1
5931 5611 1
5724 4092 1
5647 3479 1
5808 5596 1
5916 2922 1
5849 4656 1
5629 905 1
5465 5260 1
5813 4308 1
5381 5272 1
5415 5253 1
5878 5515 1
5791 4609 1
5915 5144 1
4968 4855 1
5924 4803 1
5838 5637 1
5863 2037 1
5741 3606 1
5954 1355 1
5963 5702 1
5364 3124 1
5956 4441 1
5571 4230 1
5699 5460 1
5788 3827 1
5763 4943 1
5883 5206 1
5755 3360 1
5962 3936 1
5205 5153 1
5779 2942 1
5749 3362 1
5173 4988 1
5926 4595 1
5762 5067 1
5633 3867 1
5753 4385 1
5943 4836 1
4635 3600 1
5998 3445 1
5937 5205 1
5999 4305 1
5994 3630 1
5936 3787 1
5908 4481 1
5614 5321 1
5952 5370 1
5832 5461 1
5719 4916 1
5115 4873 1
5605 5497 1
5768 3359 1
4859 3707 1
6004 1890 1
5718 2146 1
5323 4632 1
6018 4414 1
5583 5532 1
5893 4747 1
5842 5770 1
6015 1760 1
6013 5876 1
5967 4549 1
5184 4406 1
6020 5448 1
5875 3359 1
5674 5380 1
6014 5481 1
5687 4235 1
5703 5045 1
5915 5446 1
5851 5720 1
5941 4570 1
5878 5193 1
5435 4665 1
5412 4893 1
5905 4736 1
5707 5314 1
6039 4274 1
5934 2775 1
6029 4533 1
5870 2919 1
5528 4649 1
6038 5218 1
6041 4124 1
5840 4986 1
5848 5668 1
5948 5795 1
5410 4925 1
5903 5840 1
6046 5707 1
6044 5273 1
5788 4803 1
6029 4610 1
5995 5440 1
6021 1385 1
6060 5636 1
5909 3454 1
5968 5608 1
5958 3983 1
6042 3509 1
5972 5613 1
6034 5701 1
5762 5657 1
5881 5869 1
5911 5830 1
5805 2835 1
5845 5804 1
5984 3617 1
5966 1836 1
6025 4632 1
6047 5054 1
5910 3009 1
5856 4419 1
5982 5287 1
6009 4304 1
5948 4581 1
5688 5544 1
5420 5372 1
5490 5413 1
6077 5856 1
5655 4639 1
5699 1441 1
5668 5635 1
5945 4852 1
5687 5263 1
5900 4455 1
5589 5475 1
5955 5384 1
5871 5661 1
5726 4671 1
6065 5759 1
6069 1548 1
6037 5958 1
6098 4978 1
6012 2401 1
5927 5543 1
6056 5914 1
5975 3301 1
6087 5964 1
6094 4853 1
5967 5500 1
5473 5437 1
5715 4760 1
4672 3822 1
6007 5738 1
5731 1865 1
5974 5110 1
5767 4551 1
6019 4756 1
5957 3192 1
5138 5120 1
6049 5739 1
5806 5661 1
6086 5956 1
6037 5867 1
6054 5330 1
6112 5438 1
6066 5284 1
6099 5420 1
6118 202 1
5983 5832 1
5529 115 1
5746 3530 1
5703 2453 1
6131 2530 1
6007 5950 1
6132 4327 1
6006 4049 1
5564 4929 1
3325 265 1
6134 5148 1
6111 6079 1
6071 5387 1
6141 4203 1
6119 5464 1
5766 4011 1
6095 5521 1
5965 5612 1
6152 4299 1
5969 2048 1
5794 5556 1
5996 5609 1
5199 4228 1
5536 5297 1
6135 5607 1
5914 5739 1
5642 5565 1
6053 5417 1
6128 3025 1
5899 1748 1
6140 5625 1
6175 4106 1
5686 4626 1
6170 5944 1
6169 4681 1
6139 5849 1
6156 5365 1
6167 6136 1
6030 2059 1
5624 4793 1
5974 5380 1
5298 5045 1
6068 3595 1
6147 5573 1
5957 5765 1
6014 5653 1
6165 5851 1
5873 3822 1
6171 3144 1
5988 5956 1
6192 5683 1
6032 5033 1
5997 5528 1
5515 5050 1
5765 5227 1
6204 4086 1
5585 4866 1
6207 4628 1
6168 2227 1
6125 5809 1
6011 5261 1
6070 5872 1
6183 5927 1
6205 3683 1
6045 5977 1
2886 1203 1
6000 3998 1
5901 5437 1
5995 5740 1
6026 6002 1
6145 5569 1
5676 3035 1
6108 2271 1
6110 449 1
5773 5747 1
5977 5123 1
5766 4666 1
6130 5398 1
6148 2412 1
6209 5260 1
6064 5496 1
6078 5583 1
6137 5269 1
5952 4258 1
6142 4166 1
6226 5265 1
6129 5851 1
5669 2815 1
6231 5230 1
6237 5379 1
6187 3611 1
5427 5315 1
6235 4295 1
5896 5669 1
6249 5603 1
6176 5723 1
6230 5606 1
5706 4203 1
5800 4288 1
5889 5873 1
6211 5362 1
6257 5770 1
6242 6146 1
6158 2288 1
6271 5033 1
6214 5123 1
5922 5590 1
6113 2092 1
6107 5761 1
5868 4671 1
6062 6052 1
6228 6181 1
6120 580 1
6269 5278 1
6274 4849 1
6245 5391 1
6173 4811 1
6268 2283 1
6277 4416 1
6295 3611 1
5961 3957 1
5093 4463 1
6202 5829 1
6251 5490 1
6196 3159 1
6258 4463 1
6284 5814 1
6299 1315 1
5795 4924 1
6260 6162 1
6035 3518 1
6230 5713 1
6238 4668 1
5964 5100 1
6181 3388 1
6279 1208 1
6004 4943 1
6184 5807 1
6153 5997 1
4629 3713 1
6287 4998 1
6227 5922 1
6298 5218 1
6266 4699 1
6283 5780 1
6218 5387 1
6268 2455 1
6301 5136 1
6326 5133 1
6027 3523 1
6273 4765 1
5933 5865 1
6159 5959 1
6045 2518 1
5864 5585 1
6320 5517 1
6299 6246 1
6342 5787 1
6303 5724 1
6318 1967 1
6285 5892 1
6051 5660 1
6325 6123 1
6347 6008 1
6208 5903 1
6345 4885 1
6223 6056 1
6348 2828 1
6350 4720 1
6083 5115 1
6281 4242 1
5745 5383 1
6357 5487 1
6293 5549 1
6294 3957 1
6314 6041 1
6199 3808 1
6362 6049 1
5578 5417 1
6167 2896 1
6003 4759 1
5415 4363 1
6305 4856 1
6375 4592 1
6070 5470 1
6073 5829 1
6238 6231 1
6206 3850 1
6353 6117 1
6256 4517 1
6380 5342 1
6210 2046 1
6367 3680 1
4890 4538 1
6389 4732 1
6182 5983 1
6193 6129 1
6272 5845 1
6319 2810 1
5959 5774 1
6338 5098 1
5852 4771 1
6338 5973 1
5920 5754 1
6076 3476 1
5854 3047 1
6328 6138 1
5938 5286 1
6399 5125 1
6381 4469 1
6267 6216 1
5951 5033 1
6408 4790 1
6413 5190 1
5614 5495 1
6324 5842 1
6325 5233 1
6421 4467 1
6419 6415 1
6391 6059 1
6232 4304 1
6360 1966 1
5981 4274 1
6023 5823 1
6276 3809 1
6403 5547 1
5515 5339 1
6063 5628 1
5944 4933 1
6164 6143 1
6361 3076 1
6167 4422 1
6425 6087 1
6092 4725 1
5839 5097 1
6330 3422 1
6291 3790 1
6055 2572 1
6429 6376 1
6106 3172 1
6269 5486 1
6358 5243 1
6185 6092 1
6424 6047 1
6234 5477 1
6423 1355 1
6406 3875 1
6394 5892 1
6447 3208 1
6459 5624 1
6364 5889 1
6456 3616 1
5866 5795 1
6245 6068 1
6263 5511 1
5730 3087 1
6436 5228 1
6390 5411 1
6384 4075 1
6265 4376 1
6321 2648 1
6457 6345 1
5809 5754 1
6410 5323 1
6427 5311 1
6359 5901 1
6430 4738 1
6301 5299 1
6469 6224 1
6480 6050 1
6465 5112 1
6033 3889 1
6418 6065 1
6477 4324 1
5364 5297 1
6489 2497 1
5772 5493 1
6151 5477 1
6475 5693 1
6430 6386 1
6203 5336 1
6478 4991 1
5897 5848 1
6201 4180 1
5987 5254 1
6464 3192 1
6385 5324 1
6372 1386 1
5761 5223 1
6436 5580 1
6491 5374 1
6460 6145 1
6208 5896 1
6370 6138 1
5749 5311 1
5741 5608 1
6440 4361 1
6296 6103 1
6493 4786 1
6527 6071 1
6526 1812 1
6383 3084 1
6405 5993 1
6517 5716 1
5503 4454 1
6349 6076 1
6311 3156 1
6437 6147 1
5459 2982 1
6503 4288 1
6471 2955 1
6504 5651 1
6373 6261 1
5912 4700 1
6197 5250 1
5823 5524 1
6444 5928 1
6542 3046 1
6349 5559 1
5642 5529 1
6233 5676 1
6244 5348 1
6546 6050 1
6363 6000 1
6535 3011 1
6459 6202 1
6100 5688 1
6442 4029 1
6438 4305 1
6534 5759 1
6518 5577 1
5935 5266 1
6451 5496 1
6369 4570 1
6504 5666 1
5879 5621 1
6449 4984 1
6475 6370 1
6541 5849 1
6314 5372 1
6507 5876 1
6450 5400 1
6215 3763 1
6219 5619 1
6556 2548 1
6243 4873 1
6487 4935 1
6516 6179 1
5469 4787 1
6563 6405 1
6519 6397 1
6587 834 1
6127 5688 1
6441 5635 1
6241 4875 1
6275 3822 1
6592 5438 1
6103 5427 1
6606 6092 1
6337 4829 1
6608 1348 1
6551 5574 1
5620 5352 1
6505 5816 1
6525 4058 1
6577 5468 1
6351 5051 1
6621 6251 1
6614 5688 1
6567 6312 1
6432 5627 1
4306 1431 1
6553 3448 1
6590 6265 1
6617 5495 1
6529 4150 1
6624 5746 1
6637 2832 1
6346 6183 1
6562 5921 1
6539 5640 1
6417 5018 1
6567 5658 1
6341 4708 1
6533 3733 1
6468 6088 1
6646 1740 1
6588 5214 1
6500 6328 1
6596 6149 1
6439 6308 1
6627 2491 1
6217 4357 1
6578 5494 1
6267 5752 1
6576 6556 1
6657 5746 1
6146 5489 1
6579 6452 1
5953 5850 1
6649 6441 1
6499 5232 1
6538 5837 1
6640 6615 1
6605 6487 1
6462 6303 1
6333 5115 1
6287 5722 1
6435 4812 1
4870 4392 1
6636 5078 1
6655 4686 1
6412 1441 1
6008 5664 1
6671 1820 1
6675 6153 1
5981 4250 1
6623 6367 1
6682 6075 1
6674 4437 1
6641 6009 1
6618 3935 1
6586 5486 1
6666 5095 1
6612 1003 1
6368 5417 1
6482 6341 1
6642 6500 1
6558 6263 1
6386 5408 1
6635 3569 1
6569 6490 1
6595 3656 1
6677 6024 1
6466 3600 1
6622 6260 1
6496 6494 1
6700 6173 1
6530 6420 1
6401 6234 1
6522 6476 1
6694 6034 1
6250 5508 1
6566 6216 1
6511 3892 1
6507 5955 1
6656 6578 1
6677 6176 1
6178 6101 1
6252 5516 1
6723 5991 1
6699 4570 1
6466 5022 1
6708 3964 1
6689 3525 1
6600 5894 1
6717 5467 1
6597 6057 1
6659 5558 1
6018 5918 1
6220 4986 1
6716 6478 1
6643 6603 1
5709 4703 1
6734 6639 1
6687 6235 1
6679 4935 1
6673 6312 1
6730 5872 1
6545 4828 1
6726 6075 1
6470 5472 1
6023 5982 1
6603 6320 1
6719 6146 1
6120 5827 1
6225 4859 1
6540 6462 1
6396 6366 1
6751 2526 1
6714 4012 1
6722 5658 1
6678 5393 1
6013 4289 1
6611 5009 1
6741 5242 1
6645 5637 1
6607 4115 1
6588 6057 1
6407 6040 1
6154 2753 1
6724 6461 1
6639 4589 1
6778 6527 1
6730 6546 1
6742 3572 1
6223 5677 1
6780 5325 1
6729 6599 1
6774 6582 1
6764 4980 1
6630 5411 1
6769 5161 1
6549 6151 1
6704 4690 1
6785 6495 1
6178 5801 1
6616 6172 1
6584 5098 1
6306 6177 1
6554 5720 1
6753 6023 1
6697 5731 1
6715 5679 1
6720 1621 1
6520 6391 1
6687 6421 1
6215 4998 1
6310 5770 1
6738 5151 1
6788 5928 1
6182 6019 1
6664 4715 1
6582 6085 1
6652 6169 1
6758 5920 1
6233 5839 1
6782 6285 1
6746 6052 1
6589 6035 1
6822 6179 1
6651 6503 1
6832 5240 1
6143 6026 1
6829 5102 1
6736 6395 1
6490 6259 1
6798 6250 1
6373 3767 1
6799 6797 1
6683 6119 1
6827 6276 1
6626 5449 1
6835 6484 1
6213 4435 1
6392 5077 1
6163 5701 1
6792 6748 1
6613 5447 1
6725 4250 1
6692 6252 1
6783 6777 1
6823 4356 1
6857 6115 1
6862 2739 1
6599 6539 1
6499 6057 1
6843 5100 1
5582 2404 1
6791 3070 1
6713 4875 1
6488 6308 1
6766 5753 1
6757 5907 1
6252 5919 1
6860 6282 1
6620 4514 1
6886 3465 1
6891 6212 1
6698 6666 1
6804 6359 1
6894 6003 1
6790 4458 1
6844 5945 1
6469 5610 1
6595 5367 1
6596 6420 1
6762 4749 1
6772 6077 1
6813 5916 1
6906 6585 1
6817 6787 1
6513 6343 1
6654 5310 1
6472 4476 1
6715 6565 1
6634 6615 1
6849 3626 1
6581 4250 1
6309 5819 1
6866 5415 1
6848 4704 1
6852 4512 1
6744 6106 1
6833 6563 1
6605 6443 1
6773 6424 1
6803 4022 1
6676 4786 1
6672 6645 1
6632 6053 1
6584 5524 1
6442 5315 1
6914 6733 1
6833 6673 1
6918 3657 1
6758 5266 1
6903 3768 1
6668 5447 1
6936 6566 1
6568 6191 1
6924 6811 1
6735 5046 1
6933 5655 1
6874 5586 1
6902 5218 1
6901 6652 1
6907 5247 1
6854 6488 1
6718 6519 1
6198 4484 1
6463 5880 1
6643 6193 1
6528 5469 1
6064 5298 1
6706 4856 1
6947 6538 1
5028 3149 1
6858 3149 1
6953 3037 1
6531 6444 1
6645 5879 1
5954 5323 1
6752 5329 1
6719 5271 1
6472 5865 1
6420 3326 1
6337 6100 1
6807 5912 1
6940 2310 1
6837 6831 1
5850 5816 1
6624 3683 1
6561 6360 1
6825 5136 1
6961 6426 1
6908 6168 1
6859 6569 1
6966 6371 1
6939 6095 1
6653 6212 1
6964 6259 1
6875 6586 1
6810 6151 1
6793 6342 1
6904 6046 1
6665 5583 1
6951 3582 1
6956 5811 1
6983 6742 1
6910 1671 1
6655 4676 1
6841 6838 1
6880 6720 1
6739 5912 1
6783 5880 1
6970 6447 1
6856 6836 1
6987 3071 1
6853 6847 1
5963 5908 1
6873 5638 1
6949 4864 1
6701 5919 1
6653 5557 1
6444 4781 1
5430 4037 1
6820 5895 1
5831 5773 1
6992 6878 1
6565 6439 1
6990 5767 1
7010 2923 1
7015 3111 1
7016 5726 1
6938 6874 1
6795 6391 1
6633 6027 1
6721 5893 1
7011 6561 1
6815 6177 1
6998 6308 1
6942 5988 1
7026 6683 1
6572 5934 1
6352 6343 1
7003 5271 1
6909 6675 1
6821 5394 1
6453 5617 1
7022 6551 1
6834 6027 1
6800 6700 1
6959 6779 1
5136 4365 1
6890 6864 1
6318 3893 1
6452 6180 1
6993 6793 1
7014 5576 1
6950 6227 1
7052 5593 1
6467 5459 1
6745 5639 1
6841 6836 1
6884 6316 1
6510 6416 1
6972 4438 1
6885 6860 1
7055 6385 1
7059 7049 1
7051 6213 1
6851 6824 1
6892 6870 1
6856 6847 1
7060 6640 1
6787 6759 1
6817 6731 1
7007 5385 1
6807 6784 1
7017 6425 1
6289 6191 1
7069 6306 1
6878 6784 1
7017 6934 1
6865 6804 1
6864 6853 1
6915 5469 1
6811 6711 1
6962 5042 1
6885 6870 1
6839 6400 1
7079 6678 1
6892 6867 1
7063 6979 1
7080 5261 1
5122 1455 1
6846 6010 1
6930 3897 1
7060 6724 1
6944 6480 1
6611 6598 1
7095 6736 1
6604 6394 1
6796 6749 1
7083 6701 1
7088 4875 1
6426 5157 1
7037 4669 1
6545 6199 1
6809 5715 1
7033 6958 1
6927 6922 1
6982 6404 1
7052 6363 1
6343 2009 1
6290 5460 1
6407 5288 1
6750 5486 1
6810 6273 1
7035 6994 1
6959 6774 1
7061 4288 1
6585 5652 1
6815 5781 1
7100 6761 1
6966 6961 1
6737 6275 1
6455 6388 1
7078 7054 1
6761 6159 1
7108 5684 1
6988 6259 1
7098 5296 1
6374 5770 1
6976 6530 1
6898 5555 1
6522 6219 1
7119 5595 1
7104 6272 1
7057 2763 1
6550 3707 1
7053 1439 1
7120 7093 1
7050 6796 1
7001 5809 1
7114 6284 1
6942 6576 1
6705 6397 1
7129 7002 1
6954 6107 1
7081 6788 1
7058 4992 1
6932 6078 1
7130 6641 1
7042 6622 1
7076 6192 1
5911 4974 1
7089 7082 1
7096 6898 1
6520 6180 1
7094 5866 1
6611 6536 1
7043 6837 1
7148 4381 1
7117 6859 1
6558 6434 1
6981 6140 1
7136 6955 1
7142 6664 1
6705 6214 1
7152 4520 1
7133 7086 1
7138 6290 1
7173 6741 1
6748 5850 1
6604 6237 1
7174 6154 1
6943 6579 1
7045 6917 1
7151 4836 1
6884 6015 1
7160 4913 1
6989 6452 1
7070 6407 1
7157 3607 1
7147 3432 1
6571 6346 1
7200 7036 1
7055 6571 1
7044 5424 1
6905 6085 1
7192 6805 1
6824 6184 1
7181 5444 1
7079 6537 1
7155 6251 1
7132 6838 1
7154 7023 1
7077 6446 1
7206 3733 1
7216 6694 1
7179 4615 1
7021 6364 1
7184 7000 1
7207 5921 1
7197 6903 1
7208 5865 1
7198 5931 1
6395 5432 1
7054 5947 1
3550 2601 1
6994 6672 1
7183 7056 1
7232 7044 1
6779 1705 1
7222 6695 1
7191 7050 1
7117 6890 1
6564 6484 1
7179 7178 1
7199 7124 1
7243 5524 1
7128 7105 1
7056 6913 1
6989 5953 1
7236 6651 1
6811 5712 1
7035 5570 1
7077 6040 1
7224 6203 1
7241 4155 1
7228 2710 1
7240 6749 1
7251 6620 1
7221 6867 1
6985 3335 1
7169 6721 1
7137 6801 1
7235 2734 1
6991 6179 1
7242 4357 1
6461 5762 1
7238 5509 1
7182 6111 1
7214 6925 1
6871 6294 1
7013 6952 1
6767 6618 1
7262 4093 1
6881 6832 1
6743 6374 1
7269 3458 1
7267 6372 1
7164 7005 1
6915 6296 1
6765 6572 1
7109 6726 1
7091 5918 1
7271 7185 1
7264 6255 1
7067 6889 1
7266 6606 1
6951 5890 1
7288 3380 1
7068 6400 1
7282 5019 1
6888 6729 1
7285 6574 1
7226 7181 1
7219 7201 1
7294 5975 1
7275 4473 1
7220 6735 1
7273 7114 1
7247 6865 1
7293 7151 1
7304 6947 1
7086 6008 1
7295 6830 1
6975 4688 1
7195 4356 1
7315 7145 1
7257 5529 1
6674 1614 1
7023 6958 1
7163 6993 1
7190 6991 1
7071 5288 1
7139 7006 1
6770 6619 1
7066 6205 1
7323 4240 1
7263 6509 1
7291 5633 1
7124 7034 1
7320 3111 1
7187 6591 1
7237 7103 1
7103 6083 1
5727 4754 1
7326 4402 1
7213 6243 1
7254 5267 1
7337 6218 1
7328 5216 1
7212 7205 1
7316 6929 1
6845 6570 1
7134 7075 1
6922 6494 1
6927 6470 1
7252 6905 1
7347 4015 1
7211 5947 1
6533 6418 1
7324 7040 1
7006 6366 1
7343 4967 1
7321 6969 1
7354 7102 1
7312 6519 1
7335 5907 1
7350 7099 1
7352 3920 1
7360 6355 1
7297 6020 1
7322 6782 1
7307 5152 1
7120 6974 1
7056 6331 1
6878 6585 1
7308 7306 1
7255 5821 1
7380 6468 1
7366 6915 1
7276 7191 1
6946 6154 1
7260 7074 1
7341 6929 1
7126 6979 1
7331 7281 1
7360 6956 1
7345 6310 1
7062 6415 1
7389 7257 1
7369 7104 1
7394 6845 1
6845 5037 1
6835 6773 1
7194 6415 1
7359 6986 1
3491 1150 1
7348 820 1
7316 7227 1
7107 6728 1
7310 6579 1
7109 6816 1
6313 5444 1
7405 6925 1
7185 6026 1
7270 6319 1
7049 6765 1
7407 7126 1
7154 6761 1
7287 7236 1
5140 3825 1
7413 3026 1
7379 7299 1
7411 6909 1
7351 5077 1
7392 5089 1
7118 7048 1
7410 6634 1
7245 5839 1
6830 6690 1
7175 7128 1
7423 2556 1
7263 7255 1
7270 5695 1
7287 7042 1
7416 7112 1
7365 7138 1
7433 6228 1
7329 7217 1
6416 6381 1
7424 7305 1
7332 6248 1
7395 6300 1
7279 6910 1
7431 7127 1
7371 7217 1
7347 5729 1
7102 6932 1
7436 5918 1
7381 6948 1
7225 6224 1
7172 6142 1
7261 6453 1
7338 7125 1
7158 7036 1
7246 6943 1
7451 7072 1
7136 6733 1
7200 7146 1
7177 6536 1
7390 7359 1
7334 7031 1
7450 6928 1
7337 6117 1
7440 7246 1
7441 7370 1
7251 7136 1
7298 6082 1
7113 5854 1
7443 5412 1
7311 7115 1
3774 3717 1
7296 7280 1
7368 2682 1
7344 7325 1
7435 7214 1
7399 7266 1
6913 6908 1
7239 7153 1
7344 7338 1
7188 7112 1
7374 7077 1
7145 7065 1
7455 7188 1
7321 6798 1
7457 7048 1
7403 7189 1
7412 6339 1
7384 4530 1
7395 7350 1
7446 7164 1
7492 6826 1
7472 3607 1
7482 6277 1
7393 7333 1
7230 3057 1
7403 7386 1
7378 6797 1
7477 7225 1
7405 7307 1
7317 4463 1
7427 7045 1
7479 6897 1
7443 7421 1
7508 7495 1
7509 5975 1
7309 6757 1
7313 6795 1
7515 7189 1
6770 5907 1
7511 7434 1
7253 5783 1
7135 3607 1
7165 5838 1
7454 7375 1
7468 6030 1
7488 4665 1
5628 4369 1
7441 7089 1
7439 6999 1
5423 2798 1
7385 7171 1
7325 7276 1
7250 6914 1
7510 6125 1
7529 7202 1
7525 7182 1
7536 7268 1
7086 6905 1
7541 6981 1
7444 6718 1
7099 6934 1
7536 6607 1
7033 6979 1
7544 6842 1
7340 7318 1
7462 5906 1
7355 6869 1
7415 7265 1
7428 6143 1
7503 7330 1
7486 7341 1
7064 754 1
7445 6808 1
7501 5838 1
7540 7501 1
6814 5474 1
7183 6570 1
7559 7269 1
7469 2306 1
6969 6965 1
7250 7234 1
7526 7340 1
7201 7078 1
7566 7240 1
7442 6164 1
7528 7105 1
7521 5786 1
7475 6307 1
7235 6322 1
7576 6831 1
7514 7324 1
7483 7261 1
7192 5322 1
7530 7414 1
7512 7247 1
7295 6125 1
7538 5203 1
7432 7419 1
7554 7216 1
7583 7408 1
7505 7095 1
7532 5458 1
7548 6750 1
7527 7430 1
5735 3521 1
7517 3614 1
7507 7483 1
7534 6952 1
7513 5961 1
7376 6791 1
7589 7127 1
7401 7367 1
7438 6375 1
7571 5825 1
7446 6792 1
7305 6894 1
7422 7318 1
7208 6764 1
7330 6723 1
7602 7304 1
7542 7270 1
7613 5899 1
7296 6824 1
7082 6711 1
7134 3956 1
7408 6566 1
7558 5694 1
7452 6496 1
7627 7544 1
7609 7101 1
7547 7248 1
7519 6318 1
7531 7008 1
7618 2473 1
7515 7440 1
7219 7205 1
7594 6755 1
7566 7422 1
7639 7556 1
7530 7076 1
7607 6762 1
7651 2930 1
7652 4577 1
7649 7272 1
7611 5414 1
7569 7453 1
7640 5990 1
7612 6746 1
7620 7534 1
7658 6211 1
7625 6542 1
7648 5751 1
7636 7609 1
7664 6939 1
7650 6160 1
7667 7137 1
7632 6872 1
7444 7380 1
7402 7268 1
7598 5019 1
7638 7113 1
7533 7484 1
7581 5042 1
7666 7221 1
5146 1718 1
7617 2684 1
7578 5996 1
7676 6205 1
7633 7011 1
7573 4807 1
7659 6298 1
7496 6353 1
7115 5379 1
7490 5135 1
7327 7005 1
7556 6443 1
7466 6997 1
7499 1448 1
7685 6300 1
7486 7026 1
7637 5966 1
7634 7371 1
7684 3875 1
7539 7066 1
7435 3988 1
7231 6868 1
7458 6845 1
7669 7386 1
7699 7027 1
7697 7264 1
7280 7212 1
7567 5308 1
7706 7333 1
7580 5892 1
7645 7452 1
7500 6982 1
7226 2456 1
7674 7482 1
7653 6032 1
7629 6357 1
7711 5269 1
7306 7044 1
7722 4484 1
7710 7563 1
7429 7248 1
7654 6895 1
7332 7135 1
7733 7329 1
7484 4754 1
7586 6777 1
7400 6400 1
7727 7647 1
7646 7497 1
7728 7663 1
7397 6964 1
5374 2676 1
6481 3553 1
7742 4341 1
7460 6970 1
7744 6549 1
7427 7058 1
7646 7158 1
7681 7465 1
7584 7519 1
7716 7372 1
7358 7306 1
5833 4846 1
7747 5303 1
7719 5921 1
7731 7603 1
7751 7314 1
7660 6413 1
7461 7420 1
7761 4665 1
7626 6791 1
7608 4785 1
7621 6825 1
7323 5360 1
7689 3465 1
7458 7442 1
7763 7085 1
7753 6780 1
7539 7074 1
7615 6809 1
7767 7348 1
7634 7565 1
7434 7129 1
7517 7349 1
7707 6716 1
7762 6928 1
7614 7141 1
7758 6431 1
7768 5480 1
7774 6527 1
7710 2904 1
7485 7283 1
7786 6846 1
7693 7586 1
7248 6744 1
7375 7281 1
7757 6738 1
7791 7433 1
7623 7611 1
7680 4463 1
7599 6967 1
7665 7166 1
7334 6506 1
7755 6852 1
7751 7014 1
7703 2569 1
7749 6879 1
7778 7497 1
7562 7402 1
7794 7792 1
7726 7199 1
7793 5288 1
7682 7343 1
7766 6790 1
7678 7630 1
7668 7494 1
7771 7565 1
7795 6852 1
7769 5423 1
7797 7686 1
7720 7662 1
7733 7674 1
7624 7305 1
7718 7351 1
7084 6300 1
7704 7383 1
7620 7602 1
7800 6488 1
7702 7665 1
7806 5048 1
7736 5601 1
7721 6704 1
7322 5885 1
7777 5582 1
7677 6457 1
7447 7424 1
7453 7401 1
7688 6916 1
7738 6868 1
7798 7668 1
7738 6752 1
7759 6839 1
1872 458 1
7718 6871 1
4281 1216 1
7555 6830 1
7764 7186 1
7724 7547 1
7826 7525 1
7631 5868 1
7571 5634 1
7830 7815 1
7771 7748 1
7732 6525 1
7837 5211 1
7830 5900 1
7799 7407 1
7809 3649 1
7274 6669 1
7842 7541 1
7840 7535 1
7765 7064 1
7789 3172 1
7754 7062 1
7835 7706 1
7829 7632 1
7837 7370 1
7855 7819 1
7409 7397 1
7640 7560 1
7863 7752 1
7846 7641 1
7850 7799 1
7819 7762 1
7856 7516 1
7801 4702 1
7866 2048 1
7834 7354 1
7552 7457 1
7818 6900 1
7726 7585 1
7877 5643 1
7852 7811 1
7779 7752 1
7836 7672 1
7867 7410 1
7857 3851 1
7882 7669 1
7673 1448 1
7701 7562 1
7844 7641 1
7780 5829 1
7813 6604 1
7792 7121 1
7891 7666 1
7893 6203 1
7903 3444 1
7881 7876 1
7843 7720 1
7908 5647 1
7909 5443 1
7859 7748 1
6839 6035 1
7899 7838 1
7847 7807 1
6669 6196 1
7784 5244 1
7887 7514 1
7862 7847 1
7675 7468 1
7679 7548 1
7907 7390 1
7897 7804 1
7851 7229 1
7670 6946 1
7901 7224 1
7927 6213 1
7852 1843 1
7934 6654 1
5236 4312 1
7885 7455 1
7776 6962 1
7928 6692 1
6969 3987 1
7892 6681 1
7917 7912 1
7848 7690 1
7913 7732 1
7922 7731 1
7825 6151 1
7831 7677 1
7727 7503 1
7725 7686 1
7931 7714 1
7902 7844 1
7945 7606 1
7940 7807 1
7942 7800 1
7941 6508 1
7849 7177 1
7899 7142 1
7874 7862 1
7944 7914 1
7963 7459 1
7962 7400 1
7961 7836 1
7914 7797 1
7236 6463 1
7730 7663 1
7947 2140 1
7756 7672 1
7974 4588 1
7971 6246 1
7766 7590 1
7890 7511 1
7909 7103 1
6898 5033 1
7982 6893 1
7961 7198 1
7880 7471 1
7716 6133 1
7946 7627 1
7981 4099 1
7978 7173 1
7994 6369 1
7917 7299 1
7925 7363 1
7990 7856 1
7975 6721 1
7984 5854 1
7989 5561 1
7107 5312 1
7966 7010 1
7865 6258 1
8008 7859 1
7998 6512 1
7861 7614 1
7965 7885 1
7983 6248 1
8014 6671 1
7992 7980 1
8004 7883 1
8013 7874 1
7986 7411 1
7995 6522 1
7922 7826 1
8016 7092 1
8020 7339 1
7873 7755 1
7870 525 1
7898 7453 1
7919 5996 1
7969 7457 1
8018 7425 1
7937 7688 1
7881 7831 1
7930 7375 1
7990 7749 1
8025 6348 1
8021 7049 1
8036 7843 1
8012 7798 1
8038 7274 1
7840 7728 1
8028 4471 1
7946 7776 1
7888 7863 1
8015 7178 1
7926 7416 1
7934 7108 1
8039 7887 1
7886 7835 1
7972 7655 1
8044 7932 1
8029 7991 1
8048 7209 1
8045 7951 1
8054 6587 1
7876 7723 1
8060 7649 1
7655 7231 1
7630 7594 1
8002 7152 1
8061 7886 1
7869 5379 1
7921 7730 1
8068 7378 1
8062 7476 1
8041 7933 1
7915 5586 1
7950 7563 1
7947 7593 1
7940 7888 1
7820 5040 1
8080 6366 1
8031 7379 1
8073 7891 1
7127 5137 1
8087 6855 1
8072 7945 1
8084 6133 1
7957 7786 1
8088 7883 1
8091 7319 1
8104 5875 1
8059 8002 1
8035 7406 1
8102 6734 1
7951 7896 1
8100 8006 1
8121 6226 1
7911 7626 1
8090 7110 1
8093 5706 1
8085 7450 1
8056 6901 1
8075 7992 1
8120 7075 1
7932 7773 1
8140 8113 1
8141 7194 1
8139 6547 1
8045 7991 1
8118 7006 1
8137 8130 1
8031 7559 1
8150 6921 1
8143 4947 1
8135 7898 1
8128 8124 1
8065 7603 1
7960 7545 1
8126 8079 1
8095 7670 1
8156 8062 1
8153 7335 1
7968 7904 1
8137 8089 1
8097 7979 1
7997 7850 1
7977 6735 1
8125 8063 1
7618 7105 1
8146 7507 1
8094 7577 1
8076 6319 1
8138 7639 1
8167 8091 1
8082 7967 1
8034 8011 1
8147 7145 1
7918 6586 1
7926 7849 1
8064 7896 1
8081 7528 1
8145 7993 1
8168 7377 1
8160 4963 1
8027 4777 1
8134 8097 1
8180 7900 1
8157 7643 1
8110 1799 1
8042 8011 1
7790 3742 1
8140 7648 1
8173 7955 1
8075 8061 1
8182 6978 1
8043 6669 1
7980 3446 1
7987 7912 1
8180 8012 1
8117 6505 1
8200 8170 1
8175 8171 1
7973 7894 1
8181 7774 1
8189 7745 1
8176 7361 1
8098 8032 1
8116 4625 1
8126 7838 1
8222 8210 1
8018 7800 1
8219 7399 1
8202 7294 1
8201 7907 1
8211 7817 1
8193 6219 1
8046 6800 1
8232 8049 1
8198 8125 1
8072 7979 1
7865 7699 1
8235 7619 1
8228 8088 1
8159 6763 1
8241 7889 1
8172 8157 1
8140 7522 1
7725 4563 1
8051 7895 1
8233 8098 1
8233 8134 1
8067 7860 1
8197 8148 1
8216 7719 1
8251 8000 1
8184 6901 1
8252 8153 1
8247 8039 1
8251 7978 1
8256 7750 1
8189 8050 1
8249 8178 1
8261 8048 1
8079 8001 1
8270 5941 1
8269 8162 1
8206 8032 1
8205 7735 1
7960 6032 1
7072 3983 1
8273 7975 1
8248 8117 1
8275 7143 1
8286 7383 1
8263 6795 1
8162 8001 1
8238 7057 1
8171 7430 1
8158 8009 1
8291 7791 1
8279 7647 1
8296 7707 1
7963 5773 1
8292 7954 1
8067 6010 1
8107 7211 1
8280 7452 1
8280 8274 1
8120 7930 1
8267 4198 1
8264 7552 1
8128 8096 1
8195 8100 1
8083 8037 1
8221 7811 1
8287 8206 1
8243 6064 1
8250 8240 1
8259 8228 1
8281 7499 1
7511 6396 1
8307 8279 1
8308 7400 1
8190 7949 1
8296 8286 1
8190 8106 1
8303 7664 1
8314 1245 1
8315 8089 1
8295 7723 1
8289 7675 1
8310 6990 1
8170 8004 1
8324 6587 1
8325 7564 1
8322 7230 1
8037 7423 1
8284 7932 1
8330 8260 1
8338 8327 1
8170 8051 1
7714 3157 1
8241 8173 1
8334 7093 1
8203 7927 1
8348 7084 1
8340 8337 1
7218 5044 1
8166 6981 1
8254 7929 1
8320 7997 1
8242 8144 1
8330 8033 1
8353 8336 1
8265 8253 1
8356 7225 1
8252 8158 1
8255 8199 1
8358 8229 1
8244 8138 1
8337 6881 1
8306 8010 1
8317 8020 1
8350 8197 1
8347 7539 1
8204 7247 1
8325 7857 1
8351 8029 1
8318 8148 1
8323 8156 1
8253 7783 1
8232 8224 1
8378 7902 1
8376 8343 1
8379 7151 1
8380 7185 1
8367 8328 1
8381 4113 1
8326 3458 1
8294 3920 1
8360 8333 1
8327 7882 1
8332 8261 1
8309 7795 1
8354 8036 1
8394 7763 1
8390 7293 1
8328 8195 1
8177 8087 1
8376 8027 1
8377 8247 1
8399 7532 1
8280 5678 1
8392 7972 1
8275 8222 1
8398 7349 1
8250 7925 1
8374 7977 1
8350 8178 1
8410 8389 1
8411 8400 1
8271 6401 1
8385 8365 1
8415 8013 1
8416 7384 1
8254 8209 1
8257 6443 1
8363 8136 1
7973 7113 1
8359 2436 1
8426 8313 1
8420 7496 1
8426 8409 1
8389 8144 1
8299 8209 1
8403 6228 1
8388 7842 1
8425 7764 1
8433 7331 1
8417 7965 1
8434 7523 1
8427 7950 1
8437 7281 1
8400 7971 1
8414 8333 1
8339 8297 1
8344 8211 1
8440 8294 1
8352 8298 1
8445 6248 1
8396 8253 1
8446 1573 1
8430 8394 1
8448 5079 1
8259 7210 1
8313 8041 1
7809 4526 1
8447 8152 1
8444 8055 1
8456 7656 1
8423 8239 1
8459 7890 1
8462 8249 1
8451 8095 1
8403 4213 1
8301 4201 1
8402 8130 1
8404 8300 1
8466 7392 1
8467 8008 1
8404 8364 1
8096 6190 1
8429 8269 1
8438 166 1
8418 8082 1
8469 7555 1
8472 6324 1
8476 8146 1
8473 8124 1
8483 8056 1
8402 8348 1
8474 7892 1
8435 8353 1
8490 7317 1
8494 8059 1
8492 7699 1
8442 8423 1
8409 8224 1
8496 8046 1
8460 8260 1
8510 6249 1
8512 8463 1
8501 7387 1
8399 8390 1
8435 8410 1
8513 7558 1
8479 8358 1
8497 7741 1
8520 7676 1
8488 7770 1
8522 8016 1
8523 5666 1
8525 8499 1
8431 4983 1
8463 8424 1
8503 7877 1
8527 8207 1
8518 7119 1
8540 8470 1
8452 1786 1
8499 8352 1
8479 8305 1
8536 3627 1
8525 8306 1
8537 7864 1
8526 8452 1
8511 8488 1
8548 8462 1
8532 8231 1
8546 8476 1
8530 8277 1
8477 8413 1
8545 8360 1
8136 8064 1
8519 8288 1
8477 8424 1
8552 7928 1
8562 7982 1
8541 8377 1
8509 8369 1
8528 8316 1
8565 8292 1
8513 8372 1
8566 2681 1
8461 6575 1
8485 8363 1
8505 8460 1
8561 4588 1
8567 5180 1
8570 7279 1
8544 7989 1
8484 8149 1
8578 8336 1
8568 7571 1
8576 8118 1
8451 8450 1
8592 7894 1
8369 7354 1
8596 7987 1
8530 8444 1
7205 1649 1
8587 8391 1
8591 8368 1
8601 8594 1
8595 8417 1
8599 8383 1
8602 1566 1
8600 8307 1
8581 584 1
8614 8361 1
8571 8378 1
8606 7981 1
8624 7928 1
8627 8507 1
8631 8614 1
8589 8504 1
8621 8397 1
8616 8405 1
8629 8494 1
8640 8415 1
8639 8015 1
8539 8099 1
8635 8289 1
8647 8304 1
8650 3731 1
8583 8575 1
8632 8607 1
8638 8542 1
8580 8538 1
8653 6963 1
8609 2498 1
8575 8553 1
8603 8540 1
8660 8577 1
8656 8291 1
8662 8326 1
8617 8519 1
8673 6133 1
8674 8629 1
8463 1414 1
8591 8589 1
8660 4960 1
8666 4865 1
8684 8675 1
8618 8527 1
8675 8400 1
8687 8203 1
8679 8652 1
8648 1164 1
8679 8541 1
8682 8434 1
8665 8308 1
8676 3835 1
8635 8594 1
8604 8599 1
8631 8628 1
8689 8420 1
8691 8615 1
8696 8445 1
8645 4932 1
8698 8514 1
8700 8264 1
8699 8686 1
8670 7678 1
8663 8467 1
8702 8626 1
8685 8601 1
8704 8238 1
8710 8250 1
8677 8613 1
8715 8569 1
8708 4095 1
8722 5102 1
8630 2739 1
8717 8686 1
8719 7027 1
8728 8658 1
8672 8663 1
8731 1512 1
8735 8605 1
8726 4577 1
8740 8716 1
7819 5581 1
8716 8688 1
8715 8449 1
8730 8580 1
8712 8617 1
8699 8683 1
8685 8683 1
8729 8630 1
8736 8555 1
8756 8369 1
8761 7904 1
8747 8603 1
8759 5444 1
8737 7068 1
8750 5015 1
8744 8632 1
8767 5544 1
8607 7758 1
8771 8629 1
8762 8648 1
8774 8746 1
8766 402 1
8751 8682 1
8732 6722 1
8773 8607 1
8763 8281 1
8779 8717 1
8748 8703 1
8770 8633 1
8738 7675 1
8789 8636 1
8785 8616 1
8765 8703 1
8764 4841 1
8786 8659 1
8800 7150 1
8802 8678 1
8758 2854 1
8804 8628 1
8812 8579 1
8807 8641 1
8791 8735 1
8636 3618 1
8815 5356 1
8739 8120 1
8339 7199 1
8821 8550 1
8813 8736 1
8801 8732 1
8792 8743 1
8792 8753 1
8825 5515 1
8808 8762 1
8827 8581 1
8828 8687 1
8798 8797 1
8746 649 1
8834 8718 1
8837 8637 1
8841 8689 1
8835 8270 1
8843 5515 1
8846 8544 1
8757 3032 1
8840 8753 1
8850 8848 1
8806 1429 1
8852 8723 1
8848 8799 1
8847 3954 1
8863 8677 1
8861 8783 1
8839 8746 1
8860 8836 1
8864 8797 1
8862 8808 1
8871 8757 1
8874 8802 1
8867 8798 1
8875 7068 1
8878 8844 1
7807 6278 1
8879 4798 1
8870 8840 1
8889 4096 1
8873 7581 1
8866 8543 1
8886 8834 1
8888 8780 1
8896 8814 1
8894 3041 1
8884 8842 1
8898 5260 1
8897 8801 1
8892 8860 1
8891 8847 1
8911 8789 1
8908 8873 1
8914 8842 1
8915 6197 1
8919 8837 1
8923 8238 1
8928 8803 1
8925 8824 1
8929 7498 1
8905 8897 1
8937 8842 1
8938 8771 1
8917 8357 1
8945 3316 1
8936 8892 1
8942 6691 1
8949 2292 1
8920 8918 1
8947 8886 1
8952 3757 1
8927 8925 1
8951 8896 1
8948 5224 1
8939 8934 1
8956 8863 1
8958 8852 1
8951 8907 1
8959 8861 1
8941 8820 1
8966 2868 1
8965 8891 1
8953 8506 1
8968 8828 1
8974 8884 1
8975 6747 1
8980 8910 1
8974 8965 1
8983 8939 1
8990 8926 1
8988 8943 1
8987 8558 1
8995 6002 1
8990 8988 1
9003 8980 1
9002 3962 1
9007 6705 1
9013 6036 1
9023 5049 1
8603 7333 1
9024 8986 1
9031 8992 1
9033 8983 1
9032 8051 1
9029 7071 1
9016 8409 1
9036 3477 1
9043 9024 1
9051 2923 1
9052 3271 1
9043 9039 1
9048 9046 1
8647 6575 1
9062 9039 1
9065 7167 1
9067 3307 1
9069 7361 1
9054 6470 1
9042 2711 1
9075 7885 1
9068 9061 1
9076 9071 1
9090 9068 1
9089 8147 1
9094 2726 1
9095 7816 1
9071 8911 1
9109 6367 1
9112 4348 1
9125 7987 1
9136 9032 1
9141 3015 1
9142 8281 1
9144 9141 1
9152 3933 1
9154 4661 1
9155 5175 1
9165 2349 1
62 36 2
271 149 2
1189 913 2
808 507 2
784 351 2
2193 1265 2
954 250 2
1360 1128 2
939 866 2
853 847 2
2571 248 2
1288 518 2
1904 598 2
1295 592 2
910 875 2
2459 472 2
1887 1181 2
2415 858 2
839 740 2
2448 680 2
2228 167 2
1957 1045 2
1254 313 2
2198 1038 2
1647 1528 2
1567 1485 2
1323 1136 2
1962 590 2
3349 2244 2
2005 1894 2
3433 1862 2
1955 1607 2
3380 2067 2
1709 1299 2
3520 1480 2
3640 1598 2
3157 1501 2
3022 1501 2
3509 2948 2
4487 903 2
4273 2246 2
4359 2518 2
3806 3707 2
4496 2059 2
4152 3504 2
3400 1378 2
5324 2059 2
5341 3954 2
5009 2528 2
5418 1996 2
3440 3331 2
4637 2457 2
5213 3458 2
5792 3222 2
5518 4798 2
4565 3796 2
4163 3954 2
5844 5101 2
5551 5320 2
5860 4609 2
6077 5085 2
5721 2049 2
6583 1432 2
6159 5697 2
7046 3773 2
6430 4435 2
6009 4326 2
5702 4481 2
6315 5310 2
4930 2037 2
5985 5293 2
6663 5794 2
7504 6580 2
7540 6304 2
6955 6914 2
7166 6708 2
6830 5809 2
7063 6958 2
7223 5761 2
7794 7184 2
7164 6401 2
7696 3157 2
6920 6811 2
8005 5512 2
7286 5939 2
8113 7765 2
8405 7814 2
7746 7678 2
8408 7895 2
8441 7289 2
8200 7883 2
8338 7669 2
8340 6832 2
8644 8395 2
8944 7993 2
9082 3633 2
1454 1175 2
1220 209 2
853 551 2
882 505 2
3341 1366 2
2356 2190 2
3407 3294 2
3274 2532 2
3719 3700 2
2984 1615 2
4258 1769 2
3929 1824 2
4393 3691 2
4623 637 2
4527 3048 2
4783 4696 2
4391 4318 2
4286 3543 2
4314 4121 2
5248 4227 2
5274 4031 2
5478 4695 2
5924 3827 2
5255 3570 2
4987 2591 2
5277 4210 2
5984 5682 2
5575 5522 2
6069 5820 2
6543 4737 2
6697 5718 2
5840 1807 2
6186 5525 2
5673 630 2
6084 5973 2
4482 4297 2
6693 4763 2
5999 5972 2
6574 2275 2
6244 5326 2
6387 3262 2
7290 6626 2
7709 6975 2
6866 6350 2
7098 6976 2
6805 6048 2
7609 6923 2
6834 4984 2
7615 6309 2
7789 6819 2
6612 6175 2
7832 7777 2
7031 6960 2
7001 6954 2
6110 5829 2
7610 7233 2
8277 7315 2
7998 6011 2
7801 5737 2
7829 7584 2
7493 7061 2
8175 7796 2
7879 7579 2
7608 7505 2
8207 6875 2
7420 7015 2
7768 6676 2
5810 5359 2
8111 7983 2
5713 3758 2
5159 4940 2
8504 7939 2
7984 3190 2
5258 2981 2
6464 4761 2
8115 7573 2
4767 1685 2
8214 7491 2
6323 4499 2
7469 6886 2
7970 6723 2
8175 7659 2
8625 7591 2
7445 7253 2
8223 4411 2
8322 1884 2
7474 7220 2
7203 4256 2
8542 6883 2
7697 7667 2
8711 8642 2
6590 6013 2
5910 4046 2
7810 4336 2
8567 6863 2
8427 8344 2
7588 5282 2
7540 7249 2
8015 1556 2
7469 7373 2
8503 8183 2
7652 7631 2
8159 8066 2
8606 8491 2
7069 6094 2
7326 5454 2
7744 7309 2
8666 2948 2
6626 1753 2
8321 3228 2
8237 7875 2
8660 7510 2
7598 4525 2
8392 7311 2
7165 6608 2
1936 1679 2
8654 6684 2
7567 7180 2
7533 7285 2
8624 7708 2
8311 8150 2
8702 8656 2
7834 6187 2
8809 8438 2
7815 5771 2
8720 3193 2
8623 8483 2
8176 7792 2
7245 7187 2
8879 8412 2
8418 8081 2
8897 6722 2
8407 7717 2
8827 3912 2
8007 7111 2
8385 8354 2
8966 3885 2
8749 8478 2
8465 8102 2
8779 8745 2
8621 8600 2
8904 8866 2
7966 7821 2
6267 1241 2
8967 6702 2
8123 6820 2
8440 8143 2
7256 3273 2
8963 4079 2
8878 8807 2
8857 8620 2
7897 5929 2
9023 5003 2
7342 4034 2
8835 8750 2
6291 5951 2
7636 6600 2
7851 7610 2
8256 8139 2
8638 8387 2
8164 4343 2
8704 4612 2
7962 7130 2
7995 2607 2
6217 5156 2
8817 8676 2
8930 8876 2
8201 8112 2
8246 4920 2
6843 5262 2
7376 7081 2
8508 6699 2
8496 8490 2
8327 8034 2
9017 9016 2
7521 7037 2
8367 8332 2
7381 6996 2
8812 8725 2
9093 8341 2
8639 8571 2
9095 8552 2
8515 8421 2
8456 6489 2
8777 8742 2
8906 8905 2
7297 5899 2
7913 7583 2
8655 8562 2
9122 6377 2
8086 7629 2
7531 7512 2
9135 5326 2
8956 8936 2
7574 7336 2
7853 7470 2
7432 7059 2
8830 8763 2
8627 8520 2
8804 8776 2
9100 9081 2
9138 8882 2
8642 8618 2
8958 8957 2
8625 7222 2
8821 8664 2
8841 8785 2
8388 8337 2
8529 8511 2
7848 7241 2
8548 8484 2
9030 8929 2
8587 8485 2
9154 6402 2
9109 9060 2
9154 9152 2
9031 4089 2
9158 5027 2
9064 8622 2
8576 8546 2
8800 8531 2
8521 8475 2
8245 8221 2
8728 8709 2
8323 8104 2
