760.251929 260.472095 917.380664
761.197098 256.986778 916.446854
918.317566 317.474823 922.233948
912.406860 321.263794 923.056274
907.961670 323.415253 921.436768
920.000000 316.000000 918.982910
960.769836 555.970215 838.923340
914.000000 319.000000 923.787170
915.000000 318.000000 920.355591
938.600647 900.080139 927.925842
763.432716 260.404858 917.706604
961.000000 560.000000 838.912231
922.165680 313.926392 924.054108
948.648132 558.988037 829.895386
1369.734009 454.651794 927.049011
1185.281372 248.743729 933.339233
937.161316 900.713379 927.397644
764.450256 257.717590 916.918365
1408.861328 442.321503 961.343323
1411.820923 443.661926 964.932861
1138.110657 632.968567 908.114563
1143.556234 639.334167 912.998556
941.139496 898.374207 929.220032
1410.442261 435.275116 962.959351
1408.468384 446.047226 960.530090
1410.775269 431.169067 964.995178
1140.530762 219.768356 933.674805
909.109192 326.981987 924.762741
756.044281 261.823975 917.366852
1211.243958 592.511414 923.712311
964.322998 554.868530 839.062439
945.988342 226.934647 924.237732
923.000000 571.000000 825.872131
1187.000000 253.000000 934.768311
778.264404 845.957520 909.150635
927.735748 567.621582 827.024353
948.492676 558.009644 829.154724
1085.784302 861.869080 845.114502
763.274841 221.667450 849.168884
905.000000 325.000000 919.898010
923.865845 310.821533 919.805237
1412.532715 434.260590 966.376770
939.623352 782.223816 800.467102
1136.728424 220.366871 937.600174
1129.436646 242.232666 942.509216
905.000000 325.000000 925.159790
1142.347534 219.516449 940.128204
1412.279907 440.395905 960.120178
1090.270142 858.380554 847.109375
759.751953 253.518402 915.113770
960.866272 560.666931 840.439636
1144.979346 219.164948 938.609326
941.000000 780.000000 797.504211
951.477600 768.088074 806.778931
1089.882080 857.459717 846.327148
911.000000 318.000000 923.787170
1409.674683 447.640045 965.561279
970.000000 881.000000 993.563049
1412.758240 429.735611 967.855133
1388.961243 315.103027 951.724731
904.000000 263.000000 943.919189
1324.032715 434.972748 943.526642
947.911041 563.496948 832.774506
741.343872 872.690430 700.669556
1010.075134 226.498581 931.283539
1147.274048 637.766724 914.121460
1215.531006 592.035400 924.172241
962.806335 558.397766 834.758057
952.337067 560.751068 835.325623
922.097351 310.853409 923.143402
779.636108 671.961304 763.288452
1213.000000 597.000000 923.329590
940.829834 227.100037 924.091553
1131.221619 247.531082 939.094971
950.919434 773.337769 803.358521
924.207336 319.307861 921.870728
1077.765869 851.294434 962.003642
949.000000 564.000000 831.820190
1138.159180 220.112247 940.667038
1017.000000 893.000000 990.360229
873.761841 252.172653 951.098755
1369.680786 459.714355 925.634399
902.000000 263.000000 948.952271
780.736450 846.731323 912.978516
873.081848 252.277100 952.165466
887.000000 316.000000 923.329590
1386.326172 317.056000 952.208618
766.667603 223.611771 845.151733
741.420898 329.897491 810.316406
979.060608 885.231018 993.625610
1373.530843 458.347382 930.285055
887.852905 882.830627 760.441650
1412.765503 428.170349 960.637512
926.753886 309.323324 918.556193
756.337952 262.500687 914.093475
795.026245 254.765808 912.581512
739.353577 321.232056 814.859131
1246.249634 511.206360 913.681732
740.944397 875.629089 699.565857
1210.000000 600.000000 921.728210
951.407532 226.722809 924.412582
1370.323364 447.150798 964.513957
1116.114380 780.951233 954.389404
1082.475342 860.098816 842.570312
1422.880005 741.325623 972.686768
945.113098 901.553528 928.937683
1182.972046 250.438797 937.785645
1121.497437 780.994324 959.830200
745.080994 269.333862 864.854858
1207.395020 329.371338 913.157471
1363.096924 349.204559 941.328003
923.505524 319.534821 923.339203
1143.491211 863.102783 862.122375
763.776695 266.228268 918.710678
966.967468 764.425964 842.466858
1069.961792 852.511597 963.444763
784.776886 843.551331 908.193420
909.796051 327.757324 919.596497
979.182312 560.946838 844.668396
1071.778198 852.159607 963.446045
922.388123 571.371765 828.678528
744.410645 270.947266 864.525635
1409.397705 454.541946 960.657288
958.000000 561.000000 833.650391
1180.809326 253.795197 931.941742
1138.748657 627.745544 910.822632
737.808716 326.965820 812.017456
980.496887 404.571503 931.504761
1370.308919 441.663676 964.540812
975.433130 731.283801 822.066052
1132.443685 248.712697 945.280009
1132.836670 244.983521 938.737610
1057.000000 253.000000 924.473511
898.662231 320.464874 923.569702
934.051682 227.314758 923.919449
1387.984497 313.100769 952.059570
1268.840332 544.262695 934.258606
940.000000 784.000000 795.216492
865.832703 744.648376 925.224487
908.000000 298.000000 898.393311
757.561737 265.667450 918.007202
736.537354 323.482391 809.514832
986.000000 886.000000 993.563049
739.392334 743.284790 971.533875
1265.019043 718.559448 894.998413
1035.688232 716.055969 939.551941
970.722270 744.895955 810.733419
973.530212 558.174500 841.263672
946.925568 772.039917 798.711060
1370.168213 453.407178 964.694690
761.868958 217.166672 843.744141
1059.000000 253.000000 929.048950
1144.799438 786.432312 962.194031
791.353149 823.378540 728.817078
1141.923584 224.344971 937.523743
1387.976196 856.009399 983.088501
1011.697617 223.504261 927.447723
790.614380 256.812531 914.584961
1360.698196 351.668751 939.303802
1382.482544 852.060669 979.549622
943.202606 900.305389 925.394623
1106.119238 784.407654 954.803528
930.750000 566.301025 825.108704
977.928619 626.011475 918.572418
791.603149 819.344299 728.139465
1149.637838 218.648476 937.083618
1361.888623 351.634998 940.555225
1041.932800 722.916992 941.768951
925.000000 223.000000 930.650391
1115.092651 770.160461 927.566223
944.000000 565.000000 832.735352
869.667175 843.610352 920.600586
1150.997192 786.097107 958.550354
936.987854 787.063354 796.975159
1072.747864 848.558289 957.713715
941.068481 229.856812 926.772583
867.794312 840.418213 924.185059
747.446228 873.201691 702.395782
880.129303 901.644165 918.674118
1098.910522 326.334076 890.045593
870.383057 249.560654 949.655518
1134.023010 220.662411 941.009186
1423.063843 737.968689 974.563904
1403.892212 674.393921 967.118225
910.186707 298.169250 895.061646
730.820251 308.718842 815.436218
788.435425 816.646729 940.374634
942.730896 556.297516 831.552643
1080.415405 860.522034 845.325684
1098.464966 325.249420 890.313965
754.242065 256.273285 916.199036
1358.661267 356.811533 938.998499
1038.012207 863.775635 944.934753
1137.770569 626.698761 906.838379
1209.398438 591.094360 921.399292
1321.577942 440.999588 942.309723
1123.642700 782.864960 955.585754
999.005981 373.203644 933.080017
1076.000000 854.000000 963.593750
980.672119 627.038330 915.334198
1076.575073 853.730957 957.497437
763.152954 220.134674 851.506531
883.759399 902.029114 919.101807
779.937744 841.472992 912.805481
1243.000000 510.000000 908.001831
953.859009 802.833374 803.412476
1411.108398 432.654785 959.206238
957.115763 226.405462 924.710673
873.278442 747.827759 912.973694
932.417114 568.787109 828.406128
781.054077 228.695450 850.756531
1118.455444 766.195312 925.572937
763.769196 341.908081 864.041504
1363.076416 346.154022 939.914734
1359.981934 357.908356 940.165710
1411.000000 450.000000 957.645630
1420.025879 273.997482 942.006226
1159.967651 813.990784 968.987000
1036.000000 347.000000 933.395630
742.816101 338.671722 805.726624
1319.474731 406.343109 932.192139
781.109131 847.573914 913.589844
879.114624 826.128418 771.541443
1104.938965 780.269409 959.286987
982.266266 562.603424 843.603149
1120.425720 782.189270 954.354980
1024.000000 897.000000 989.445129
764.307159 227.926514 851.471893
1379.752319 849.452332 979.179932
1239.514709 510.883194 913.085327
1291.186646 787.182312 963.021118
786.641113 789.805969 737.942017
1052.775024 253.385315 926.100586
1143.415466 219.300194 929.920166
1112.000000 291.000000 900.909790
1066.025431 853.418864 963.357768
1160.500000 254.500000 937.399170
1140.893555 858.932434 969.698730
1370.151245 448.751373 924.096924
1268.341309 718.787109 898.656250
1179.562134 254.311661 936.910522
738.641174 322.111053 807.854492
989.218567 391.899567 931.688782
782.276978 762.291748 941.040894
791.458710 809.472687 727.559784
956.352356 798.329407 798.842590
816.598267 308.735519 841.239594
1371.348022 222.106171 932.082092
781.307861 761.533081 939.861145
745.975342 243.736099 915.144958
1027.946655 348.608215 935.001343
1162.746704 473.595123 895.380829
723.683655 287.644745 809.439514
895.324463 315.731689 922.369751
1156.000000 257.000000 936.598511
1389.355469 501.779846 951.343811
747.168121 274.451218 863.374237
1130.031372 228.986572 946.691101
1374.676270 454.210037 930.568909
1356.000000 854.000000 973.431030
1185.157104 244.816467 932.168945
734.478027 318.014771 814.981445
1010.395172 891.999527 993.294083
958.612061 760.380676 811.909851
903.000000 265.000000 940.487610
1126.945557 835.013977 860.776489
762.035278 557.005249 924.203003
744.979065 270.541443 870.223694
801.050995 886.789276 980.249664
1289.269897 790.165741 960.540527
742.468384 347.175629 800.476562
1370.460164 446.764445 962.358134
802.782776 796.382568 973.256653
1137.975647 633.808533 913.039948
928.420728 227.654214 923.602222
1157.849976 810.003723 969.255768
924.308228 315.603928 915.688629
978.316895 728.827148 819.374146
1385.363892 319.425964 951.972534
1413.818766 424.369415 961.720866
1046.588257 861.472382 951.255890
976.000000 320.000000 890.386230
898.542603 737.886169 963.538452
733.237152 682.088379 923.394226
762.895264 860.021057 900.961792
744.551453 266.012939 866.271973
1322.665771 405.710052 933.451050
984.145020 888.045776 994.722717
1142.963989 785.418060 960.125763
1370.148590 453.079056 962.951889
1381.358154 864.103271 957.368652
891.362915 314.575806 920.354004
1125.034912 783.936442 961.729248
1091.948792 887.826508 825.224457
1422.705933 342.684937 931.771851
1094.942017 858.036499 846.317017
902.778809 318.649841 924.624512
993.000000 574.000000 845.089111
1411.333862 442.896362 956.754517
740.136780 356.041321 796.481201
789.506653 801.367615 733.044006
896.680054 681.183533 796.472473
1079.328735 567.081299 942.303955
1149.676676 218.650269 931.751139
918.000000 572.000000 826.558472
1040.356018 856.771240 949.274567
1002.763550 887.692322 992.743530
770.651855 228.359116 849.081299
756.875549 785.005859 820.325867
860.978760 840.851501 922.493591
998.542786 381.376480 933.082977
809.384277 243.458633 910.411011
1224.875244 585.175354 985.960083
1012.596588 886.268951 991.799988
905.708252 265.223495 947.974274
817.198059 308.635529 841.382690
934.232178 897.517395 922.050232
913.584839 927.924500 799.901611
1405.425171 671.454834 966.646698
752.547180 731.686829 771.613892
1059.729980 854.817432 962.005078
1226.909851 614.512238 976.529144
896.898438 682.260315 794.411072
764.049438 552.583984 928.072998
934.177612 560.775818 828.864685
932.227722 901.916382 926.185181
1081.796387 561.277405 946.401917
1140.176392 860.423157 970.874146
790.120331 831.213135 727.245544
708.686707 659.930908 814.186401
1112.425049 778.697937 956.306335
982.382751 398.311340 934.337341
893.495850 680.775818 794.045410
1185.386597 244.653336 936.635742
970.939117 927.159454 962.891937
1017.608236 223.163205 927.708872
1390.260132 505.529327 955.293213
743.830750 343.985336 804.669739
1134.506510 631.549357 904.992513
1423.170288 338.506531 932.370667
903.324768 375.726868 946.809570
863.962952 742.524780 930.603516
1154.071167 218.343872 933.647949
1424.147339 270.164490 942.267883
1049.544312 258.250427 928.352783
1135.792847 247.450439 944.856323
979.059937 567.269165 845.280090
848.000000 528.000000 811.230591
762.130066 226.735504 844.107117
1207.000000 602.000000 922.414551
774.482849 671.995972 765.779236
1010.169312 890.959259 994.534454
965.087585 771.202881 839.159119
970.182825 753.386414 809.122827
990.461670 888.742615 996.056702
975.562256 318.926178 892.242554
869.778564 894.153870 995.041748
1027.675171 348.130737 935.272827
1363.941772 345.699663 940.915290
878.000000 745.000000 907.773010
1389.219849 907.532532 915.126709
956.742920 271.440033 881.692688
919.000000 267.000000 875.287231
1222.414612 500.339706 889.541107
1419.857727 274.101974 937.135803
1141.048340 861.188416 857.128418
1395.555298 854.797363 982.820312
763.572021 346.225952 862.989197
879.340576 252.858826 950.362549
1146.791382 643.423645 914.708374
1270.000000 425.500000 919.440491
761.743286 859.544434 904.486633
1082.822388 247.260025 933.052368
943.003845 232.818756 922.471985
1369.980713 457.886261 964.766541
1268.500000 429.000000 919.783630
1382.429810 868.521240 962.179993
1027.170288 351.692993 933.509155
1198.255676 273.842285 907.324493
993.407288 735.894318 860.002533
750.798462 731.815735 772.012085
916.743408 322.041870 916.766724
980.695435 401.667175 930.740112
1080.000000 247.000000 932.480591
862.518127 843.866852 917.053894
1026.460083 774.664490 850.963501
1147.000000 643.000000 910.289551
1077.000000 248.000000 926.074890
1351.849121 852.209412 975.847656
787.437561 843.508270 908.397125
1261.942993 722.243591 893.705597
1380.777954 863.713440 957.902344
916.551636 569.178833 824.579712
777.307109 849.208903 906.097188
1266.284302 542.379517 931.378723
1310.011556 464.485870 942.148539
1016.000000 636.000000 840.056091
992.082825 368.430420 931.176758
1333.039551 840.248657 906.596130
1390.556030 496.716309 947.581665
958.370239 803.257080 803.670593
990.550842 577.130615 847.645813
1329.000000 430.000000 944.605530
945.698517 554.145111 832.185699
969.963898 555.028778 842.635437
1003.832886 278.691147 886.739380
915.500000 572.500000 823.469971
795.666199 883.311279 983.091858
975.335571 924.380310 969.707336
779.120972 229.484734 848.405762
995.086202 890.614705 991.309143
942.014069 230.713081 919.988708
1141.087524 638.593506 907.644653
1029.654236 847.368958 912.315552
1378.685364 224.751030 934.922394
941.718384 900.264648 934.289551
747.933411 248.360153 914.641663
950.915588 271.034943 875.800537
971.754456 929.635559 964.817078
1130.613281 226.145851 939.694733
1021.244202 887.706665 991.739990
806.078491 242.130666 909.917175
880.000000 892.000000 757.011292
1152.762207 788.152222 957.675598
790.164368 819.539001 730.677124
1104.482056 780.913330 959.934875
749.568481 284.766327 866.809143
981.684479 351.372116 925.897736
1374.000000 225.000000 931.336670
1108.452759 619.946564 950.786499
964.613037 760.379822 809.186218
1246.423096 506.858032 912.019104
1411.321777 406.537689 957.116638
1059.745850 249.437164 925.738159
982.000000 322.000000 890.386261
972.757690 624.380127 917.373535
1323.127319 428.083771 938.279785
763.694519 334.709595 866.545776
1278.000000 705.000000 901.596130
899.000000 324.000000 919.898010
1375.286682 452.006882 930.727051
1091.000000 887.000000 827.244751
1090.804199 889.131104 827.354004
966.560303 881.348999 994.041809
1062.685608 850.947632 958.641449
983.695923 394.453644 932.331940
1038.540894 897.449951 991.906677
759.918732 789.468689 815.381195
707.878784 659.352844 813.776184
914.000000 926.000000 786.523071
967.705688 748.267639 814.352722
900.774109 372.058197 944.868469
867.397034 847.149841 921.505249
916.033630 326.091415 924.332672
744.729919 243.906815 913.632019
889.932190 883.060852 766.142822
1188.000000 253.000000 929.964050
741.000000 748.000000 973.659790
787.430115 813.896790 944.817993
1392.984945 908.441020 919.425802
954.922119 553.447021 835.963745
1040.182007 857.252319 944.518555
1159.805786 814.084778 970.061401
1034.533447 678.777588 861.494812
1161.113037 474.309570 893.431213
1385.296997 219.469128 928.997055
1275.102783 426.346252 922.024963
975.491801 883.997620 992.993998
855.757202 531.669006 810.336243
763.559265 745.651062 819.219299
923.464661 226.423742 923.388774
951.647766 553.890381 835.393127
1397.356812 698.236450 964.909607
1121.528564 769.090149 925.871948
951.000000 231.000000 926.532471
734.590637 310.922806 817.842865
861.000000 840.000000 922.643311
994.730916 883.924967 993.509155
957.722778 804.574707 803.541443
1079.793945 567.443298 947.131104
1168.394165 332.206879 914.626038
748.654510 248.570465 917.795135
741.050354 330.581863 803.336975
1409.785522 441.321228 969.970642
1390.026184 699.111725 968.559845
998.312561 374.008423 936.623352
990.015564 568.473450 845.894409
1099.861694 854.119263 955.992188
1399.664429 345.536346 949.636108
798.260803 251.690475 913.451904
1159.470276 819.359955 966.119598
1400.497559 345.324982 958.429688
1388.189941 215.433304 933.322876
903.679871 266.640839 868.264465
1327.965393 436.874695 945.191711
1169.764038 628.565125 917.935425
1404.186279 360.047241 962.378967
1100.156250 322.257538 892.127502
1225.483887 594.089478 981.469299
1135.705566 631.089050 903.808228
1113.718506 772.949707 929.013794
1398.745117 865.828308 982.458008
801.677917 892.849243 983.637634
970.080627 563.378540 843.222229
1332.159546 839.776794 906.120178
947.055481 768.983643 806.803955
788.734985 799.689514 728.104431
898.626831 739.561188 964.478119
953.322754 774.439270 802.107727
975.277527 924.924683 970.237640
969.500000 413.500000 931.794220
934.543640 897.460205 921.359131
858.915466 811.509216 768.830261
747.771057 239.748352 911.277405
799.966370 890.397705 979.755493
1125.308919 236.846858 940.988770
1041.523193 856.709473 952.102112
873.339722 746.004395 905.999512
1262.553345 726.802002 897.152893
1320.111450 437.966034 942.916687
1300.750122 753.405151 956.810608
970.456360 319.014923 891.165833
974.116730 736.666840 815.223785
856.186768 896.195618 993.574402
1274.000000 707.000000 897.249451
1035.410828 856.812103 947.256317
1079.699463 555.476746 945.020111
1098.033813 323.137131 890.651428
1173.023621 332.384598 907.783569
1395.728760 855.220825 981.155701
777.914124 676.084351 766.106262
725.650757 290.937469 809.505249
847.784607 528.523926 810.121277
892.000000 319.000000 919.669250
1223.025146 500.582764 894.269165
1424.452759 741.888489 976.067932
1142.587280 639.072021 916.717957
1031.859375 713.054260 940.099121
1022.000000 769.000000 853.782471
975.000000 884.000000 994.706909
961.019653 564.458862 839.820557
796.631165 242.285273 845.601156
1041.000000 346.000000 933.853149
1299.184448 248.391418 924.219360
1020.000000 644.000000 841.657471
1145.288574 632.823853 909.440979
1409.837402 403.950226 952.584351
733.931152 687.163940 923.271912
1210.816040 594.665009 928.265747
1240.304565 895.124969 886.327515
1018.274719 771.462891 855.732239
769.826569 217.772301 847.876892
728.502869 640.925995 916.943817
1134.928711 784.869690 961.837646
1079.389191 559.672485 942.320618
1217.491943 851.326385 876.401672
1030.512329 861.617249 938.682312
981.492432 727.313660 822.009003
1212.706177 339.203003 915.598145
1153.713989 637.686727 912.014160
952.000000 231.000000 920.126770
880.698364 254.265465 955.009674
783.000000 875.000000 986.928589
1132.000000 238.000000 939.572510
879.101135 820.045044 776.170166
1386.310791 543.660583 972.878479
955.043365 797.425751 798.265381
981.094269 564.682190 839.726685
1269.226929 712.322083 895.681763
1144.898315 256.140930 938.201202
827.905334 283.581543 917.888367
1030.554626 899.489746 992.132751
1143.000000 786.000000 957.416870
975.000000 568.000000 839.598511
738.240906 811.233704 989.992920
741.676575 335.948395 809.931091
1013.427795 231.140594 928.619812
755.218506 789.798828 819.361328
1222.002930 584.508545 922.964050
1100.061890 616.509094 954.057983
792.000000 260.000000 914.636230
790.525269 796.007202 735.748474
1126.633301 248.528015 937.990356
741.902588 867.789001 702.431396
1163.955566 334.177643 913.289368
788.956390 235.794395 847.879486
750.876160 732.748108 771.555664
933.038025 232.777374 922.366241
1407.911072 458.998871 962.354218
880.193298 902.326172 912.590210
957.328491 271.608307 876.133911
1369.866608 459.155243 963.199997
1029.910645 863.856018 941.127136
1037.866211 865.722778 945.471191
1006.572388 223.765860 927.439218
1390.663696 506.575562 949.250000
1074.000000 244.000000 927.218750
905.348450 535.630127 933.294189
1031.828735 712.079346 940.025024
939.578491 562.034058 827.071167
930.198761 571.441376 828.071259
1216.068726 586.182800 927.640625
901.393616 373.474386 942.583577
1332.004639 841.013611 905.816895
795.484131 824.338013 729.351074
1402.195190 350.543839 960.563873
997.535645 362.344574 929.357849
711.402954 660.464050 814.694153
979.089539 626.069763 921.921143
1195.878784 304.804169 928.971069
790.835693 251.696579 917.517090
1089.951375 857.592204 840.923299
1076.448853 865.279114 844.009399
1192.000000 253.000000 935.225830
1048.250610 856.817322 955.183960
873.000000 893.000000 753.808472
1070.198120 753.349731 938.347107
814.516815 245.755028 911.237976
734.633321 313.866648 811.124247
893.904480 314.313171 926.186462
1280.444641 706.130432 899.555908
1399.614502 345.523529 954.027954
979.045044 321.385742 894.530518
1140.118042 863.664307 858.804260
1102.483569 286.440405 896.764832
1104.085002 286.757863 903.312663
1065.000000 251.500000 928.934570
753.613434 793.753815 818.103271
1142.658325 857.589844 967.444611
1098.335571 618.350281 949.281982
766.587921 254.120003 915.594055
1021.462463 893.431335 992.955750
964.000000 723.000000 929.277710
1019.450562 773.061707 857.868469
1131.233398 224.386032 948.224121
919.516052 565.513550 824.165588
1387.382080 529.107574 960.325317
1102.386475 779.313782 951.512207
1172.000000 254.000000 936.026550
876.795288 825.754578 770.419189
702.797974 661.202026 818.360229
1373.561523 453.824402 921.465454
1160.110840 640.387817 913.829163
1115.904602 764.906219 927.612091
1366.392090 458.928101 925.260620
1398.230713 684.019165 970.455627
738.491943 708.723572 923.111572
1382.000000 872.000000 954.900391
761.592773 332.816925 867.540955
945.714966 775.827271 794.477356
795.240479 804.454590 731.339783
1169.028748 632.016571 914.619751
756.704346 786.972839 821.573364
739.055298 816.108521 990.880737
1039.280823 724.239075 939.850250
1111.000000 781.000000 950.324890
789.760966 465.284882 809.836182
897.000000 261.000000 951.239990
980.768982 408.587341 931.492432
965.559631 751.285461 808.109619
785.028198 810.059753 943.317810
1018.886434 223.021586 928.124451
786.266907 837.643555 726.027771
1009.610718 768.556152 859.792542
846.964417 904.791992 923.231506
1268.949829 654.945862 966.616730
1382.168660 421.906616 932.654704
1036.504761 343.437775 935.159363
1409.814575 404.171417 951.876892
735.286316 364.128159 793.833160
1321.509399 433.707565 937.827362
1130.342041 239.253380 946.534271
841.811401 626.390259 911.410095
966.633057 875.815857 995.351440
1155.393494 218.255447 935.987640
1082.000000 242.000000 929.277710
787.282837 812.739685 937.723633
957.826660 767.579102 807.732117
868.518066 379.260040 857.235474
1422.911133 741.200684 968.775940
1224.725708 589.245605 986.132690
1397.160156 698.329041 963.964539
1176.000000 625.000000 915.322510
1358.172607 362.685120 939.534363
900.000000 265.000000 866.593811
795.751892 803.038330 729.467163
759.000000 853.000000 780.574951
785.639648 792.393494 734.202576
882.000000 882.000000 761.586792
1388.391724 215.341309 934.147339
761.659119 750.712708 816.706299
1129.898315 839.180786 863.042297
1239.900391 374.737152 914.465576
934.362518 528.995667 931.586884
1202.601501 322.576569 918.038300
1161.809448 638.906189 917.305481
1400.650085 681.039978 967.814514
990.469727 392.161804 938.124146
1218.043701 498.497498 893.233032
1030.121094 546.052490 940.493958
873.598389 744.024536 913.576294
1033.652710 900.985504 986.721924
710.745544 659.963928 812.418518
938.749817 784.001709 804.936646
1267.615234 714.327026 894.893860
1384.944550 321.131748 952.462891
1014.323059 766.430237 859.651917
752.705688 291.815521 866.349426
1242.105225 513.821045 917.021423
1071.165731 759.551086 941.692281
1104.623413 780.030863 960.670064
1015.330261 885.169922 990.578552
1421.910645 265.902451 937.280334
1397.993225 867.821747 989.745514
1204.578491 599.210913 920.661438
1133.830444 220.698547 928.478577
1370.734155 441.481470 961.557825
1420.707886 735.623596 973.009247
914.000000 299.000000 892.216431
1376.706299 226.042725 933.178772
848.569397 524.835754 929.243774
988.085938 400.877945 932.583069
1159.173462 822.947784 965.040619
1021.571960 891.362854 985.319824
1389.324341 866.312708 959.205737
740.760925 747.588470 968.667572
993.926086 609.448792 891.697388
1375.910360 874.595133 956.371094
750.630615 728.968323 966.695190
1386.000000 867.000000 957.188110
803.905792 241.535767 909.715729
1201.509969 324.713928 913.917806
990.296326 358.256073 931.879944
747.345520 873.507874 697.574463
1395.071045 692.189545 964.943665
844.000000 218.000000 916.237671
1112.017090 623.147644 948.261963
746.000000 747.000000 960.162109
762.291931 549.529907 929.826416
1166.000000 637.000000 912.119751
913.990723 928.775574 790.657227
1222.701355 588.689301 978.312408
1035.308472 846.737915 911.367554
1096.000000 855.000000 954.213989
763.706482 745.190979 820.427185
817.440552 903.046265 910.091797
971.728668 930.707886 964.964478
993.956360 609.600220 892.108887
1008.638448 228.729925 933.824992
737.473267 704.450745 923.107056
957.532623 925.302887 823.449738
1175.159424 878.757507 939.364685
1284.000000 699.000000 904.570190
1167.429565 470.133743 896.223450
1369.757263 463.111664 963.039764
1383.208496 536.396423 969.185608
733.072937 272.418427 926.715759
752.128845 912.830383 902.733521
1017.765381 643.893616 845.758423
1063.265381 851.260986 956.048523
764.118042 745.899353 807.086548
920.179535 228.603157 922.574097
906.579529 826.853638 774.271912
748.584229 278.488678 862.875854
953.893982 774.470032 801.134949
977.446503 410.627472 936.706512
1035.746143 711.424609 882.897583
1112.339966 779.612244 929.323181
1194.235229 304.696106 931.834412
1130.077637 250.365784 946.300781
765.000000 560.000000 926.989990
761.634705 339.033417 863.699646
968.270996 923.854919 825.016724
790.492371 502.572784 802.466797
1356.408325 906.158539 934.354370
792.430969 256.370270 918.828308
741.946350 338.951828 797.669220
935.836670 787.326477 794.453552
724.236064 280.245626 809.327779
801.536072 780.280151 970.447266
905.356384 294.182159 894.994751
1102.591034 615.328125 949.038742
791.766602 470.394531 810.219604
735.837992 353.019491 794.429749
1000.180420 890.572693 994.574829
982.500000 928.000000 963.479370
739.680573 879.712952 697.616287
1359.705566 576.697083 943.709595
856.332031 896.783752 994.805298
778.394470 767.289551 938.007080
979.975281 922.621094 965.552368
731.981567 256.165100 919.804077
1379.793335 845.277710 974.331726
1174.000000 254.000000 931.794189
819.803436 276.346115 915.755554
1213.000000 852.000000 872.541870
804.994141 307.511353 925.234985
744.939453 344.344055 805.730652
1348.453918 857.859467 977.227173
1400.733459 242.334816 940.538666
870.339478 895.235291 997.292175
745.729736 268.463257 872.148315
846.657166 420.781067 898.243469
945.000000 271.000000 876.888611
1246.820374 898.462830 882.158722
847.745117 521.855164 928.813477
1084.131755 603.901306 954.316223
1102.316650 883.975769 840.019592
901.936035 732.424622 960.471436
1048.000000 896.000000 811.688171
1045.590820 865.018494 951.782654
982.365662 352.637451 929.526978
1198.184326 851.882141 871.586975
780.000000 874.000000 986.928589
801.708313 802.433838 974.172180
908.599640 266.307205 873.371002
733.555908 262.540558 925.234375
972.500000 737.329712 818.605530
1124.000000 836.000000 853.324951
1212.290649 586.879700 919.155579
760.216492 556.968323 928.576965
969.012634 724.247559 930.858521
1054.344849 895.495056 816.093750
808.000000 251.000000 915.093750
1138.191610 870.414083 981.567057
785.111023 819.934631 944.892700
1113.517456 776.239014 927.692688
1173.644531 625.838074 920.740479
756.297180 733.035217 773.507019
1307.051514 466.952911 941.372986
1363.000000 880.000000 941.173950
865.975952 374.677155 852.366455
864.392578 534.430786 811.594360
1381.084717 845.313354 976.393860
1148.000000 860.000000 862.704651
1402.163005 230.147527 937.983134
756.243103 729.779297 774.050110
1288.861938 692.100647 912.764832
885.304565 890.708618 764.551331
912.908508 928.781860 802.999207
1118.273364 292.731592 900.639404
1054.388000 856.398499 961.385315
904.699280 295.860474 894.124268
790.756470 762.527710 944.826141
954.088196 797.294088 798.025594
756.938782 865.855896 704.005371
904.830780 297.072601 902.463379
786.591187 226.701660 850.499512
1401.603638 354.040985 955.558899
720.469788 288.401123 808.480957
1283.558105 788.856873 960.149506
843.642944 841.948669 918.210876
1393.355713 905.046753 921.474609
778.196472 221.323212 849.724304
1194.684204 858.407837 874.187744
803.048096 780.969299 969.727783
766.101807 747.310425 809.350159
1267.000000 425.000000 922.414551
1170.724609 276.442291 935.971558
731.624268 389.169556 924.332642
972.099945 560.718536 837.600647
727.296448 296.945953 810.099060
1103.340820 288.756500 903.651062
1381.425537 531.217102 966.146118
1123.646240 902.889709 980.326050
735.007019 360.415741 796.161987
965.000000 618.000000 917.610291
1053.811127 862.064087 957.012833
1121.071960 909.248993 979.883484
1134.703857 791.896362 959.599670
963.396851 924.413208 823.355591
1026.522461 771.631165 848.519226
1391.505981 525.938232 957.622742
874.757751 890.309998 991.120361
845.444275 520.446259 936.659363
1391.605103 860.909912 987.302917
1132.435181 232.751114 941.456177
1294.249573 789.811218 964.625885
1242.798584 901.493774 883.715942
743.495972 766.272827 959.857117
1375.052490 425.519135 930.256470
1080.135925 561.604553 949.441559
941.657349 776.825745 802.886108
975.845764 744.154541 811.368408
917.078400 266.345322 878.350830
1390.270752 508.428894 958.100464
1423.314941 263.690063 942.704590
1168.229370 633.270355 919.462036
1398.927246 867.287354 990.612244
1275.328003 423.949839 924.207418
912.876465 530.536560 923.885742
985.342773 889.592249 990.784619
861.507019 893.841553 991.126892
719.673401 278.433380 808.580505
1236.945923 507.873352 906.675293
1137.000000 852.000000 888.327271
957.000000 233.000000 922.872070
965.061493 767.189667 847.405121
1226.774658 502.925812 895.272278
755.925415 217.541565 840.437012
978.677429 348.670135 928.331665
1095.614136 260.460754 936.431244
724.948975 632.637756 918.716858
1099.439087 907.124329 841.615723
1421.546265 267.569702 943.586304
850.395660 873.622620 875.317780
801.767822 302.610596 924.814209
1320.606812 440.021820 939.202759
1390.215027 698.795532 962.854034
703.488342 661.824036 820.653076
1384.992432 854.040588 984.291779
828.742554 433.946167 849.414429
737.890503 344.253601 798.697266
796.643677 408.842072 819.793457
1353.552002 231.387558 930.405426
731.904480 700.717621 890.676483
864.122233 370.843089 853.823995
843.922150 418.197586 889.034943
741.401337 655.066437 789.519592
795.801636 408.783539 820.219421
1267.557251 651.085022 968.766235
902.838379 264.741577 937.850525
907.289917 622.065430 938.708252
913.886719 531.791199 929.778381
737.818542 700.625702 895.697571
1320.167969 413.480865 931.102325
1368.530640 220.109726 933.278320
991.636426 392.962646 938.338965
790.000000 843.000000 913.492310
766.656067 859.067871 906.263062
868.471517 748.377177 918.826945
964.432373 618.915955 918.282776
752.586700 286.844376 868.278412
732.994446 635.703430 950.252563
820.504547 273.333023 914.112335
1083.170288 889.027649 821.363892
1182.372681 330.767273 904.516418
1331.092773 514.590393 972.887024
970.000000 319.000000 893.131531
972.289429 624.643127 915.958801
1305.375183 470.149033 938.684814
771.862427 224.115448 854.121735
728.619690 637.216187 924.230896
791.345795 472.447021 805.796997
745.943787 917.177429 902.750122
1265.212891 543.231506 936.535095
1225.167419 608.117462 974.406799
1157.635132 642.313599 910.780212
993.934448 364.286987 929.107666
962.945877 226.049286 925.246506
1164.000000 632.000000 916.008850
913.271545 530.353516 925.396667
1369.012695 464.139343 927.415833
1360.000000 851.000000 974.346069
1037.557861 349.646606 932.010010
1078.103068 765.125366 942.330546
1115.542236 787.069824 956.727234
841.000000 217.000000 913.721130
1356.052165 363.176860 938.773783
753.028015 869.089935 707.821808
1420.046570 280.893143 940.529114
1217.543579 869.727051 896.802124
1045.000000 340.000000 880.548950
811.047577 903.597260 906.526520
743.634644 741.125427 965.937012
1041.333496 709.078369 884.971049
873.723511 891.197327 759.221680
786.000000 235.000000 846.004150
928.402588 726.253296 953.217041
1116.169312 626.286224 951.298004
820.876740 268.451202 920.089081
1215.938965 496.856781 888.355347
1207.740601 331.374878 919.348267
1147.785278 253.632004 936.195312
1039.190796 896.373962 992.217590
1090.000000 854.000000 957.645630
812.929932 623.834412 949.631409
1357.485840 854.157715 978.958557
1023.946940 898.759745 986.160441
886.245697 887.460175 990.530579
1055.000000 253.000000 932.023010
974.713403 410.124731 929.881555
1013.111755 644.330933 842.045898
1403.622864 509.790649 979.457581
724.751729 296.828135 809.879761
874.834991 230.394974 918.378052
1029.926270 772.306152 848.666412
1409.762451 441.358154 970.932312
797.591431 404.525909 820.190247
736.075836 698.361359 923.120544
737.764771 356.494843 789.600464
1127.134521 222.365067 948.879272
789.134888 823.808838 942.750732
765.635590 771.011017 820.919373
1178.404053 856.653687 881.999237
1280.855591 700.547363 900.620728
1206.527039 332.923126 910.820251
1141.588786 861.795776 978.022949
1109.881653 814.865082 864.475983
738.928772 740.780334 976.260254
1216.268921 586.286774 928.624969
908.725464 383.830933 944.538757
1213.571533 853.691101 877.067688
1399.114746 247.414673 941.431274
744.772217 340.670197 921.922546
1395.729309 254.954445 940.910309
757.000000 911.000000 901.824951
1367.211548 448.964172 925.040405
793.694336 241.072815 844.025879
1037.840820 903.530579 993.108154
732.479980 675.860901 923.547791
826.135742 543.719177 960.932312
791.859680 807.237122 722.336487
792.922974 795.020996 734.732117
962.186523 929.297729 965.732239
764.116699 230.484192 847.644897
1142.828125 865.588440 857.711914
897.666667 261.666667 943.004110
872.505005 921.716919 756.868286
920.616150 807.952698 798.690552
898.767151 542.653687 823.473328
1185.197673 786.531128 967.153422
1092.922729 517.860535 931.626709
1090.739746 611.883240 948.589294
887.463654 679.218445 792.843475
1178.125549 861.332642 884.791992
1369.790344 465.626556 964.179382
1181.865234 855.263794 936.914124
1006.484009 884.291809 991.549927
756.972412 223.777710 841.233643
982.148224 572.750793 844.390350
884.164612 678.162720 791.575623
952.043076 807.222794 798.029160
1085.768555 602.267792 947.662720
874.896240 535.747864 816.545380
788.000000 876.000000 986.242310
1221.622152 577.916219 926.823588
1163.058716 818.524872 960.745026
879.235596 891.199402 993.705231
1224.964722 589.532898 986.935059
932.776794 304.955780 949.806610
728.402496 369.051712 926.542419
927.500000 221.000000 925.846130
741.720886 359.823975 793.755493
1214.383911 269.848724 913.376892
850.189148 528.486664 817.046967
849.438232 515.099182 930.378479
734.610596 228.151978 908.497314
1337.963379 836.733012 909.739482
864.843140 741.258362 920.723145
786.900208 226.216293 850.274109
891.482819 546.035767 822.669312
729.128662 609.526733 931.187439
757.882792 248.854482 913.315084
944.798462 895.063110 931.611206
940.904846 777.977692 792.617554
1264.381592 547.360291 931.393372
1093.102295 888.598572 822.445862
826.331726 442.967896 845.664551
1398.117589 249.902669 941.482247
1154.663330 807.808167 974.366272
1276.440369 424.496094 919.392975
725.788147 642.563477 917.836304
1381.560303 530.610779 971.103027
863.011902 808.479370 770.522074
1389.994141 514.256073 953.682983
1054.000000 898.000000 812.832031
938.500000 269.500000 877.117371
1382.400604 435.381409 954.796753
728.521790 263.832153 920.697327
1064.000000 750.000000 939.801270
1214.953369 583.108856 919.435394
989.863342 923.965393 966.199341
1038.851807 725.240112 939.821655
771.788208 674.700439 764.264954
993.067627 276.685130 889.517415
989.653442 569.507568 841.789368
828.000000 714.000000 952.841431
733.621704 309.668793 820.186951
1174.854492 884.822052 937.434143
895.242676 845.937134 775.047607
808.250641 352.834427 821.207672
1049.000000 254.000000 925.617310
1240.189331 893.962646 885.670715
1242.777954 371.803101 912.576721
909.845886 823.455750 774.481567
972.551392 752.881714 807.765137
826.532532 536.919718 966.986593
1360.975586 848.512512 976.992310
740.898041 770.087891 959.825531
773.001119 760.531291 936.411926
953.269938 763.851827 810.990173
903.928192 267.441818 866.352203
1321.127808 410.921295 934.490479
824.652100 543.720703 965.622131
958.652878 722.380829 931.807388
878.056671 676.238495 791.045898
1088.807739 604.298828 947.734619
1303.138184 756.127380 954.532166
1346.997131 550.086853 924.071320
872.384674 251.383392 945.200958
1225.491577 618.506165 976.054993
1425.007996 268.238358 937.968384
973.961670 419.715973 931.731445
1224.561157 863.738098 896.722565
1075.000000 762.000000 939.801270
1065.000000 251.000000 924.015930
1150.920410 805.539612 973.465149
1120.553284 628.387787 947.738800
1035.162903 548.309113 941.194000
1402.117065 862.158264 984.481628
998.693665 375.375458 927.798645
1275.630493 714.126099 901.274475
1412.221191 412.455109 954.089996
1303.152832 755.369080 960.285522
794.153381 809.379700 969.844299
799.974731 790.301361 969.153137
1408.241252 458.560282 965.147685
898.466614 265.117767 871.882446
802.833954 307.473663 925.627258
900.210999 677.477539 794.609009
729.106567 268.925812 926.920105
1404.710693 359.512848 964.749695
740.674408 347.131577 791.490906
820.160065 455.966064 924.932526
1114.264465 491.061386 922.565186
994.053284 364.727234 934.848206
1106.583313 284.893509 897.517624
760.924133 851.801941 780.784912
990.975464 928.388062 964.176575
1078.252075 847.128540 955.119995
976.478137 877.847424 995.542712
1001.798218 277.847412 891.135406
1050.000000 341.000000 878.489990
1122.881348 909.066345 983.955017
976.124634 725.999084 824.397034
846.928406 423.819000 890.611084
727.997925 388.968323 928.242798
1078.149170 769.572815 946.338562
733.879944 679.199707 920.142761
1045.717163 343.914047 931.982666
970.852132 739.778931 818.399740
1343.000000 857.000000 971.143250
865.607117 249.784744 946.007812
755.114502 241.237381 910.449951
878.000000 747.000000 903.655090
918.000000 301.000000 894.732910
805.519775 791.647949 973.607666
741.234375 871.095276 892.790405
985.226949 925.621989 970.663981
1087.318970 864.719971 849.123901
990.900574 375.573029 931.918396
1108.019897 291.857849 896.820496
1381.211609 427.274963 932.227722
1029.644531 865.080688 941.114929
1386.443237 218.201462 927.322510
1083.000000 888.000000 824.842651
1320.607910 402.892792 928.016052
922.853333 219.281937 930.077606
1401.452209 866.749023 982.362122
1247.343262 510.398315 907.574768
888.786926 879.142883 759.406128
787.459076 838.347992 725.268951
1256.000000 902.000000 883.523071
739.095459 673.932129 974.078247
851.415039 909.176514 920.356873
1373.666992 868.364563 952.699860
1194.562500 307.227905 931.260315
733.556396 740.627045 990.388519
729.992126 379.104004 925.490631
783.168457 752.508911 746.952637
1031.130859 894.300110 985.313171
1080.526978 904.612488 998.740784
857.070435 812.978638 769.330017
796.480957 898.627563 979.830505
1142.007599 219.370937 926.853058
795.002148 838.179883 908.168774
1025.659058 604.996033 853.256165
890.000000 845.000000 866.136230
739.917877 747.326874 979.439789
844.269867 530.376129 936.781982
862.000000 532.000000 813.975891
862.365316 748.757690 929.853658
1242.836670 369.595032 917.096313
1207.475586 698.877991 894.562683
930.836731 486.431030 858.870483
1382.052124 856.053955 976.192749
1380.676392 430.267471 932.117615
1035.000000 846.000000 910.289551
798.304016 404.598816 819.880737
930.558228 307.757385 914.967834
1360.000000 898.000000 938.886230
1079.722656 577.321533 945.576782
1332.966675 830.793457 909.848389
1080.166626 554.414429 951.164062
987.196411 353.569153 930.182922
1350.793335 828.389832 976.415527
840.000000 886.000000 875.744751
784.210876 757.864502 744.261047
826.758240 903.092712 911.756348
1040.019897 898.752258 986.388794
869.274597 380.366150 853.066772
1091.984436 610.662018 954.659363
1107.000000 781.000000 949.409790
805.567017 793.437958 972.130829
876.000000 887.000000 755.867432
734.718018 691.755463 923.185883
1168.722107 478.703690 896.310791
1076.529236 771.313751 941.732635
1390.219849 520.661438 954.878235
856.827515 813.594788 765.799194
769.830566 851.096680 988.933472
1392.419159 262.476326 940.234970
1107.000000 853.000000 957.645630
1196.000000 252.000000 932.709351
1102.645508 521.524414 876.432617
786.207092 813.222778 936.706055
802.909261 902.619059 906.974243
960.984619 927.122131 962.745443
1369.482015 220.037089 938.064270
939.183868 567.899353 830.663849
843.773590 632.046112 912.361206
1167.000000 254.000000 939.801270
740.551880 328.052877 816.519897
1161.259277 827.441376 956.727875
761.384460 779.879150 818.314880
1053.807251 853.906250 954.165405
1029.359497 542.395569 939.780090
1306.000000 557.000000 937.056030
1401.822339 237.512231 939.546228
1421.311157 281.162933 937.371765
784.711792 474.406403 808.433044
885.978699 886.893799 766.285217
1079.453044 586.185547 944.428406
1200.755981 324.345459 912.946472
736.410828 695.215393 885.199768
1222.273804 580.163727 983.517242
1041.421814 715.113403 941.388397
1390.402344 497.048889 944.225037
862.464111 841.728271 914.965149
734.626099 656.359009 794.652893
727.208649 631.465027 917.126648
970.004138 921.543713 964.950684
827.948730 276.833252 915.704712
1329.804565 424.604553 943.109070
1052.000000 894.000000 813.518372
910.000000 924.000000 802.308472
1108.008789 323.027496 891.705139
1403.856934 363.471436 958.006226
1019.434570 601.770569 895.252075
1132.500000 785.500000 956.044250
1393.470337 260.104299 940.476562
1393.874146 859.736267 978.703064
1138.556213 255.356819 943.437286
1004.887756 893.318665 986.844971
1174.792847 274.487701 935.444824
960.719849 550.303650 839.818451
791.332764 808.113098 971.433736
797.482300 398.969177 821.143555
997.000000 277.000000 883.065491
846.841736 522.456543 927.213806
1168.047852 859.366211 885.926697
903.390747 620.243835 936.928284
1108.679321 817.408813 864.170959
821.826050 541.860352 966.438110
1224.972046 863.869385 896.422668
1308.598877 799.270081 963.613464
1098.919189 887.014526 832.800720
744.031128 322.254272 806.789062
1401.489349 226.628525 937.163864
1188.732300 786.157898 967.157837
1163.427551 809.648773 965.350647
738.555420 769.195007 963.205994
737.161560 692.463348 889.785400
1410.016602 491.087677 977.376587
854.000000 903.000000 924.473511
1157.667969 474.987549 895.319458
967.385437 721.875916 925.828308
759.550171 770.790649 823.748718
789.430786 810.364868 731.967041
1395.277588 247.351578 947.894958
1425.468750 747.159607 971.904877
1138.964600 870.354614 982.539612
882.694336 539.232056 817.953369
972.848022 744.613037 806.829712
985.799438 401.037949 938.505402
794.140808 901.661652 904.859833
737.127380 821.447266 983.329407
1258.580322 735.946411 897.924438
1192.984375 857.738586 869.822357
1363.789307 885.665649 942.914612
744.433655 741.129089 959.102356
1134.203125 851.668701 888.454041
1325.926270 446.516235 946.887634
1335.336792 858.910919 968.671082
1037.431803 866.995504 947.402791
1389.034912 849.393311 978.313385
1402.035400 510.680115 974.873840
1139.093994 856.343872 858.482666
1403.954712 675.923706 975.037842
1018.527893 333.260569 882.740092
883.854004 899.359436 913.042114
878.241394 677.184204 789.310364
728.000000 611.000000 939.572510
787.285461 822.815247 939.317871
754.020691 288.447418 868.815430
734.000000 739.000000 997.452209
1090.014771 679.054199 902.057007
1263.314616 429.948568 917.518819
745.000000 773.000000 964.280029
1075.896545 904.586761 1001.467010
1176.572876 872.956146 938.945129
891.733887 834.525269 922.433350
1135.748535 868.577789 982.368927
738.910767 699.244568 895.703125
860.578491 779.508606 773.629089
934.181580 528.008972 928.655579
789.089783 837.462097 912.963684
1131.220215 886.219574 978.118683
1205.953857 332.823334 909.964722
760.804626 765.679138 824.836334
1213.446289 336.460083 917.943970
1144.014771 858.087219 866.472107
847.892639 417.972626 898.510925
722.007050 282.708633 814.278320
1242.448364 902.572754 888.328369
1404.182617 670.426453 964.060852
1324.460327 399.003632 931.857788
1333.246216 510.536041 972.582825
836.810608 627.947632 913.723938
783.804342 759.138611 942.350037
1139.417725 860.339172 978.049622
932.047424 230.912994 919.785278
796.168457 889.973572 985.629669
1370.628357 439.122421 925.288452
731.613144 884.544876 672.410767
744.327942 351.728241 799.014954
737.980486 884.547450 695.174142
1389.696431 309.102427 951.611094
933.670441 791.492615 798.199707
888.344543 257.099579 955.231323
1023.916321 610.018616 853.127502
821.666077 434.864624 921.427673
1027.989258 336.765503 882.895935
1365.764404 446.481750 970.276306
995.018575 393.389053 932.224233
1030.779968 891.114075 991.130127
1021.992859 222.837631 928.121765
1340.000000 895.000000 910.518311
1269.786377 722.149963 899.792358
819.349731 278.405273 917.801086
1163.267761 481.192642 894.818329
776.449158 669.408325 757.605225
1421.855103 889.580505 992.187317
1194.702271 304.941101 925.031677
972.383881 348.461990 923.655029
1045.429688 866.016418 953.287415
757.358215 218.429199 849.498047
854.138489 282.632843 883.713562
914.000000 300.000000 899.765991
756.403748 856.988586 779.776184
1182.987183 331.332458 905.247681
773.561981 514.158356 993.459290
1371.807922 878.038971 949.689026
732.274597 309.718445 811.035767
1144.645599 853.873016 972.672577
1003.638306 370.419556 932.483459
1107.453064 320.740570 892.159790
802.737976 800.862549 976.468689
850.386871 528.007324 817.388580
1299.644043 244.446304 920.307495
1373.912964 868.028137 951.968811
1288.719727 695.539307 906.210693
1403.880859 872.226318 985.687836
757.305847 912.743713 904.643616
1092.430542 673.901794 900.003601
981.867310 349.481476 921.995789
1028.732178 776.127075 853.774434
1293.000000 416.000000 923.100830
915.000000 923.000000 793.157532
875.490692 901.331543 918.139221
733.000000 385.000000 923.787170
735.094971 689.096924 920.896729
1359.445435 901.018066 939.576904
728.337158 641.275391 915.380554
832.255524 902.917877 912.644318
770.843445 513.118286 995.144775
1220.230347 869.427979 891.529175
1387.240356 528.642761 953.649719
937.937225 491.515732 860.267273
1032.533813 349.600891 940.761108
1417.549072 282.801666 941.201233
1298.650269 749.745361 954.520813
773.000000 853.000000 987.614990
850.248230 869.113159 875.473877
739.101807 653.993408 789.492737
1028.215210 856.914978 943.079224
792.649994 901.613098 905.351440
800.474823 879.585693 986.029633
1215.305176 340.655731 912.715332
1361.654846 879.228363 940.944519
819.598438 315.473254 919.068359
1169.164551 255.272003 931.588806
1393.252563 565.530701 955.807251
1205.819244 603.259628 926.523758
1180.861145 622.029175 920.391754
753.770935 309.082397 877.385620
1374.816650 874.640137 958.933899
736.519470 879.080383 676.466675
917.176819 267.892639 869.659729
796.309235 814.418945 729.879822
912.188354 928.734741 803.957275
768.886292 848.328491 717.232544
870.760559 922.397156 763.216858
1338.658936 857.292908 975.333496
1286.000000 698.000000 903.655090
993.061401 614.765747 891.701599
1009.000000 331.000000 885.353210
927.928223 726.072815 952.334290
735.382141 656.530579 797.114990
1144.554138 793.654297 959.637756
960.452515 756.528687 815.521362
1354.676575 907.201721 935.953583
1098.471436 907.540405 843.074036
1151.778198 651.525513 912.407104
1134.517181 792.803284 959.301804
1135.484711 873.755127 974.870132
728.038818 273.710022 922.178711
764.687805 743.724060 820.796997
946.662476 769.663452 809.044312
1392.137085 565.650269 950.617371
925.731506 301.030731 945.208008
1011.945740 516.654724 941.475708
1139.619141 854.942261 891.295471
1263.257161 729.758016 898.329692
769.943665 216.064011 851.103699
910.000000 921.000000 790.412231
1321.943726 423.135284 935.076538
1241.917725 374.479156 918.657227
1147.260376 850.564880 962.182861
1178.332764 628.468262 920.979553
889.327576 902.626221 919.765564
1160.973022 828.751892 962.893372
781.000000 876.000000 992.876709
1300.000000 250.000000 918.982910
760.165070 327.356369 868.768738
924.563416 299.877258 946.228394
986.113373 880.293579 994.704010
1304.609985 758.869507 957.874939
743.332764 336.700165 811.982025
1094.713623 515.271545 925.998657
1190.717163 296.766083 931.928650
1043.782511 339.150726 882.102783
766.543732 854.889160 775.301819
1137.645671 219.913884 925.339752
966.985229 874.350464 995.694275
1138.116211 866.834188 972.331278
819.560567 538.598145 968.661235
1065.927368 753.422302 934.578674
841.588440 213.901657 914.843811
1114.000000 511.000000 881.006531
1379.603516 526.084839 966.462463
1081.000000 241.000000 923.100830
841.874756 623.264160 913.766296
879.529602 891.906982 995.179321
971.752197 415.244843 937.799561
744.926636 864.181152 704.510864
1142.925537 789.895203 965.816040
1112.496257 289.346385 907.505371
907.061523 732.792969 962.318848
734.691803 609.974152 938.433868
968.670349 761.852509 839.150024
826.741241 277.272491 921.404205
1137.623698 254.070287 937.468770
749.232971 277.618073 870.169312
746.532837 737.116699 962.255310
1002.181305 603.469574 892.614288
1012.248901 770.235382 863.286133
1419.208984 884.996033 990.926117
1048.644592 723.028046 943.283020
801.624817 556.200439 790.040466
1391.693115 519.442871 960.938660
1125.000000 790.000000 958.103149
1096.041016 513.863831 928.910156
1373.665365 425.152283 930.521891
1014.424500 629.112427 838.744751
904.338196 534.375488 927.401550
1216.848877 867.860626 890.743195
1298.510132 549.892792 936.092468
730.007239 301.096332 818.245215
1259.818604 736.787781 899.077148
799.815063 809.487488 974.620789
878.000000 884.000000 757.240112
789.928467 876.527100 720.116272
1308.201538 228.578079 922.496277
1144.802246 850.780823 965.424072
1313.076233 405.717911 931.432312
754.219818 309.595871 873.716705
1133.134399 881.336853 976.913818
1376.379883 415.598517 931.534290
1210.333618 703.893860 893.301208
815.098877 630.167297 947.011658
745.114624 242.323334 919.450745
912.438293 927.032959 783.476257
1195.000000 273.000000 910.289551
806.397095 630.211548 950.591431
907.440308 382.146027 939.212891
1024.396851 614.725281 851.320190
891.290283 885.335205 989.916138
1350.535583 825.429413 973.064911
779.111755 220.046143 851.400940
859.729187 531.529419 816.644897
808.146545 634.062866 951.776001
1080.041260 862.195251 839.168701
746.917297 746.385010 954.908447
904.343719 333.903442 923.276733
1081.097656 904.244751 998.276123
760.709045 743.026276 798.048431
1239.365967 379.499359 912.267273
910.524445 267.238586 867.072174
1173.844116 856.039001 882.332520
1316.012573 458.061147 943.989400
959.476501 755.742065 814.960754
965.998413 748.206299 816.019470
755.171753 868.053711 700.574768
747.046936 549.070007 777.697673
724.838379 292.023389 816.270984
920.896667 407.056213 932.564758
962.981628 271.752808 885.996704
1115.810669 788.113464 927.795349
1322.597778 455.885437 947.663513
818.000000 310.000000 835.023071
1079.916199 243.788780 934.892456
1125.161133 833.082275 854.081421
743.789551 655.784241 791.752319
1069.648987 248.279602 930.936676
951.411804 926.364136 821.862396
1204.946777 693.615906 901.470459
1242.367920 518.850891 915.110352
1114.217590 782.152374 962.788696
960.885132 926.313721 962.002686
1072.540812 863.877747 842.475423
700.763733 661.244507 820.376221
1172.807495 334.844421 915.485779
1426.926880 746.793579 977.350708
849.124410 901.579407 914.966634
1098.089111 673.390381 903.708252
981.699524 931.210083 965.472198
801.450500 247.094864 842.135864
1010.714274 358.641632 936.062073
799.000000 565.000000 791.556091
968.806244 759.318970 847.052368
826.950684 457.435593 924.635864
801.633484 899.801086 978.061401
732.748901 840.189575 798.785889
885.658295 909.524750 913.932739
1165.396729 469.251495 898.032776
971.761047 422.932922 933.061462
737.250641 319.083511 819.356903
1352.446411 830.538757 977.365356
1318.744629 451.519958 945.208618
1034.548462 712.019043 888.325012
1006.537577 278.789205 882.378296
1226.361877 604.717072 978.466827
785.543518 464.809509 809.826080
1410.767090 410.776520 951.580688
818.286499 448.283386 921.285034
1014.000000 639.000000 837.310791
762.636414 348.454254 860.499023
853.843079 643.279602 947.645447
828.855286 546.990356 959.436523
1119.527913 483.286570 918.292480
999.505920 733.721954 864.409149
738.492554 888.661011 693.929443
997.279266 575.249359 846.161835
1111.133179 784.060150 929.702240
1206.226013 694.113525 896.089233
860.265503 748.263733 925.969971
1072.000000 249.000000 924.473511
979.573547 626.044678 923.500610
1154.410645 787.997864 962.206909
1423.449951 352.629364 932.516907
763.622589 342.556015 870.191650
1028.864014 354.578308 931.987732
891.997803 833.888672 922.093994
921.996460 302.428528 894.449951
884.000000 823.000000 771.652832
829.938202 471.309921 930.553192
799.002808 401.035553 817.645081
1114.079590 796.364441 931.558472
780.025818 850.816040 903.953491
1086.170532 296.977936 893.195435
1112.746582 492.708984 917.905090
1090.076599 521.343323 931.819977
1086.262370 853.469035 955.332906
775.876953 664.769226 766.865906
1265.000000 431.000000 922.414551
931.820312 532.412231 934.723022
1046.211792 731.431976 940.318542
828.683228 431.336456 847.435608
1246.258911 434.331726 914.360352
867.000000 815.000000 989.902710
1391.825439 860.434387 989.005188
1018.448413 639.085193 846.790759
1322.112549 424.812561 942.636353
1392.652588 219.166534 928.102478
1288.048828 699.435181 912.434082
765.187541 739.060689 811.732869
850.799683 502.392517 933.962036
744.883728 329.879791 800.543457
1249.862122 905.921051 882.513916
996.000000 385.000000 928.133850
963.462769 770.820801 847.170593
818.747620 614.776978 948.193665
860.000000 753.000000 964.051270
848.106750 415.952911 896.120361
806.884399 781.745667 973.320435
795.771383 799.285767 969.170105
1095.484741 855.197784 951.167145
1412.780823 416.757004 961.892273
905.467041 925.189148 803.381866
884.839478 846.825317 870.112793
1024.758057 334.943893 885.170898
904.585632 828.443054 779.439880
964.808818 273.130717 877.703430
1389.656616 513.282227 959.419189
747.170471 543.966980 774.502441
1053.000000 341.000000 883.980591
1402.831787 509.819336 974.104919
759.986938 861.993866 704.433228
850.946075 908.527130 923.813354
1107.878357 515.508911 878.323456
1097.043091 672.100342 900.790710
963.572235 772.278625 836.784576
862.448547 247.010719 945.153534
754.688253 735.901225 780.365011
1214.323120 496.073761 892.284607
749.520264 283.053284 860.820251
1336.000000 897.000000 909.831970
879.297668 834.225281 771.260498
856.884705 755.860413 966.587891
797.310303 301.275604 926.675049
1043.574707 708.050720 885.874023
994.004761 662.779297 833.839111
860.826294 897.961517 998.182129
1105.167603 615.737020 946.564555
718.409709 278.234009 807.558980
953.288391 270.680725 883.870789
1319.275940 448.762100 942.619476
871.829407 838.277252 925.068176
1195.974304 200.294868 935.507690
963.597371 877.715474 993.446818
875.500488 927.843384 749.121826
1334.002808 821.569092 913.568237
838.796265 215.451828 915.620667
870.741394 920.590027 754.678040
753.498627 798.683105 815.903351
728.362549 861.694916 684.046631
1311.275879 799.812805 967.559753
729.590546 302.373291 810.571594
1198.662903 190.675339 936.026337
1026.488892 335.609802 879.074677
813.574036 244.104614 918.686157
729.850769 835.154846 894.617340
917.918030 809.995728 795.937317
835.036072 551.891296 953.290466
1240.726807 895.975891 893.034027
798.588074 240.515976 909.507568
1297.693604 748.388245 958.688293
958.333008 926.175842 828.103607
1203.733398 689.652771 897.522888
803.810425 880.667603 979.157043
1408.284241 451.128754 969.201447
959.331299 758.421549 805.230387
901.000000 533.000000 826.100891
1199.300415 277.350922 904.121216
730.352417 834.136658 896.096802
910.272644 822.084595 784.387817
740.738861 886.372559 670.642624
877.454590 297.495758 903.059753
1315.000000 801.000000 963.593750
1179.834513 326.915151 901.533875
979.778554 408.990133 938.415110
755.592102 298.832489 867.192566
990.138123 375.958191 931.903839
755.003540 870.297302 708.033752
1339.473511 862.640076 973.620605
1019.037292 726.737396 876.019714
899.531067 295.476471 903.073975
1226.564087 608.096680 979.710266
760.720215 214.326187 842.987610
771.003754 854.756775 901.604462
1133.201294 787.598083 965.768860
1009.756531 603.615295 893.942566
1119.000000 839.000000 851.037231
1080.439270 548.990662 950.983429
969.972107 551.829041 842.853638
1400.449646 519.174774 978.096588
948.477966 220.438278 927.482666
1031.752563 677.560608 866.779297
1357.004761 366.365204 939.354553
1112.793945 628.916626 952.155823
1186.208984 239.746094 935.400757
822.334839 444.176239 923.033691
1079.793335 567.080841 939.261475
1153.744019 659.510071 916.086304
1288.632935 789.428589 966.499451
732.766418 602.500305 936.631348
1283.754944 420.971024 925.216095
1405.511719 670.657166 963.405212
961.970886 230.453033 920.654419
787.539581 934.674377 702.296326
909.000000 574.500000 822.669281
1123.690186 632.827881 952.451904
1388.389893 225.587006 932.949951
733.346008 604.825012 937.202698
868.061259 892.029724 990.830566
927.637777 267.765472 878.402344
1047.000000 902.000000 809.400391
782.411682 746.673523 747.508301
1370.064551 435.245367 965.511707
1084.035400 889.984192 819.308777
1098.016846 288.214172 895.931213
1153.146362 479.752777 890.805359
1113.000000 506.000000 879.633911
742.388519 904.101379 664.589386
1360.447998 224.917175 934.783081
737.948303 870.291077 700.773071
1239.080017 381.201797 916.526245
1148.074707 256.046356 932.421021
900.043091 331.892944 924.673523
854.418427 901.302948 915.632019
971.100922 620.605621 924.287689
1088.774536 225.052246 928.038391
828.675781 441.908356 851.688416
1126.272827 221.910675 949.313416
1398.047363 237.891525 946.550293
1095.040222 609.002777 948.744446
1023.394653 715.666260 937.872131
725.366699 378.449249 927.667480
1168.781982 912.697693 1000.259033
1189.578491 846.725708 871.993103
1319.639282 417.017517 934.149292
1350.864990 818.168762 973.614197
959.283356 908.811401 937.886810
1129.812500 853.028076 891.700623
825.629181 284.766449 912.740540
1311.278809 223.544235 921.685303
912.000000 744.000000 900.452271
1079.190430 545.491943 945.159790
1033.219971 710.217163 940.653931
1214.000000 875.000000 886.039551
963.500000 413.000000 934.768280
1171.457642 277.703522 933.369202
1365.554749 339.610626 940.038574
729.226074 259.198517 924.603821
964.582520 722.704773 925.377319
739.924164 885.799377 669.254364
1423.165283 346.428833 929.841064
1078.281494 729.772614 915.238037
1418.273315 732.187439 972.030518
790.892517 480.080750 807.893005
765.033366 753.347209 815.935933
1159.511108 257.119049 942.894592
852.000000 644.000000 945.520630
862.356750 902.613892 751.697876
1096.216553 860.169373 848.770264
762.592316 753.706573 825.059113
937.721191 470.262268 936.072998
924.191223 299.436798 945.360596
1350.236572 552.066223 921.640198
1329.939697 862.321472 971.375793
1407.249146 662.921346 967.975728
935.685984 435.032669 932.100169
1179.914093 786.891495 966.957489
921.138306 807.029765 806.485372
867.503845 531.126831 815.200439
1399.000000 404.000000 976.405029
730.211426 691.424866 892.064270
788.000000 928.000000 702.791992
736.413574 824.580322 815.732300
1366.681315 872.705302 947.011332
744.912170 329.815796 800.323853
733.009521 369.301483 922.634094
895.796326 835.556946 933.123840
846.432251 897.806824 992.073242
1096.000000 680.000000 901.367371
884.995850 310.040375 927.729004
1313.045776 796.513306 964.440918
874.825378 898.811279 752.428406
1196.388062 311.745575 925.076416
1040.000000 673.000000 863.162231
775.000000 851.000000 987.843750
806.322510 357.525482 826.263000
901.764160 733.245483 965.519897
943.000000 874.000000 922.185791
973.000000 350.000000 927.218750
1144.373950 261.002124 936.620605
1211.566528 875.245972 890.987000
1083.163940 850.951477 963.254730
901.505920 370.847595 949.301270
1179.816528 623.387756 913.981018
1007.821320 654.873474 920.288635
741.185791 342.316895 922.914917
1184.000000 853.530457 941.894714
735.956665 272.357040 921.281128
828.510864 718.698547 955.632019
751.759827 723.065308 969.611694
1047.511414 341.650558 932.273071
795.794250 505.258820 804.901794
743.477588 894.979932 666.626611
987.196208 386.796977 933.067342
1371.260132 434.666270 928.381307
1371.668335 465.092186 929.837692
972.048645 921.800049 817.997864
772.351227 853.993347 907.005554
905.281433 378.255737 938.936890
1294.140869 685.356934 913.657776
784.000000 667.000000 765.704712
765.000000 857.000000 908.001831
1399.453857 351.380829 946.609985
800.413574 270.570618 848.341614
785.810120 933.649323 706.321777
734.964417 686.079346 929.010315
731.028015 655.003143 794.983521
1425.301636 354.019653 939.309906
774.223358 840.955170 914.042358
911.792786 525.520996 923.044922
802.758687 548.382263 800.658447
1045.867065 719.497009 942.798462
1334.848877 669.018921 930.913940
1226.519409 850.726990 970.577148
1184.719580 621.193921 918.145337
1175.097534 877.987427 931.553528
728.142700 626.393814 924.889603
863.934296 812.649597 762.937622
730.381775 682.064209 888.556824
794.734436 300.930771 918.208191
1112.453491 488.737396 918.906372
775.592285 758.030945 938.404053
909.299347 267.414246 942.080688
728.962158 691.901123 886.998291
764.604340 543.225342 932.057709
1172.610229 476.916931 897.337830
1342.286011 555.925293 932.091858
871.634918 838.831818 917.734985
860.309387 803.428894 761.612976
1311.342773 548.979696 971.769430
1108.485901 507.546021 878.768707
893.000000 259.666667 949.104757
825.945740 449.049011 924.264465
1099.260498 524.720001 875.969299
1135.579102 879.619019 984.534363
1186.678101 860.379913 879.784760
894.000000 265.000000 866.364990
1072.571655 326.241425 886.809387
850.962402 872.226664 869.202820
929.612610 902.400269 925.635559
735.562256 640.826660 948.269897
1368.254333 441.561783 925.983154
736.399673 362.957985 923.307968
734.000000 846.000000 789.725952
1397.690308 404.639862 976.752197
829.702850 436.492218 852.897217
864.200256 812.739319 991.807434
831.911865 910.990173 728.024353
842.716736 904.334717 923.381409
845.955383 524.814697 938.423462
899.406433 833.843262 928.810364
1156.576233 254.155727 931.575272
1032.591675 712.612915 881.839783
1395.470886 692.133698 971.906433
791.884216 808.274475 969.191345
1376.667603 446.941696 931.065643
773.363159 232.401225 852.005717
931.310974 879.916321 922.532166
973.000000 722.000000 929.048950
860.585693 363.633331 847.610229
1311.944946 472.228516 945.376648
880.292572 536.878357 820.305481
762.902405 740.169495 790.971497
1191.221313 794.795563 967.909637
928.854858 485.463531 857.922974
1222.005737 578.124237 928.425140
739.911784 821.039164 992.022644
946.943298 770.428558 794.670074
1158.000000 642.000000 908.916870
854.658447 533.333252 807.636414
994.884460 892.115173 987.837494
803.022461 252.608566 913.578125
831.480164 426.887360 855.039215
732.685486 637.635803 951.347046
1354.375854 573.262604 944.415161
1061.897705 750.044250 939.950439
1078.219147 584.811066 947.269287
851.066467 840.339966 921.554260
1414.549683 421.659749 967.722738
1001.741486 277.807571 892.251648
857.747314 779.879822 775.396790
759.416931 738.736694 789.020203
979.133911 555.424744 845.289185
1073.773254 757.511749 938.397949
800.370972 555.913940 789.610535
1340.065063 804.818298 922.650879
1022.088745 711.440491 938.516174
902.874695 630.959045 939.895325
1083.696411 719.707947 917.405334
1004.398987 894.759460 986.783081
931.109985 308.392334 914.299927
1208.191589 270.990875 912.119415
1315.126587 542.853638 970.865967
1385.657471 542.083252 967.893494
896.409119 686.578766 917.337708
883.313721 821.634216 776.804810
1399.789246 684.035767 975.107941
864.343262 819.033264 772.562256
1151.463013 652.051147 916.642761
797.020935 780.665466 974.935364
1390.450928 524.921997 963.472046
849.500000 874.000000 749.919342
1350.712158 552.587097 921.404236
1127.158569 833.711731 864.375854
793.186829 762.859314 946.377930
1306.394043 467.959076 936.974915
1133.731995 842.661224 858.878937
793.448975 834.106018 728.714478
968.134369 924.341461 827.353577
1424.324585 344.141327 938.144531
970.158203 614.240601 919.853516
1176.879028 281.055450 937.444702
1397.256348 404.266571 976.008606
904.912292 535.050385 825.859741
887.060852 846.272644 860.225891
1406.922363 500.356405 978.493306
1422.338135 336.509750 928.893188
730.500000 741.000000 995.393250
883.000000 315.000000 920.584351
789.807434 879.101624 989.297791
1056.641113 847.456177 961.930603
1104.276062 623.919739 953.660675
852.254517 282.315948 884.502441
1292.776489 416.978973 921.900818
897.050659 537.869568 824.182068
1029.442017 335.693527 880.942932
842.688354 844.138153 914.995941
875.865662 842.931152 767.913513
755.704163 857.260620 777.891357
1021.788696 774.125854 860.087769
739.862183 713.369751 923.875061
1100.075195 266.804372 939.463460
800.008972 269.625214 849.126587
1419.505737 311.456665 936.504761
897.899556 836.613647 774.737915
737.177002 818.543335 816.840088
905.202057 618.914032 933.197540
760.566650 747.291382 807.373535
1248.835815 516.427795 914.849487
845.414856 529.561951 808.213501
734.941020 369.636271 793.405294
1023.932886 222.779648 927.893079
789.954590 874.375061 715.444672
956.000000 414.000000 932.023010
967.000000 273.000000 878.261230
850.208069 424.013046 900.031433
1386.322021 222.291458 938.670654
1305.000000 222.000000 924.702271
1389.093628 491.902435 949.804871
1386.556519 548.020569 970.797974
852.000000 841.000000 922.185791
727.976501 616.275085 943.071167
1331.079956 830.145691 908.971710
984.732178 577.139709 845.125000
733.788513 221.861298 911.496216
1264.800171 544.566223 927.615112
724.603821 388.393005 928.402161
814.360291 246.684433 919.704163
858.499634 247.523605 936.465271
887.000000 837.000000 928.591431
875.000000 844.000000 764.332092
848.830607 218.193665 917.252116
736.606812 878.094788 674.348999
872.470764 228.117335 917.938578
1382.969360 417.480337 932.816996
1259.308899 741.079041 900.139496
742.560608 894.148987 665.075073
857.197571 285.083069 886.906250
749.410034 877.497559 703.926575
1027.917114 538.344584 960.066895
727.276672 620.818726 941.324585
1425.879272 363.734589 936.539734
739.643433 672.688171 976.986938
843.714264 633.732330 909.032227
957.760681 272.426056 873.529419
1328.202515 397.997314 932.647156
1159.816528 337.190521 915.886536
1206.640503 697.430115 900.377075
906.899902 610.262695 935.206665
760.834778 768.170532 826.987000
1310.653931 793.882141 962.754944
855.222412 245.552612 928.612244
1358.340088 858.437195 976.678528
947.883606 271.168884 872.600220
1378.831787 217.332642 936.292175
1367.652588 872.320770 945.570618
1284.025350 420.928345 920.375895
1079.907796 574.031677 947.386739
938.348877 493.029083 858.689514
903.508545 529.227112 927.244446
1402.768311 349.552979 964.190491
745.940063 345.749054 921.257080
887.441925 863.893738 907.894318
1171.127319 329.847626 905.195435
1371.021423 435.736408 961.791000
1412.900269 482.464345 972.969198
1222.117065 588.007324 976.515808
963.096924 420.511139 932.408569
766.241455 814.003662 918.951355
1155.615063 663.466150 917.241492
1208.554077 702.613586 899.015137
901.138184 744.179626 959.337830
1155.792236 484.659668 892.672958
1170.000000 855.000000 883.294250
1202.822571 608.868286 919.654266
1221.000000 846.000000 877.803711
1230.253784 504.389191 900.112061
927.896942 560.306030 826.154114
891.151672 674.176514 791.957275
921.000000 268.000000 870.025391
980.075732 727.463086 815.711462
902.000000 830.000000 776.685852
962.369019 923.872498 819.412109
906.237762 610.395081 934.884338
960.750916 768.748840 805.635010
1330.483154 514.829163 969.039062
765.056580 351.520782 861.429504
805.949585 359.800156 824.981689
1058.900024 896.278534 816.971344
1396.567871 316.922302 951.639648
737.542480 806.810140 989.176188
1204.067017 856.504700 871.229095
966.555359 761.293335 848.179993
1390.863770 502.561890 958.326538
859.941833 362.778961 850.256348
1028.762451 546.907043 938.722229
744.756653 916.921875 897.561523
734.985779 893.542297 669.863220
758.993856 915.666850 895.051086
1156.700887 830.807190 962.453430
739.895691 922.008606 904.617249
802.648956 557.238708 797.651428
726.427734 853.689636 683.214661
885.768860 918.116394 768.064392
875.813538 898.402588 759.817871
1099.816162 331.003662 889.020691
1404.909180 359.115784 966.182800
771.365387 260.343521 915.675385
1380.884399 581.847656 952.097778
780.268127 877.785156 993.199219
842.125031 839.918396 921.085175
1344.782959 804.218018 925.478638
869.866821 898.837891 750.091187
1153.647583 485.701721 892.025635
1422.567627 333.298096 933.429504
995.724854 383.677231 937.360229
1145.715210 810.287598 973.896301
786.040344 503.317780 801.998047
746.673767 730.310974 962.004456
1359.281006 234.090256 927.705688
833.000000 713.000000 952.383850
1256.827881 746.200928 900.641846
999.792562 224.126513 926.756622
1211.000000 856.000000 872.770691
735.376587 227.180969 903.573975
1351.010498 814.093689 973.393738
936.210510 492.212677 857.336548
839.519348 419.106293 879.650696
992.234985 605.253082 890.981995
734.002075 581.431763 931.529297
940.009796 311.388550 953.457764
1379.915731 434.108968 931.864929
899.391602 687.835205 797.970276
741.438385 260.804794 866.070312
1120.635579 291.051483 907.415039
1233.576782 506.467499 901.690125
1135.059937 838.521179 859.313232
1097.239990 517.538208 926.040527
1164.611938 340.299515 917.048798
1351.800049 288.931976 944.887024
1126.269491 634.673686 950.659648
1197.143921 189.420822 933.735535
1408.837708 401.458069 948.533447
951.426554 813.407694 800.914327
894.232035 659.095459 940.856506
857.748077 893.683990 988.749237
976.113159 736.030701 810.708557
1053.083374 913.457550 960.303009
816.193848 630.541748 946.823853
783.469238 671.525635 768.113892
1385.000000 702.000000 967.254150
1311.000000 758.000000 959.018311
978.000000 242.000000 921.270630
1352.260864 552.118042 922.101685
742.377441 870.343872 891.191162
1309.382812 859.266479 892.069214
960.227753 610.073822 846.683685
1133.446533 878.793335 975.645630
1071.680054 902.503174 999.371094
1180.913513 330.721283 911.458496
1382.573181 580.171539 950.080688
1021.787933 607.412659 895.408905
1018.982361 635.749268 847.392578
1353.749573 542.792633 923.142426
1268.264282 662.052612 967.208466
739.662292 752.205383 974.918762
921.398468 727.160980 954.848480
1191.724487 856.934692 867.877441
764.981873 743.817810 800.047058
917.125549 225.757889 931.673706
1169.467285 271.569794 940.808655
726.409363 368.533142 926.903687
901.893982 544.330078 823.766968
1095.738322 618.936442 955.493652
1402.663818 356.594818 954.304626
758.735046 777.608887 824.435608
800.814697 240.163452 847.160645
952.229370 219.074249 927.151672
765.000000 849.000000 777.600952
992.436218 928.789093 963.755737
1123.542041 785.060071 965.301685
1166.101685 262.167023 941.319153
945.431946 269.584595 882.036092
1299.798625 411.735769 924.106099
819.394482 247.953607 911.848499
798.055298 296.846161 923.769775
1019.414978 722.947021 882.125946
1081.935425 594.556030 949.066406
1004.260010 360.542236 930.663879
1016.909302 332.784943 879.556702
839.000000 842.500000 918.411011
732.002747 883.221069 677.433105
1054.185913 864.392517 957.836243
890.360046 896.126678 761.542175
816.832275 266.888702 914.441833
823.630371 598.171326 945.562927
1089.513916 254.097198 935.963745
766.841370 855.502747 709.907074
852.204315 904.434082 744.270447
763.595551 854.082062 719.457336
1139.527954 855.982910 892.632996
1319.256714 853.863464 973.162292
810.060303 306.109802 841.083252
1214.712769 716.265137 893.911743
974.005310 746.355042 842.917358
1407.329956 370.265869 961.856018
825.647766 602.565033 948.900696
996.949158 355.755981 930.501099
953.429199 812.459473 802.717712
1014.177836 896.611694 986.013916
1401.000000 915.000000 904.112671
1077.452515 319.154556 889.262970
793.844910 499.882670 799.170268
827.925934 446.097122 850.755219
1384.795593 537.157349 975.317902
1168.728271 911.934875 1000.133423
1223.000000 848.000000 875.744751
1232.706991 505.448751 894.681519
1354.896310 369.269387 938.899179
1400.622030 679.729574 963.135722
872.601501 824.511505 775.033051
879.519653 253.446182 959.024902
1008.596558 651.385925 917.798340
967.785309 761.809174 807.213501
832.646484 548.290100 954.872864
994.147304 224.449744 926.105408
918.256409 742.808685 899.227905
1080.231201 775.606445 944.863525
1178.666260 862.125732 887.126404
917.572937 399.200363 936.586151
830.086487 465.378357 926.790283
1365.736725 338.747948 939.790588
1120.592285 502.536051 882.317932
1132.153795 220.808338 923.972819
730.440002 852.193726 788.332886
751.989868 725.715637 765.963257
871.068176 383.259491 853.008972
935.000000 269.000000 873.457031
1370.948059 845.568756 976.481445
1030.065674 720.604858 938.673462
1047.000000 242.000000 925.159790
868.473694 819.121045 768.392236
828.953796 458.324615 926.478760
761.752563 545.347046 930.022095
1077.313029 526.661682 944.395284
1223.310181 863.907532 902.521667
1098.000000 884.000000 840.056091
1173.148926 335.189941 916.042664
1189.540649 296.903015 927.989258
1019.602615 653.341415 841.346680
888.691650 888.250610 992.487732
1211.917297 710.727539 894.650055
1126.781189 220.457405 939.582733
809.000000 898.000000 982.810669
962.611877 579.749847 927.118408
1102.658691 808.693085 861.730865
840.298401 895.258606 876.005310
908.793945 745.728271 900.619904
1308.503052 859.528870 888.279907
1097.882690 907.573303 844.268799
757.963867 329.205139 866.990479
846.772522 425.385468 890.845642
966.978851 232.929451 923.387878
920.000000 742.000000 898.622070
886.921448 852.617737 861.154297
1393.023193 913.466064 916.454102
1085.949097 915.629272 823.926208
1391.225403 267.084526 940.238876
750.000732 653.304504 784.319214
936.943481 872.739807 984.689880
907.800568 573.962677 818.056305
796.168579 882.479004 976.977661
805.975647 361.243683 824.876526
1082.639404 720.900635 913.698242
898.334564 880.516113 982.892883
1194.304077 198.988007 933.099976
1311.496094 223.541382 927.896973
1106.362061 883.876862 841.058441
916.395340 812.850357 800.621582
816.163940 604.541443 948.340576
1045.854858 732.590820 941.489746
865.015686 738.674744 929.014343
787.311279 769.139771 942.124603
765.041321 351.111206 865.173218
1309.000000 221.000000 926.303711
867.443726 817.088928 991.664917
912.000000 743.000000 897.020630
850.801270 899.270874 996.254395
1047.000000 242.000000 919.440430
873.315338 753.205048 912.307220
841.686462 258.142059 854.632385
1330.441162 856.213043 972.288330
912.944458 390.307434 937.453430
874.790588 675.319397 789.564880
1288.000000 419.000000 924.015930
1354.966980 286.606674 942.958984
1004.384338 917.735962 963.565735
899.227966 745.102173 959.888306
1211.537354 773.608826 957.164124
1412.717599 430.986027 972.387896
915.571350 229.093369 922.101746
962.683228 271.912750 887.067566
982.422089 718.751617 818.535904
849.447540 278.989166 882.221954
1189.237305 297.923920 934.504944
900.344035 537.507141 937.803487
1121.915894 816.069641 935.540405
1044.412720 707.654785 886.222595
977.032654 916.454041 943.067505
1218.164642 578.244949 919.099991
1404.306213 675.203033 976.489258
850.795776 217.730743 915.594238
1224.572815 579.078979 992.017761
797.796204 832.774353 801.762634
1011.646240 279.247955 890.043640
932.561890 840.855530 986.885925
1177.954956 474.435303 898.727844
1223.548218 864.231018 902.632385
1258.125244 905.119507 886.344666
743.500961 338.105774 794.715454
911.064545 446.925583 855.874390
1124.995972 231.898705 950.353027
1120.281921 757.861267 927.457581
1210.968140 773.565979 958.155823
853.697632 804.195068 764.439758
1202.000000 252.000000 932.709351
794.221558 232.969193 849.074280
862.702332 898.267334 920.604919
1394.000000 410.000000 975.947510
940.000000 875.000000 921.956970
764.672689 807.792013 915.782796
735.530212 811.897522 980.829102
1361.283325 899.467896 940.342590
1185.742432 855.358398 877.581421
1318.000000 850.000000 970.685730
1035.377075 854.198822 938.040192
802.790833 306.813965 918.892639
1259.956543 721.271606 891.812073
1122.736450 229.317963 941.835449
733.730408 372.531738 923.742310
1409.552734 467.585876 964.882324
820.523499 438.703247 921.390503
946.382263 411.330017 932.631104
826.287964 440.275360 843.646240
1102.407593 810.524780 860.527344
1227.469604 502.889725 889.415405
1081.000000 290.000000 893.817871
1197.982300 194.708939 934.837952
729.191010 635.561646 950.703125
996.013855 881.150330 993.649689
795.721222 908.559113 979.918762
1394.906006 862.493713 957.801819
1163.000000 255.000000 930.421631
1019.242493 353.516388 935.023682
789.923370 243.337990 850.025208
764.417908 861.575256 897.598083
1343.114319 920.754883 910.530487
813.920471 903.297913 914.930603
729.992493 830.596863 902.328186
882.626526 897.612793 761.442627
1408.042725 666.799255 974.857178
1353.306396 904.877075 930.946452
1344.660767 560.563416 929.351196
1111.850220 842.705322 845.126678
727.063110 621.818542 920.288879
1167.911702 267.394623 936.425598
721.164703 268.608337 809.677338
910.813477 624.918518 939.197205
1297.000000 690.000000 910.747070
1136.612061 494.680359 887.303548
816.325378 639.034973 948.216187
1033.000000 675.000000 858.357910
988.000000 846.000000 994.706909
1075.502930 732.324402 918.551025
866.199646 901.720886 753.604797
1392.000000 901.000000 913.721130
1287.224040 684.657145 912.043742
739.585632 666.690491 979.068665
863.126709 740.926697 937.977417
984.540894 631.595581 912.799011
1101.000000 513.000000 876.659790
1007.509583 329.958374 881.247131
1338.579468 820.867798 916.351013
831.257507 548.861328 960.150146
1406.604736 229.424370 938.159088
728.438110 632.960571 924.833598
1214.328613 779.773621 957.836548
1177.558716 465.844879 896.920898
916.429993 265.979553 880.566956
1173.123413 922.893158 973.236328
936.571899 439.974233 931.963826
1002.294830 610.785645 892.851074
865.736328 750.232056 917.833923
1153.030762 657.978821 915.699341
1052.000000 264.000000 928.133850
1283.287598 794.574890 963.186584
901.518188 925.164673 796.825317
743.576477 884.613525 699.965210
1011.857910 365.019196 932.812012
926.610229 800.522766 805.736847
889.619080 860.152954 917.219604
835.662964 477.539612 932.769409
838.961426 902.459412 913.622009
1063.954224 880.664856 879.320496
755.763550 220.997284 835.109497
1394.987854 236.933632 945.541443
794.024658 806.908508 720.731934
1034.272949 337.446014 883.394470
833.206299 465.929810 928.909119
1335.809448 891.329712 911.398865
1170.316040 919.536255 992.905212
1038.463257 339.389130 878.715759
1096.382406 802.132060 858.132853
841.263550 415.156158 879.853516
999.051697 227.309273 931.504211
1093.683960 256.948669 940.881409
861.398926 780.546753 775.836609
1045.477905 339.032684 934.879272
1119.551025 841.532410 849.349823
1267.091064 645.946106 910.414856
839.948547 622.181885 909.962036
1406.419373 369.176132 965.759583
865.771393 371.953949 849.160980
1395.880127 220.486839 929.586700
1277.371033 650.865601 913.344045
764.934204 738.080872 812.545044
1193.428345 209.959976 935.227478
973.317607 747.877075 846.641947
1356.010864 574.677307 938.612915
782.947327 474.415039 807.246399
825.978577 534.131592 968.363098
1018.363647 626.404663 847.492126
764.860799 780.769104 817.031657
940.283630 468.101562 934.940369
1293.000000 416.000000 928.362671
932.827637 791.909027 806.408234
785.827393 503.437174 802.488098
1124.550049 769.076904 925.476349
822.326904 611.582153 945.486023
995.826660 277.468201 881.680725
1012.170227 279.704254 884.050537
1052.000000 240.000000 923.787170
1135.354126 258.555420 944.044739
1405.746216 500.911118 975.058533
931.364746 301.511658 916.701874
1195.574707 204.413696 934.984375
1321.190918 422.722900 933.051880
1013.679504 629.023682 837.847809
1208.687988 328.372589 921.400635
891.189148 846.872253 774.676208
1152.617065 657.130005 915.418884
1113.460876 621.263763 945.726196
1035.796143 846.692841 919.852997
831.370789 423.483917 853.013672
762.604553 790.111450 813.678406
814.881531 713.883606 772.335022
975.432983 732.905029 826.309692
756.203979 917.829590 894.073975
1079.725708 575.328247 938.568237
1305.545776 557.003357 973.562988
1162.541016 334.380890 907.588318
848.000000 644.000000 946.893311
801.625732 547.023865 794.014221
1194.424316 272.338135 911.079285
1328.631714 672.562744 925.940430
907.334900 265.483490 876.488892
1143.380249 808.601013 972.792908
1177.532349 283.415619 937.268982
1208.000000 252.000000 929.964050
1352.000000 289.000000 946.206970
1130.335205 350.900940 902.479614
1408.934123 491.616638 974.142822
729.952087 872.157104 681.957458
884.000000 835.000000 769.593872
1327.942200 519.991730 973.882599
1005.391174 730.471588 871.191589
1359.343262 223.877968 932.275330
1151.222616 841.886658 960.230143
901.820618 688.402100 801.105713
784.991882 242.396271 909.303711
808.167725 784.160583 969.453857
1121.924927 239.867004 939.609161
1118.856445 916.771057 983.992981
791.870300 799.829468 972.411133
1030.171021 613.658386 895.792114
1256.479614 730.482941 893.020905
733.000000 734.000000 996.308350
1308.006714 869.166443 892.380615
980.667297 911.560120 941.849792
1093.047485 805.902100 862.732117
933.006409 307.095734 948.425415
755.661194 318.416901 874.545654
856.144165 905.057312 746.390503
1007.863562 230.134052 935.358777
1199.718750 278.080139 903.715088
936.262756 302.127594 952.364807
728.120524 875.425232 674.193156
898.410034 695.773651 914.178436
1009.949341 652.826477 921.934326
784.745850 791.378092 744.529012
1225.654785 598.684875 982.964600
795.008911 294.088867 920.992493
1127.700439 893.886963 978.740540
910.717712 385.258606 936.986633
837.629639 257.695892 853.868368
991.822632 666.769653 833.665466
1375.828125 444.094879 921.911621
1032.791504 846.535156 920.497620
759.181091 561.802979 926.665649
1078.979736 528.457031 943.737244
1151.809875 845.124725 955.779297
1396.002075 688.595062 962.440765
1332.000000 662.000000 929.048950
930.110138 726.248627 959.976135
1124.857178 822.733826 936.435242
1068.472290 877.291565 880.554016
1107.000000 518.000000 877.117371
906.246521 927.690918 785.766968
1118.763672 485.031708 915.702026
1105.660400 909.672791 840.895081
1313.007690 461.338531 940.500366
1350.778442 833.917297 973.342712
1313.973816 754.423676 958.439331
782.098816 884.300476 718.121399
843.363678 902.062225 914.216675
778.121216 506.846680 934.975647
1241.984863 846.186157 889.301758
877.780945 236.752502 916.924072
1275.432129 657.171814 965.853271
861.078064 747.922729 938.544220
1366.043640 885.729309 947.366608
845.049255 258.525299 855.307068
1236.620728 383.854034 911.084045
1067.694031 324.838821 886.693634
1017.537598 725.412018 871.830963
789.790527 797.535767 723.602173
1234.965881 388.483566 912.477417
1413.551758 420.541290 957.090942
810.969360 310.226959 835.600403
939.000000 470.000000 931.336700
763.817688 856.385498 717.585144
874.064026 533.430939 817.678406
1410.340332 452.413055 953.848450
834.393860 884.776489 877.225647
1077.985840 730.286621 919.808044
1133.781494 840.908020 866.461792
758.753723 599.998108 901.521912
1200.475342 185.013428 935.096069
938.559998 467.353973 932.086243
985.752350 615.325989 890.431091
918.224976 401.969543 929.172119
908.994110 534.902435 935.828766
775.781525 506.234772 930.380463
988.538574 324.160324 893.065186
743.667480 350.107758 920.942566
1411.950684 489.638153 981.314636
1132.282959 744.914062 995.226196
868.477368 227.880377 917.371179
1292.780273 694.401581 916.289490
757.578369 307.431885 871.894226
1113.207300 286.995300 907.623962
1127.983398 499.115845 884.742310
895.918701 916.489197 764.142151
1151.000000 262.000000 939.114990
1228.000000 850.000000 965.652710
863.058899 901.129435 916.681519
734.937134 366.045349 788.710388
716.776815 658.279948 807.227051
1338.380615 830.294739 913.020386
796.000000 875.000000 980.751709
1338.714233 655.248779 935.100525
1381.699463 432.733368 947.751465
929.241943 296.118042 948.544678
1189.881531 277.663498 902.514679
987.729248 560.265778 847.047333
1068.911743 873.126465 883.670532
981.983704 846.973083 995.421997
810.572754 904.993896 914.734863
797.920288 832.773987 913.171509
776.780090 674.855713 756.630829
742.767456 869.647522 891.148071
1407.239807 459.233917 954.476135
885.158203 866.989044 898.801575
732.762329 832.999878 811.794067
1031.291260 540.643555 949.356781
838.284668 890.891418 879.268677
1274.740845 541.130310 931.458557
1371.591838 429.075979 962.797841
1129.219604 890.532532 977.250610
804.269775 278.601349 847.997803
777.134949 517.300476 991.722168
937.135803 442.263397 931.971375
907.528625 529.488831 935.522034
1340.573364 549.654083 926.027588
867.692932 916.380371 756.816101
1391.660767 243.499161 947.316895
1305.195312 899.185303 885.092834
986.751953 275.732412 882.714701
845.579407 512.336670 935.962158
930.375732 524.949768 927.538025
1001.986511 516.515381 942.022949
1052.108887 333.448395 883.106201
880.000000 895.000000 917.381470
1059.483154 914.933411 964.743042
1089.702637 913.734436 825.684082
822.942810 439.770538 922.055542
818.566650 453.947632 920.524658
1120.838867 634.853394 952.342346
845.312042 640.582520 912.942474
949.866170 904.662760 937.983673
946.877136 870.451477 919.309662
1129.703003 854.234802 893.277039
794.379150 899.350952 986.311218
838.997299 616.572281 914.281998
773.019760 922.421204 695.397278
1188.822754 276.116241 904.219910
959.180542 615.549316 847.582764
730.000000 841.000000 799.334412
1161.778442 817.781067 957.388794
1309.182373 864.430481 890.201538
783.830566 880.872620 720.357361
872.917877 740.895599 908.947601
927.549194 268.911987 871.018860
778.782776 769.437683 937.220703
829.870728 346.708939 925.136810
936.564911 556.054901 828.747314
833.873718 479.211243 932.513000
1173.725952 919.941833 969.993896
1370.899292 848.716736 978.201904
1424.215210 886.935303 988.010803
818.919800 712.958954 773.852600
1010.500000 231.000000 924.015930
1026.587769 617.341370 845.763184
1414.498169 285.980774 941.089050
913.181274 820.117706 777.567444
927.000000 304.000000 894.732910
933.070343 725.099457 948.908691
913.266449 816.832611 793.149109
1151.000000 803.000000 969.541870
804.103394 246.835205 844.730347
1199.057129 314.946060 925.968460
1173.960693 465.198537 899.370931
796.877014 780.876038 976.189819
1163.126343 808.967102 962.029663
731.897583 670.384766 923.681824
751.000000 735.000000 968.397949
883.000000 912.000000 917.152710
1312.000000 555.000000 936.598511
1120.869222 778.708435 925.613790
892.710266 895.413147 768.179504
1266.854858 646.056946 910.269287
805.836121 236.788284 907.088196
1191.823608 208.674515 932.963013
1211.093628 253.484123 932.374451
1310.845215 849.374634 892.185120
1028.943726 854.851562 937.845154
1390.158813 706.183472 968.879456
1001.965820 516.100281 941.268860
762.170593 735.021729 792.396362
894.472839 688.011414 917.652100
740.628845 354.774963 923.227234
1200.648193 253.868439 935.923645
1090.343933 794.932220 855.163086
759.749908 734.597565 782.581329
1217.298279 272.404266 911.334900
1310.584351 854.538147 890.613831
900.005035 628.199646 937.086487
1307.157227 869.389282 887.299561
900.224182 691.246826 917.284790
1132.600952 877.478333 985.664612
1272.767700 705.249939 894.960815
1310.076538 849.689941 889.128174
1270.936584 361.863342 947.614197
907.329559 379.162491 949.808319
1435.987793 766.420349 976.696411
771.041901 848.308136 715.405945
1318.462158 537.193634 973.468292
1010.932404 599.008179 893.464050
730.568115 700.695496 895.796326
898.000000 885.000000 990.817749
975.092021 921.839091 818.958211
948.596252 927.419556 825.411133
1083.026245 300.422119 892.299438
882.189453 670.883484 788.985168
1424.531250 361.766785 930.998474
889.720337 876.262085 760.217529
1303.002808 794.390564 966.091370
1035.038574 773.253693 840.124664
1408.451090 665.233521 973.866740
970.125436 225.648542 925.911316
1124.557007 820.543884 933.343262
1124.032349 906.660645 986.013306
791.803101 460.138458 810.341064
1376.538940 867.333923 964.298157
1379.674805 525.739624 973.601440
1065.527832 757.699463 945.262695
809.055878 895.634827 979.229675
1299.796875 786.295837 961.928345
987.000000 631.000000 911.890930
1337.085083 913.746094 905.447021
742.882080 640.510681 945.399475
1037.772827 546.473877 948.533691
770.374023 265.973328 916.903625
813.822449 769.345825 971.627625
861.256592 754.428528 971.984619
813.670410 714.172119 771.883911
824.000000 713.000000 951.011230
1209.685059 853.086609 879.113525
1011.771118 727.905182 878.004700
1274.696411 787.422729 961.295288
1378.006714 521.913635 966.426575
1059.722534 920.040955 964.130981
1068.510864 873.229919 884.185120
1210.000000 876.000000 885.124451
923.807312 533.034119 929.971985
1345.660156 804.427185 925.887512
1219.024048 269.281525 916.356567
1320.270508 859.945129 970.448425
1333.000000 901.000000 908.459351
1330.000000 399.000000 934.539551
1203.786377 849.758362 871.415466
1263.000000 903.000000 870.025391
855.850179 794.040609 760.984517
790.509766 876.274597 713.662598
731.562842 597.249182 935.368677
801.901428 250.548599 918.333923
1074.245850 316.130341 889.644104
911.212463 324.288757 932.450378
1051.389526 900.316895 817.404480
886.656372 853.281433 869.878784
1079.980713 548.385986 942.559082
962.000000 414.000000 929.048950
892.211304 853.939331 773.009033
1275.960327 644.717651 913.156453
874.000000 703.000000 796.360352
882.043945 926.457886 765.345703
1394.348633 902.342712 923.219788
1306.963379 879.111877 892.365234
1086.939819 721.572388 914.669128
820.039795 663.335266 782.995239
822.697723 268.192719 922.222809
786.745239 875.170654 713.960876
945.381348 311.287170 892.500366
986.029541 710.944519 823.696106
1349.256958 862.219116 974.695190
1206.918823 323.342010 908.239807
1307.771729 874.322327 889.832733
835.329529 473.166534 930.233459
777.039856 513.045715 998.482666
1368.139282 230.056534 929.865316
1154.902100 785.232910 962.518921
743.682892 903.880371 663.103333
1118.437744 915.672302 978.202637
1085.044067 775.951752 944.153961
950.050232 573.420166 832.174561
1117.000000 290.000000 896.563110
821.567810 428.758972 921.535767
1316.810669 838.305481 970.124939
1089.759277 234.746475 925.790649
1034.238708 776.773895 845.246063
851.507935 756.862549 966.660919
885.036682 311.407166 929.780579
1330.903076 393.021729 933.624023
1385.176636 580.624268 954.943298
838.000000 716.000000 951.468750
862.475952 368.716034 857.893677
897.995667 576.958435 820.157837
930.051514 725.787292 960.321289
1363.518823 892.321313 943.740381
1346.311401 851.926453 972.685364
1205.837036 253.459824 931.660034
797.161804 833.204071 907.357635
1180.867981 473.068268 899.476898
938.576599 221.592567 926.796204
784.416150 794.538391 743.568311
1033.210205 845.864685 920.687988
821.484619 868.856262 741.359375
747.010071 762.697571 942.087341
1019.379761 599.188904 895.232605
1152.723389 754.346741 964.412537
1088.991699 253.662842 931.947245
1378.445272 440.235423 931.493856
870.000000 702.000000 793.386292
1247.260132 897.417908 879.518555
1208.182861 274.872925 908.082779
1129.043945 498.580200 885.070129
892.987366 909.222046 766.144226
820.764282 867.455994 743.035706
1215.119385 718.543640 889.211670
961.714600 721.865662 936.122620
867.870331 703.384247 791.488953
1031.397949 576.023132 855.595276
757.522003 315.316513 880.844604
812.556549 613.871918 949.241211
1426.351501 891.942322 993.803040
1269.000000 362.000000 944.376770
738.359070 840.733765 793.255859
1306.014893 896.245911 887.036316
986.943512 631.601868 919.223541
951.000000 871.000000 921.499390
1142.000000 810.000000 969.999390
1168.987793 860.919464 889.494690
741.329346 773.655151 957.660828
822.395142 320.121887 918.848938
1156.142273 836.187820 954.346985
1384.051025 412.337622 933.446411
848.796936 243.205368 920.797302
1386.798706 545.655396 977.662170
1177.645508 874.394165 941.399902
934.000000 877.000000 921.728210
791.654236 462.171082 806.988892
1276.525024 715.658875 903.320496
787.000000 824.000000 732.532532
1170.684326 329.689178 904.171631
748.196757 553.438009 777.900146
783.000000 753.000000 751.978271
752.447241 920.583862 893.019312
926.492798 801.206970 799.535629
1157.381226 252.769043 943.433533
731.810669 359.813599 925.257629
790.156372 512.470276 801.196594
1147.719849 748.815125 963.113342
1388.301270 535.053284 959.383423
1132.462573 308.081519 897.459033
860.925537 286.850586 889.725769
984.000000 915.000000 943.461670
737.382812 816.506592 980.459167
740.607585 823.791036 992.187622
1223.324056 597.817281 974.191589
855.761261 245.195305 937.947083
1336.278809 555.359406 927.102905
962.838989 776.590027 838.379089
735.484344 836.653229 889.975525
737.947388 705.837494 928.339661
1014.958252 648.946716 836.929810
1117.397705 508.440094 879.758362
1086.933105 250.022125 938.342102
1138.579915 352.259705 905.958333
1008.809509 653.014954 923.262634
792.279907 837.454590 794.858704
804.944580 570.190735 825.646545
727.789673 857.509155 686.100159
1036.669922 718.090820 885.306946
869.520447 925.657532 758.631073
811.905090 311.448059 924.282837
744.198730 759.848694 946.639099
958.710327 909.062988 940.064087
966.000000 316.000000 892.216431
1049.474121 264.556946 927.336792
1176.122437 787.047455 966.716064
1340.746582 916.699829 905.937988
766.582458 756.473572 934.354614
870.869812 294.048584 898.275574
1265.569824 365.788910 944.805420
895.942780 293.408340 898.278931
930.373871 537.404144 928.909760
781.000000 833.000000 727.270752
1080.000000 850.000000 897.249451
897.584554 260.724996 956.057312
1126.604370 897.543365 977.187592
743.295959 747.009277 952.572266
890.380463 295.304153 907.076294
1296.614624 685.768921 909.506653
1188.328613 326.940979 905.787292
803.266907 902.899841 912.258728
1083.000000 233.000000 922.185791
757.585876 304.963074 879.457550
739.000000 680.000000 966.338989
1328.000000 666.000000 927.218750
1203.406799 321.834427 923.864288
904.337280 921.761902 786.138000
802.866455 905.655457 984.330688
812.413391 770.752441 978.042175
1158.830811 826.761108 954.124756
1078.125000 868.631042 848.711731
728.613464 847.067871 794.500916
1306.113770 879.334656 887.284241
884.865479 862.410889 916.817200
1133.454651 496.337585 886.415588
1405.668213 508.273682 983.355042
740.388367 665.569580 979.407043
801.217529 903.814880 901.667175
951.000000 312.000000 891.072571
870.288147 249.894150 957.554321
1001.137512 925.569539 961.216451
1092.649536 529.319092 877.224426
880.021484 228.564667 918.980652
786.911133 783.830627 740.736145
969.812897 910.735229 937.377045
979.096375 321.059204 884.771973
1424.883789 336.716431 927.636597
1213.963379 712.884094 890.851624
1296.468811 745.601776 953.511810
1391.262939 560.647339 951.227844
1086.501099 772.037781 943.501465
719.324280 659.091431 808.746948
969.937042 429.114914 931.852448
1069.248047 897.555725 998.983582
1087.916626 612.858887 956.628174
1437.435181 771.002808 978.744446
962.884781 795.913239 806.998398
1176.707764 260.857086 934.986633
1300.000000 558.000000 936.827271
770.797913 505.817139 1001.446838
1224.638672 849.439453 881.916138
1103.797607 850.492615 962.728943
990.868591 352.840118 924.797791
1088.761597 522.739929 928.964600
905.921204 264.413544 952.827271
727.360382 614.964630 924.647888
724.468719 622.498886 919.706421
994.172729 636.299438 913.245605
1351.455933 820.700195 975.874695
739.504333 892.922913 692.671692
1123.548706 759.019409 927.274109
1085.034668 607.152100 944.955383
903.722046 574.873291 822.416870
1289.892700 788.789856 953.112549
760.398651 649.660980 769.167816
1096.555542 528.290466 877.962280
1029.907837 608.475891 848.985168
1398.583496 340.511017 965.045044
784.060913 847.696472 983.525696
949.418030 573.707397 831.771362
779.613434 931.801758 696.954803
1402.125366 517.553284 982.214172
781.783142 237.807945 851.403931
1359.171082 578.567657 947.078064
1229.899292 397.763519 913.633789
1029.019958 623.729919 896.013916
1269.139526 535.751750 936.436259
1414.008667 481.002930 977.607422
1399.827881 340.579834 954.430664
1008.651978 251.033783 921.553406
1122.430176 833.037415 860.495483
821.293884 905.233734 906.456909
836.527405 907.245850 736.242859
1079.045801 578.945776 938.021301
1110.636475 788.407227 933.744324
1400.234863 325.145340 966.507141
1339.416748 821.070374 916.740295
833.225494 215.895088 914.408997
1042.553650 776.090393 811.934387
749.000000 760.000000 948.723511
908.591736 823.206177 786.246918
741.990173 816.284729 816.023315
1398.000000 863.000000 958.103149
1171.890320 922.947479 983.151581
965.465698 609.241699 921.537659
1293.138184 251.564484 921.845032
1192.989258 214.072128 935.157898
873.761353 538.502014 808.518555
1004.551880 254.840149 921.767883
1407.541504 861.886780 955.324646
887.946289 903.507629 766.755310
1012.343750 627.367065 846.352356
765.820984 560.159119 920.314148
749.258331 922.751663 892.636673
999.519694 385.792348 929.687866
945.708496 926.729980 818.713318
814.563477 256.005623 913.118332
1089.899048 330.176147 888.037720
1361.516968 877.358887 939.399841
823.348602 242.364891 920.526337
992.637482 844.430725 995.519104
782.769592 882.620300 987.816956
873.500000 926.000000 766.734161
819.959859 905.427348 918.136597
1016.477386 332.362778 887.733948
1194.692749 845.971741 869.692932
938.000000 270.000000 871.626831
1375.885132 516.370056 973.582764
900.989441 882.905029 989.771118
972.372101 752.585327 840.867310
861.738770 760.465454 967.627563
1106.498596 905.024231 848.286530
1424.490479 891.981323 995.226746
881.656128 849.943726 870.094177
837.460876 553.758850 954.023743
729.183044 625.800232 946.487671
729.482605 828.123169 904.039185
1387.905884 278.180481 940.218323
1129.760254 743.939087 995.236938
1095.632853 289.340088 895.470276
764.645752 756.720673 933.807770
1358.325073 229.909294 937.380615
750.261047 751.900269 947.060913
786.960449 840.700989 983.157166
1137.116272 746.870941 995.162689
793.792501 826.897339 721.145487
872.646881 295.027115 900.537079
1182.241455 782.703430 969.534363
967.094238 578.623840 927.428894
723.708533 856.363684 677.882971
1041.455485 907.522542 992.465617
1086.509460 798.992981 859.648376
1413.717468 474.124496 969.193665
899.596741 575.883728 814.592224
1072.747864 736.717468 919.771240
790.140045 481.347336 801.551758
736.640234 582.460144 926.287463
1359.871277 234.857758 926.981232
846.912659 534.685547 928.756775
740.125183 895.660339 691.830627
1432.841064 762.508423 976.136108
914.257019 229.221100 921.985352
915.300995 452.708481 855.779907
1030.933879 537.543681 939.482402
1153.196655 754.768188 964.599304
773.989502 751.304443 753.020569
1212.099609 709.045288 890.025269
737.000000 231.000000 914.407471
1088.000000 847.000000 897.478210
885.161743 542.744934 823.794983
1229.302124 399.218643 909.271729
1225.652832 616.807292 969.278442
1203.539368 270.063477 914.578613
1214.185913 875.343750 893.522583
1306.839111 884.254639 889.751221
866.574219 291.107178 895.142822
1038.000000 775.000000 831.362671
883.000000 916.000000 763.645752
857.000000 641.000000 946.893311
829.628113 721.662170 955.721680
845.694153 532.389587 927.346741
752.000000 320.000000 924.244751
1389.647664 272.956563 940.239075
820.053589 765.243347 971.939941
843.313354 423.781845 881.411621
839.681580 720.920593 953.637695
919.557281 401.186859 928.762451
1037.056274 553.058655 942.172424
864.249023 290.128632 891.888184
966.864563 765.706482 835.629883
762.446960 919.143860 691.355225
1337.000000 659.000000 930.650391
844.549530 413.665695 887.007172
798.944214 838.543884 913.730591
996.035339 736.230530 869.093689
1414.820557 882.882385 989.810120
1060.373779 750.035095 941.429443
1330.979675 438.691940 948.378876
1221.000000 850.000000 965.195190
844.505585 536.346924 938.040344
1397.247192 328.994588 965.486287
830.587219 246.137909 912.750549
811.021118 316.647308 836.748413
1381.880127 584.887695 949.021606
866.483459 810.835388 984.572205
742.046967 260.166580 872.566071
875.496704 260.042419 915.352173
824.668274 464.239258 928.282043
1390.240885 493.756104 955.017985
1158.567383 837.730103 959.205017
818.757812 620.896240 946.199341
891.752136 838.040192 775.788940
1221.447754 851.510559 971.464233
1119.469889 836.490112 846.750142
885.909363 860.646973 926.022034
1124.464111 818.086060 938.205261
846.946472 277.007080 879.636108
1109.061890 318.095367 893.970337
1154.838745 339.286469 912.005188
872.950073 388.517334 857.781576
851.257996 507.075439 930.693695
830.132935 911.380493 733.879639
858.672668 805.138062 758.962463
761.365784 333.865265 874.580780
886.171936 911.137207 767.768738
945.089478 496.540009 861.626099
1322.765442 849.564026 971.964355
1221.517700 579.130005 981.080261
1136.947388 490.442200 885.994080
857.000000 755.000000 971.829590
808.243103 621.801910 949.977051
840.502319 892.363831 737.026917
765.745239 919.046814 690.457031
1375.307861 436.787323 948.601135
1093.104858 518.872681 876.315552
908.010132 878.227203 983.007751
1398.445923 228.085770 942.991577
1020.803040 653.513000 844.040833
1129.883301 498.156250 885.330994
988.473572 224.772100 925.995829
939.033752 784.156494 808.283569
1004.713165 923.797119 969.099976
970.486267 569.272522 843.400085
825.000000 922.000000 712.400513
1184.921997 848.368469 937.429504
1339.089233 848.055318 906.810262
1168.653564 910.711029 999.827454
1187.400146 797.423828 968.133240
1333.113525 422.573029 946.199585
938.928406 927.527832 816.498016
1174.629395 885.574768 942.433441
934.386688 438.784653 922.999603
928.904175 842.833293 989.663676
977.838745 717.999634 825.821106
772.952637 843.534912 988.046631
746.629456 725.350342 961.919739
987.597412 738.384521 856.901428
1302.230225 554.835022 941.671021
933.411682 474.406616 935.160400
1034.045105 623.821289 896.844482
1392.067017 571.791077 951.341248
1246.698853 366.761963 916.092957
852.679626 844.243001 914.803446
1058.420898 339.639496 882.395752
896.000000 889.000000 766.162231
766.000000 846.000000 988.072510
879.777313 887.120270 986.590027
742.030457 902.768713 690.229919
895.844757 537.655548 931.508698
1380.809082 439.455322 947.923462
923.213928 302.077667 889.843262
1016.192932 360.760117 943.946320
823.000000 911.000000 724.525513
843.092010 274.288467 876.639923
988.592041 324.295776 893.909546
1189.817383 218.470718 933.061707
788.869263 486.351501 805.937866
1207.676188 766.360148 949.825562
985.976746 663.941528 831.828369
743.973938 797.723450 892.088440
1093.059204 719.268494 922.067688
1335.121704 910.186096 908.322815
1364.946777 577.514954 942.091003
1100.914856 886.740784 828.365570
822.352386 704.880554 952.833771
1313.291870 228.682800 923.458496
726.899902 657.744751 800.848450
734.385040 685.858917 883.024323
1090.197632 330.749268 887.902588
932.909943 842.605499 990.075195
1044.000000 671.000000 863.162231
1374.456217 414.862040 931.340393
978.843628 849.949829 993.958862
1275.439636 664.527252 965.272736
1082.000000 848.000000 898.164551
1211.393921 773.137878 950.955017
868.932251 238.335403 916.843536
867.842651 266.071106 917.300537
1091.160980 292.114700 894.520065
1402.556812 322.156012 967.383911
756.800171 739.925934 789.262695
922.297791 806.127991 795.265869
1128.802002 743.576538 995.236328
794.459137 790.263580 973.769165
1176.509521 874.973877 931.272644
736.307251 695.987488 928.851379
948.345947 927.509216 826.212402
825.702637 870.996582 742.138306
912.298859 448.675522 861.016693
1073.969604 723.319702 914.406799
1305.694458 889.232544 885.921875
725.116943 866.378357 676.582764
737.774414 672.260254 965.592896
1117.446289 487.386963 923.529114
731.242249 827.340820 817.092265
952.448364 722.767761 932.458252
1185.103577 854.479340 869.553589
1201.757690 181.197586 936.912231
798.936401 809.856750 978.590088
1188.291260 887.886658 871.531860
888.807068 883.538483 984.068787
943.755707 309.122269 956.918427
870.927795 259.318634 918.078552
906.679321 535.864197 826.096985
1189.196411 236.738449 934.967041
739.094604 704.067505 888.999390
763.910095 755.556763 933.017090
736.470947 616.651306 939.987061
1092.386414 806.268005 863.362396
983.000000 243.000000 920.813110
1340.303345 652.165466 933.144653
755.513428 859.805725 906.541260
782.680786 740.797913 748.301331
772.687988 681.874329 831.455994
730.237122 841.244873 887.524231
814.886780 846.747131 912.485046
963.242696 909.723246 935.825175
1375.134888 579.880066 950.995361
734.873901 894.392090 673.490784
870.578369 901.172485 917.569519
742.328247 913.633057 905.940186
1026.669922 598.713318 853.083130
1192.546204 800.423676 969.075867
831.231140 286.128693 919.987488
740.225281 815.999695 819.173828
1042.000000 242.000000 922.872070
1399.856812 700.764404 972.469971
860.803314 247.543579 931.039001
1081.740845 301.891846 891.923218
841.591064 896.216064 880.503235
791.333984 239.167938 909.301025
728.911682 617.681030 932.215027
791.454956 831.667664 949.331258
1266.272705 646.220947 909.880432
764.551239 805.295715 916.482086
777.315918 682.141327 762.176453
1239.688721 509.038300 900.414429
1105.385498 856.561401 950.826965
1190.838684 220.926163 935.924347
1376.385498 514.090149 969.927856
1116.158325 502.590820 881.678772
1233.930542 392.777191 914.462463
785.224487 800.167236 941.868896
881.377014 850.289612 860.437256
764.651978 859.231506 773.884888
809.518951 639.713623 950.431366
948.000000 312.000000 889.928711
1028.355225 680.000732 855.537964
993.868103 584.650574 848.540771
1122.285278 906.618408 975.769287
1424.682068 357.911819 931.968353
970.027161 265.311707 919.177856
885.252808 536.107910 822.695068
733.551727 676.182526 928.842743
960.029175 921.437927 965.738724
1234.780518 890.856567 893.487183
952.570160 313.509552 891.209412
857.943481 789.442841 772.399536
1412.794312 465.273407 964.632263
1342.408142 812.814423 921.221710
1332.548950 905.881836 906.798157
868.147888 238.190948 915.522980
866.853973 814.373810 997.103912
806.708639 349.400157 830.179789
1381.560974 441.942337 954.544800
788.173523 832.833191 981.511353
1138.839905 849.475525 858.661621
1060.975708 742.813436 932.857910
822.554626 595.355469 948.407959
1173.381470 924.229614 972.402771
952.968872 763.944397 799.296570
1193.046875 785.587463 967.059784
1038.275208 579.424408 857.194641
891.000000 835.000000 919.898010
1179.109680 863.295563 939.432312
1170.202881 914.483256 990.529195
1211.852336 340.836151 907.926392
1078.805176 537.030294 944.323568
740.048035 715.610901 928.078735
961.328033 866.296021 924.363190
754.975891 780.497437 917.316589
1130.394287 625.071136 909.297913
1400.194214 684.373657 976.614014
1100.204834 264.409698 942.227478
757.649841 798.759521 812.864868
1024.537211 717.026978 877.033976
953.307922 867.505157 919.931488
846.569397 880.762390 749.447815
930.995239 795.033936 797.722290
1115.044678 283.212708 934.086975
793.419535 760.413554 947.043091
1029.712524 771.660828 839.031738
958.096680 218.073151 928.856323
1060.271566 333.176249 883.334574
1198.570068 606.686829 917.905365
857.427246 641.164429 945.136536
1357.803284 544.662689 921.181213
1096.406555 722.546539 924.972321
783.410929 237.623894 909.159658
897.719788 367.461823 947.332458
941.635376 308.880188 889.216797
1006.144012 763.721283 861.168060
920.957886 412.619385 929.463013
741.427673 346.028076 789.144043
832.434204 217.382957 911.525879
771.672241 632.418579 772.315063
903.342865 831.917938 768.921173
1128.106323 742.478088 989.213440
974.000000 274.000000 886.497070
753.581380 292.014628 859.078817
1299.625000 899.344147 859.170135
736.228088 745.779724 994.942383
1228.238892 623.270325 975.481567
975.802032 722.255981 923.708557
1435.929932 763.960999 982.263855
932.000000 306.000000 893.131531
736.238678 350.960571 923.872009
786.627686 829.135559 948.504211
847.981415 895.353180 987.397888
1100.523132 668.236816 901.211670
903.243286 673.059601 924.972900
994.500000 735.500000 854.011230
807.128601 279.612946 848.480225
1076.049072 517.304728 943.677450
882.668304 540.470825 812.428955
783.225545 484.093221 805.710978
1075.733398 896.605652 994.902130
766.506805 761.112854 821.425781
1382.000000 704.000000 965.652710
932.752136 434.228943 923.398621
902.056824 580.016998 817.366150
1088.093018 847.111404 953.472183
1326.010986 523.260468 972.979431
811.076324 904.647644 903.105774
861.000000 789.000000 770.508972
993.376343 324.858765 887.722107
1393.270020 571.282837 956.518066
745.678284 336.452576 918.009033
1187.000000 618.000000 914.407471
1351.768188 836.767822 974.379822
783.379456 901.947591 901.616069
935.325928 429.466217 932.429272
788.499268 803.954102 944.806763
917.132141 456.779297 856.117981
956.411804 313.161835 892.320496
747.758179 309.675812 920.698914
973.155945 259.547852 920.257629
884.882141 865.409424 907.282043
845.387634 869.699341 749.596680
734.769348 621.486450 942.264954
1392.276367 559.576538 954.867371
837.000000 905.000000 922.414551
1265.047363 656.156311 965.128662
867.232768 813.967977 979.698730
1076.724365 289.478851 899.738342
729.722290 868.167938 683.028778
729.852722 300.414520 820.571716
909.712891 442.907349 855.380493
1358.158905 887.901474 937.394028
1389.031982 500.134521 941.756592
1195.804199 804.037537 969.446472
991.857483 276.304932 892.436035
1027.583618 537.346313 957.006104
1024.818604 849.140625 909.308655
1026.343597 716.647919 885.463364
1375.003662 582.836792 949.638672
896.038757 294.372589 906.290771
963.605469 610.826904 849.941467
753.601501 849.917221 871.110062
978.022705 915.753662 936.996857
1193.136637 467.082855 902.422485
1185.947591 470.633881 900.746226
1415.164551 292.511536 941.020386
995.156506 926.623901 971.016907
773.990662 612.295288 780.853516
1099.513855 913.688995 834.101013
1136.732910 354.424622 904.197327
1001.598877 732.844482 860.593282
767.798248 771.415771 818.476807
820.522705 711.528870 954.121277
885.163940 255.818517 948.748576
1127.200562 353.941925 901.213562
831.202057 904.509674 921.254974
741.779846 230.292526 907.040466
756.313995 320.093536 870.933685
1270.144531 655.450195 910.801737
1313.702881 544.259521 977.135864
1092.214355 681.456909 905.462585
1157.737769 667.805884 918.610254
986.220072 919.553975 937.669291
834.298065 262.417175 862.359253
1400.450195 347.563934 942.472229
1001.002380 600.737122 891.969421
975.908569 742.400360 840.327087
854.954834 894.562012 912.632507
1354.554840 896.401566 933.546265
1138.801880 347.786560 906.794189
1412.923462 403.555725 960.590576
962.110962 615.644043 850.134521
763.998993 736.533173 802.167603
808.052795 344.417755 826.623962
1200.191284 179.935669 934.599060
1080.021851 544.469727 952.204163
786.725861 765.325836 743.551575
796.164001 237.544830 908.140320
800.496643 560.942627 787.220703
737.124084 804.019836 988.655396
744.337189 645.841370 946.520294
728.000000 255.000000 923.558350
763.343628 924.937744 687.893127
1392.708252 907.739990 906.367859
1358.159424 283.432449 943.081360
1221.568075 268.423065 914.809143
1118.389771 819.358337 862.790161
1387.125122 316.397461 943.589050
1312.705505 547.783936 967.581543
1247.460938 439.454224 917.916626
920.438538 727.381287 962.568237
1312.970459 472.927795 946.314941
754.000000 913.000000 907.315430
1011.028381 660.423096 921.321899
861.945618 821.683960 768.692322
820.205078 312.378265 844.918213
753.485706 235.880640 908.082227
1013.863342 513.686646 941.987122
1254.259399 759.978027 904.280670
742.697205 810.208008 817.060913
844.944214 528.120850 940.115234
970.932678 752.304382 847.985596
1010.476837 366.863007 931.558960
850.803589 495.363159 935.626129
1053.000000 241.000000 918.182220
1393.031494 914.860352 915.604309
996.796753 251.243866 921.058350
1383.689697 259.708374 937.961731
843.904114 507.382019 935.355530
774.773071 516.214417 935.993225
1004.772400 924.817047 969.321289
1376.039551 426.318787 969.522888
746.932465 652.114380 781.754395
921.501038 740.152527 895.747192
1431.481812 757.851440 974.193481
1099.192444 813.919250 865.896912
772.279297 515.546021 931.388855
746.000000 872.000000 897.478210
1267.000000 903.000000 871.169312
875.558167 298.582916 896.355713
1354.000000 809.000000 971.143250
1041.311951 243.275177 920.142090
1440.596802 774.555481 980.265991
737.602966 778.296875 968.571045
766.139648 539.383606 932.844360
986.830139 737.764526 857.353394
738.822632 840.230713 887.858887
1004.184814 733.608215 874.261902
960.457092 576.869019 927.581787
938.930206 928.760315 822.998505
1300.045837 412.029678 929.544464
821.231171 767.913513 977.575836
910.174393 727.814880 958.882935
1198.528259 314.958054 920.081848
1081.476685 596.326640 942.709941
1085.260376 292.031708 901.462504
1001.099731 638.854126 911.437012
1258.000000 372.000000 942.775391
750.208008 744.006470 946.012024
1428.546265 753.723511 974.043396
1095.821126 778.331482 955.922363
1350.864868 228.133347 928.691833
908.983505 881.367081 989.551788
889.000000 886.000000 754.952332
796.510834 271.085922 850.986176
1425.092163 368.933304 930.960999
1024.330811 354.972168 942.724121
810.781494 313.509644 924.648987
1351.764771 838.340942 976.238525
989.533752 585.104370 845.739868
1094.047729 799.045288 855.832397
1189.790324 326.878326 898.901082
740.000000 678.000000 964.051270
1335.471110 812.643331 917.522949
878.717163 927.001221 746.124756
1031.133850 580.580780 853.087036
1233.795044 846.982605 885.098145
804.539856 629.863953 950.955688
1108.691101 884.532074 834.250122
972.038696 490.728622 856.336243
850.157349 749.693420 965.252747
1304.961609 409.928101 925.307037
1006.474854 763.502197 863.692566
864.453644 536.481628 805.695953
1253.844727 755.618896 902.222961
740.426910 252.726700 918.941986
983.206340 275.251272 888.750468
1254.166382 435.941162 914.616089
825.587097 904.904419 919.888916
1083.801880 218.182632 928.014954
1173.058105 888.435364 932.745911
749.086426 751.785828 941.025513
1345.800293 561.329224 935.459229
1007.351318 329.849396 879.722595
876.772888 265.801849 918.781311
1010.066071 663.893127 923.970367
765.878418 859.436951 989.613892
826.318390 316.371923 919.220520
839.115112 553.085754 948.943420
857.967590 747.376831 935.661865
1078.000000 289.000000 894.961670
961.452454 316.027618 890.497437
1303.729797 560.456451 975.044739
1128.299927 844.021484 945.729309
810.418030 767.859253 972.490479
1377.045654 223.700020 942.826492
730.630310 840.424316 805.443298
799.903778 392.649338 821.701080
738.111511 678.640015 974.789856
1144.448334 490.460396 889.333862
1111.188904 495.098175 924.703644
1324.403687 456.860641 949.377228
922.866425 531.815155 923.147430
831.723206 599.006897 947.190613
1391.000000 412.000000 975.718750
1406.013590 373.925944 960.545369
1196.175049 861.155823 878.159485
777.541931 926.976685 701.608154
733.890259 740.272217 971.114929
882.508362 309.940186 920.682068
1121.338562 813.487610 932.026428
765.296436 907.347131 908.531042
848.156860 258.884369 855.908752
1080.065674 605.354675 956.566040
812.030487 714.572113 771.276337
1039.000000 897.000000 810.086792
1397.000000 916.000000 902.511230
1023.622559 280.976542 883.949463
1175.971191 703.012878 928.880737
1417.920044 732.259521 967.223083
838.944336 886.817383 871.200073
789.197266 831.730835 943.537109
809.325806 352.462616 818.323425
961.687703 776.353373 847.595215
946.397491 723.343475 937.687775
1045.179077 671.221924 859.891602
810.816956 770.415649 978.347717
932.528015 493.214722 864.189941
1203.718323 757.102814 943.544495
742.943207 504.831573 992.625885
879.000000 916.000000 760.900452
1078.094727 909.648376 1002.163330
781.000000 632.000000 773.940552
1394.932037 331.948433 964.680664
1321.638550 838.086914 966.984924
905.875061 272.924133 935.107849
763.307068 824.525146 915.518005
1342.222473 865.104126 932.949341
962.000000 520.000000 945.520630
1148.864950 847.060303 966.746826
1187.787109 231.793274 936.650940
752.000000 731.000000 973.202271
725.933258 627.664337 948.102997
737.796448 266.681824 920.051453
1301.624878 242.350632 924.691223
1062.865479 861.796509 962.070129
1233.500000 845.500000 881.006531
1289.640381 729.216095 955.977966
1275.360425 651.348193 966.399402
747.266754 726.663757 764.437897
1195.432495 804.947021 969.288574
898.144775 879.732361 981.283081
870.837524 896.712952 1000.340332
1148.888184 752.004761 959.042603
1035.421997 675.458130 871.123413
1178.446411 866.447021 933.163106
1331.474365 820.880412 912.515259
896.477600 697.382324 914.794250
969.442737 259.410748 920.057861
1366.622620 225.994576 941.314056
1318.558228 842.019592 973.437439
859.739502 244.337509 922.771484
1096.000000 882.000000 839.140991
782.084106 924.808228 700.206055
1076.328125 312.301666 889.782349
747.128052 807.735291 816.736633
1054.229492 892.126892 881.882446
1401.786377 914.856201 902.287292
967.710907 913.282623 941.321655
1348.026550 811.793457 965.408905
742.021118 893.886332 696.618693
1113.000488 794.241821 936.053589
1048.844238 266.789337 931.931610
1303.846924 256.499855 924.933487
977.949036 492.869354 853.786621
775.000000 905.000000 909.145630
1173.299194 886.805054 931.660583
1008.168823 520.608093 944.159912
1024.225098 850.298035 910.226013
1394.666992 412.774811 977.807190
727.153137 579.608215 927.425232
748.844360 802.318787 816.919881
1077.675598 596.316162 952.461334
1018.583282 359.643967 932.682465
881.212585 753.872803 940.026306
918.982788 317.996399 932.282227
880.739655 752.534424 902.308380
868.572510 862.645142 754.025757
1253.385335 739.801371 894.653585
767.468170 847.104584 725.465454
833.968201 876.390930 743.744995
805.776550 557.130066 799.345703
1386.319458 903.526184 912.013794
811.044434 312.456726 919.086792
968.653870 853.755737 992.411560
1217.512207 780.732300 965.347351
792.995850 261.572479 908.062561
993.000000 662.000000 825.872131
1314.000000 554.000000 933.166870
1293.817383 780.646240 960.671265
1318.713257 465.087753 947.989685
926.201233 807.599487 860.179382
1091.729401 231.597656 924.934158
868.000000 908.000000 755.181152
1034.249878 542.110565 956.680817
890.121704 577.723267 811.976929
908.927338 826.279633 770.443817
772.055542 927.181549 692.356873
1335.559082 664.434143 935.072144
1054.495850 906.954407 960.514099
838.035116 265.738251 858.048564
828.142090 904.138550 907.844543
739.058044 840.070984 792.920776
756.616516 605.626892 898.087585
916.980632 812.613912 788.685404
970.836975 861.800720 926.552612
997.093079 841.927063 995.559937
884.000000 301.000000 905.942871
978.780823 713.058289 824.657837
1236.866455 898.334717 895.461487
800.656250 538.361115 798.733765
1212.544678 267.696976 918.225586
804.801514 567.570374 827.269958
1217.758667 497.711334 884.241150
993.087616 635.382996 907.749786
751.180969 319.286407 928.194946
849.548218 864.606995 752.744995
1369.587891 880.945312 953.197571
1106.362732 272.360214 941.353821
1135.741333 306.671600 897.945679
863.322083 892.641418 912.169861
758.866109 861.368612 713.159851
1023.658895 625.966329 842.065552
1146.097839 749.673767 959.115295
851.845642 496.697540 929.943604
1018.669342 657.089294 842.507233
923.000000 881.000000 919.440430
1386.640137 281.691650 940.205078
938.534566 724.968689 954.888082
848.480530 896.939575 739.391907
960.374573 786.755371 926.739807
739.747925 751.429749 960.463440
789.000000 297.000000 917.839050
787.163849 803.148621 934.902374
1069.814819 877.141846 878.162964
1084.529053 919.965546 822.782074
1230.000000 849.000000 878.718750
1083.111328 218.248505 928.091431
1058.000000 924.000000 963.364990
785.944275 789.551453 728.234375
1264.000000 901.000000 887.183411
1079.662109 304.290761 891.305827
790.495972 841.416260 793.610779
1345.843445 925.778748 915.328918
877.000000 922.000000 744.886292
1405.799866 646.317749 971.256653
915.451416 393.139526 933.047272
1124.394043 241.796575 950.254598
1256.166382 434.941162 919.877930
1380.499878 268.860229 944.131226
1169.503723 920.778839 1000.660522
1295.449951 241.203049 920.759399
964.000000 864.000000 922.872070
986.336548 920.087036 943.555603
1079.852661 539.072856 950.898844
729.523132 645.901082 924.466227
748.218933 779.585327 912.632874
1131.917562 888.821187 985.574158
1372.485229 423.085978 962.588094
953.000000 803.000000 854.926392
926.000000 223.000000 935.683350
943.255920 467.219727 939.345154
984.676575 276.423676 881.487793
737.403890 843.940226 881.936218
1159.530884 218.042277 935.576782
790.609375 841.411255 787.060547
1379.850037 268.915176 938.161774
1046.865173 904.449738 990.641449
815.680054 426.837097 921.544739
822.804199 240.596848 920.262115
982.037750 490.607117 856.378540
825.693115 608.934937 948.374084
899.551697 859.271790 776.215637
893.000000 851.000000 868.423950
779.000000 633.000000 772.796692
895.123779 532.365845 931.699158
748.747620 323.846741 919.777527
1302.657837 905.673706 893.355103
953.612213 796.367371 846.106750
1409.311584 498.895996 984.010284
752.456177 302.279205 922.486572
897.000000 922.000000 797.733032
1097.358398 848.215332 949.552490
1053.314209 737.806274 938.539429
930.738953 537.771912 935.362366
758.579651 606.746460 900.254211
902.593750 745.944153 898.710083
791.416626 827.015686 985.251770
1118.180786 788.064087 925.448120
736.945374 834.518311 800.960999
1232.719849 392.854431 909.140869
897.820831 903.479614 920.793518
1261.532227 368.429688 942.676575
840.208557 637.141785 911.743774
1335.327881 427.554840 948.564209
1174.100464 893.174377 944.525787
786.630493 840.170837 987.178284
1385.728931 405.574323 933.743103
833.865540 913.518555 731.128418
824.195557 342.410706 929.210022
823.970093 656.988342 787.237610
1053.405273 740.205973 938.620972
1404.945190 639.142151 971.658569
988.326324 719.737915 823.294647
1190.436035 225.308914 935.376984
770.170044 680.639709 832.757690
795.514771 507.162628 794.729309
1057.400146 909.709839 964.452576
864.776855 704.640015 792.861206
1388.136841 250.453369 945.019226
815.393351 519.513916 834.470194
958.349823 789.163483 804.712006
1021.512268 280.636322 889.188782
1001.661804 258.451538 922.350525
789.998535 848.032898 986.001251
1328.629395 448.320007 949.701050
753.298950 315.214844 920.610352
1045.852376 706.968547 886.830892
835.653870 399.807800 924.108032
732.688049 669.313293 919.227295
900.126373 833.741180 923.751984
1304.468689 788.738342 962.213440
860.462982 798.838715 769.455780
1264.884644 367.615417 946.584229
882.013855 871.081604 890.344482
728.226949 589.264079 932.238729
1209.739705 782.059347 966.035075
1303.089233 258.352112 925.038269
863.756531 810.650391 982.038147
895.000000 851.000000 770.280151
727.483398 272.147079 811.106354
892.796834 581.084188 815.101786
1302.057812 260.735101 925.042249
1055.257324 335.627808 932.212524
1063.882751 892.456604 817.636414
832.925903 481.321259 934.099670
1241.000000 844.000000 883.294250
745.883362 793.215454 890.883301
1007.128357 362.216461 942.922058
1127.906209 898.473348 985.829285
1370.241943 842.907410 972.556274
1203.088501 755.857697 945.273010
1328.388794 518.105286 977.759888
1149.462484 487.842590 890.757772
949.352417 812.166565 856.560364
1261.000000 901.000000 878.947571
1347.254761 931.858063 911.881256
1256.642151 750.511841 902.106995
915.441208 393.373856 942.704849
996.000000 638.000000 907.086670
1400.547689 610.619792 969.909871
1308.533936 552.814697 976.835632
1006.755463 329.423920 889.216003
1147.206299 854.644409 867.209106
886.490295 292.826263 901.366821
1036.391357 642.786316 898.273987
902.167786 682.209290 921.098633
958.000000 874.000000 994.020630
842.995911 904.101868 740.994263
1277.000000 785.000000 963.593750
725.212097 866.028961 675.538696
868.322205 809.834961 773.091583
1369.780151 469.984802 963.414714
959.376068 789.250244 801.656647
722.842590 377.773407 928.280579
939.000000 725.000000 947.350830
1095.071655 261.090714 931.311859
1317.563782 539.117004 968.676483
1114.810303 283.552719 933.171875
1015.862976 279.943130 883.882965
926.259216 266.798904 882.277313
1195.503662 886.568787 873.544800
824.000000 312.000000 838.454651
1077.661987 519.556763 947.479919
886.349609 295.015533 908.679504
730.000000 737.000000 998.367310
804.783936 573.402893 825.934814
1358.000000 284.000000 946.893311
1143.999023 852.816742 886.819916
791.170578 453.651833 811.859131
874.013885 814.412323 774.653656
760.292419 810.265259 913.244995
1143.000000 846.000000 861.103271
902.163208 698.270813 914.010681
911.614075 615.551270 935.789368
1041.575012 775.579193 821.749054
1077.394816 848.806478 901.195129
916.049835 727.768494 956.817810
1098.998901 510.283142 929.246887
1090.701137 717.203753 920.113604
735.028198 739.348145 985.806824
1424.250000 347.449493 941.556396
1303.577881 556.326904 930.200623
752.072876 606.749634 898.394043
1260.869263 895.909363 891.420227
1224.092773 607.001282 970.346008
1311.481079 405.793182 925.074463
857.045898 889.418579 914.869202
806.429321 836.903992 907.080322
1011.955261 608.698669 894.126770
750.175659 767.588440 952.408997
1181.152222 863.115662 941.778503
893.000000 918.000000 757.468872
1093.803101 850.655151 963.017212
1275.546021 615.638489 970.254089
739.736938 359.197327 921.916931
1392.969116 334.396545 963.887146
1198.129517 464.633682 903.601318
1343.704712 796.808105 927.406067
1028.163167 617.709249 845.728556
801.539530 831.422974 794.127889
791.443817 825.721771 980.765411
1130.102051 311.489807 908.703857
801.271606 280.751129 850.533630
1305.551392 888.960938 893.366150
833.093384 240.229568 921.152893
1383.766602 259.408997 944.183838
957.073120 407.746277 932.083984
897.861938 676.351868 919.729675
814.000000 237.000000 909.374390
866.514343 376.794983 862.180176
1400.005127 460.768951 958.493164
910.737061 728.976929 964.394775
1307.294922 556.205261 968.546143
1407.672363 394.252869 955.864197
839.589539 869.679138 747.954468
1203.658630 758.646698 947.978302
929.777863 425.170120 925.624084
1081.560303 854.752930 899.665222
774.911987 681.369446 831.097595
1187.446533 903.344635 867.516968
845.000000 888.000000 876.431030
1404.146851 858.748352 957.040649
960.520996 908.093384 931.630676
1273.407349 796.010498 963.751953
1139.856323 848.705658 867.265198
839.327576 904.220276 739.162537
900.000000 918.000000 759.756592
789.058350 834.628723 988.297668
1389.353333 509.378983 945.549194
1399.202108 518.902710 972.032471
1125.183777 290.854660 899.043396
829.000000 393.000000 923.787170
750.000000 767.000000 960.162109
982.000000 742.000000 843.487671
1056.153320 902.363037 958.880371
1347.735962 403.152939 948.236847
1096.000000 515.000000 874.600830
1395.777832 899.409363 925.193115
1288.294067 723.275085 954.469696
975.102264 225.413780 926.132650
1094.834351 727.472595 919.703735
1054.393311 729.034790 941.568014
928.893616 885.230103 924.404236
1092.590942 917.244263 827.822815
927.444560 875.354777 986.324463
755.701691 751.346680 932.252228
758.691406 644.830200 769.042908
1112.042114 279.262970 941.570648
1421.832886 291.781372 939.090515
1440.401123 772.813416 983.493042
794.472839 816.738688 719.848897
841.668579 275.116852 869.737915
726.864563 579.422668 927.890137
759.977982 501.704987 1002.413345
1421.495667 327.933426 931.589417
1386.117554 532.065979 949.141785
1108.278442 276.008240 932.566101
949.292786 722.261230 934.188599
926.916748 485.199890 864.661713
1114.396606 810.930939 860.399536
786.752319 937.401306 701.603149
752.238678 649.364075 775.311676
1231.438110 851.828308 971.766357
1174.015015 919.850800 963.577026
1295.871704 741.440918 958.295288
744.896790 903.853638 662.148438
768.970093 855.920227 708.461365
747.161316 860.330078 706.517883
772.830383 520.639648 933.395996
894.000000 908.000000 919.669250
920.843384 928.141113 798.137390
1107.119629 849.177795 951.500000
1035.276367 663.592285 890.989868
946.763916 497.984467 862.439941
1042.178060 645.056010 900.989339
1312.538574 839.522278 892.435425
1085.000000 855.000000 895.876831
730.260712 649.572784 917.413910
733.000000 826.000000 906.857910
880.820414 754.677104 905.945821
802.601522 830.894389 806.918396
986.997925 217.489833 929.419759
799.545654 542.549927 798.419006
834.000000 901.000000 731.846252
1349.267008 291.854940 939.193827
897.653625 735.932373 954.883545
1066.994751 320.736237 887.146362
784.517293 493.775930 804.162516
1063.000000 331.000000 933.624390
747.000000 332.000000 924.702271
1035.000000 677.000000 853.782471
871.000000 847.000000 762.273132
1369.874186 471.391062 964.413432
826.000000 659.000000 781.947632
1410.556885 483.402222 968.610107
972.678528 346.284180 919.686279
730.377319 262.829330 813.298340
789.324493 786.613342 745.698792
999.445068 741.789246 863.878540
1380.000000 849.000000 968.626770
1273.463745 795.986877 964.410156
1073.996460 587.981812 948.752869
813.380432 607.378052 945.972107
1419.651001 318.532043 934.089600
727.495178 657.968506 803.092224
870.652954 871.944519 753.999512
768.887024 832.284363 914.354675
1076.416748 310.167328 890.142456
1101.548706 268.696976 931.685760
962.789836 615.168233 925.584066
1404.705973 223.969808 932.777710
1106.000000 668.000000 902.511230
804.813599 577.253723 824.773560
744.000000 925.000000 903.426331
850.289551 244.338387 930.397491
815.008270 261.209839 917.979675
840.528381 879.865540 747.564819
937.827250 444.913900 932.015177
1343.851562 411.543671 948.710876
748.927612 555.592712 769.060974
1100.383911 264.032593 943.101379
878.476257 752.371521 940.866028
866.026062 250.155411 937.549500
981.123260 238.853683 920.199066
1131.776001 356.321777 901.065715
801.000000 912.000000 990.817749
1062.117737 332.588135 932.441376
1283.075033 709.523234 907.928813
1129.000000 288.000000 901.596130
980.985870 722.766144 930.029205
880.849030 835.882874 920.166901
794.956360 251.468452 847.740509
791.540710 836.675354 721.731140
822.606506 591.064880 944.851257
1293.518921 735.907440 954.786377
1017.127991 619.645386 839.308899
824.402893 314.962006 926.822876
1312.214844 844.692993 891.254395
952.760620 905.138092 930.006836
1419.459351 318.490143 933.823303
741.012970 718.135071 923.922272
1423.602173 247.215500 942.351196
1220.806030 780.033081 965.079346
1393.343384 564.262695 960.978394
753.453125 304.667419 919.414734
1344.333984 406.252487 948.783905
1125.561401 256.728058 939.050903
955.989105 784.330109 925.841431
1274.976929 357.818207 945.304321
1067.392944 328.016968 933.554504
820.711731 844.651917 913.995728
1428.648926 896.351074 995.016174
850.334412 872.853333 867.078796
1197.295288 795.787109 944.894928
1128.917969 843.365906 946.487366
1408.445801 641.063965 966.515503
1400.150174 608.716702 971.295003
1050.790405 893.487488 885.835938
743.250427 841.954315 883.198273
1015.943237 359.885620 945.070618
1299.485352 892.640289 851.751373
834.000000 843.000000 915.780090
1177.571777 285.408905 931.673096
1029.391439 601.554952 896.565857
805.316956 547.551453 803.145569
1378.912516 405.974304 932.451742
891.000000 837.000000 933.853149
1040.919739 573.859375 859.419495
776.147858 399.934906 831.651031
1336.523722 390.829763 934.432434
1009.276306 920.695129 967.376465
1431.443665 755.346375 979.890137
874.000000 863.000000 760.214172
804.987488 579.819519 822.955139
734.904541 226.047104 917.301208
741.596680 503.660919 993.857544
888.000000 282.000000 924.931030
792.441040 913.749084 984.471558
998.666779 326.955795 882.360916
723.522400 656.626740 801.388885
928.000000 739.000000 896.563110
729.406830 278.714996 928.922852
1174.050171 914.295898 961.011536
796.077087 836.933807 800.586548
1065.302612 332.648956 884.338501
824.276367 425.454620 922.683655
761.708374 672.884033 763.249023
1412.807576 879.814799 991.943726
756.416016 614.265320 898.668091
946.057190 345.215515 934.915894
1233.565887 893.799713 901.979736
1080.170227 588.740479 939.022858
1005.098328 645.846313 917.363342
762.747345 751.879944 828.263397
762.869812 638.494507 796.580505
1398.042521 274.211110 949.026225
1106.945923 818.984192 868.319275
1305.268921 478.563039 942.019084
764.595795 803.036469 917.153809
1274.493225 637.935364 912.801178
938.335663 301.269897 954.246948
1187.000000 897.000000 867.508911
1145.003906 484.995850 888.322693
936.614868 411.575663 933.501485
850.129150 659.322845 909.093719
851.233154 794.503723 764.370544
1423.188721 378.299896 985.766663
771.000000 598.000000 780.574951
1424.541931 255.612076 942.358459
1255.172241 430.209198 916.246094
1191.000000 615.000000 919.554840
822.021240 216.972107 914.179565
1330.171997 670.622925 921.978394
1190.048950 468.611633 901.710022
901.461629 748.662394 960.064270
724.387482 259.342026 811.611755
1332.123657 893.773682 910.547058
1399.083130 270.991364 949.022217
921.000000 222.000000 935.683350
1055.459717 897.021912 959.868530
1201.230835 684.566956 903.546265
730.869019 593.328918 934.535217
752.387004 233.801041 907.898031
894.814941 903.138916 765.820435
824.593262 340.131042 920.917572
982.216787 225.097595 926.013163
1040.000000 848.000000 909.374390
971.836609 423.975220 927.321228
800.131226 856.118164 732.878540
1300.155436 476.304047 936.357340
804.872437 584.902405 822.467712
924.171509 835.558289 989.560730
1107.891968 276.380920 932.300934
957.578369 613.141724 920.137451
1073.498372 889.676351 821.617554
884.133118 755.416016 939.132080
814.111481 299.637955 844.529236
1225.881592 403.051270 913.652344
749.587402 656.326721 790.739807
1300.510895 566.367416 974.502136
1346.413818 863.619446 936.786163
779.873718 395.850708 831.907837
960.218323 867.277527 922.579102
774.290680 902.929932 909.820923
901.082642 281.779236 930.582306
1022.425151 704.772705 938.049744
1174.068115 902.933695 948.834127
1136.484131 306.350983 898.046997
808.940735 343.604584 825.121033
1041.000000 903.000000 806.769531
1367.232300 333.585083 939.581543
729.940186 255.270508 914.577576
1029.000000 282.000000 888.327271
954.500793 792.107483 851.421570
1276.310669 613.547852 969.995544
1006.214508 645.109894 913.479218
1263.364563 902.648865 864.938263
1227.811035 884.486145 980.734314
1048.686646 899.110291 886.411133
1255.151733 374.305267 942.075623
807.652924 290.222397 847.522461
1243.266235 847.969482 891.209778
1024.806122 537.874756 967.919922
1365.436523 441.882202 972.091248
1076.450684 515.700623 943.332397
1007.552994 740.475449 869.899979
973.000000 238.000000 924.473511
1298.776489 550.814087 942.072449
775.457306 663.287628 758.901642
962.019531 217.471924 928.410400
747.520874 549.934021 768.971558
1346.623779 927.993164 907.714996
736.610138 828.790497 984.703400
1445.061829 782.085785 984.731140
1171.688110 916.086548 980.590820
936.173401 307.715652 893.696381
823.762451 219.212738 910.185791
1030.011678 222.483948 927.906637
1010.000000 729.000000 866.822571
987.715454 731.817017 863.334473
975.887207 274.733170 879.593323
1097.068604 852.072937 838.861115
750.071472 542.403992 770.513611
825.000000 903.000000 726.126892
1046.569336 274.051453 929.024292
774.626648 640.766357 772.508362
980.208252 743.002563 851.994934
1059.369710 360.877004 890.892232
921.293213 410.962982 926.057068
1012.000000 254.000000 923.329590
851.858032 882.091736 745.084045
762.918457 667.021851 766.522217
1330.170410 865.734802 969.878723
1116.641235 919.744507 983.255188
1335.762085 505.768311 972.279663
936.642029 524.767151 935.240234
1126.706818 309.682083 896.951752
816.253296 513.827881 835.721375
791.616089 590.065857 915.803833
769.365784 729.429871 750.008423
1251.114868 765.053345 904.103271
759.254822 640.752563 770.091980
825.249878 426.307800 922.476318
996.982951 217.818364 929.617757
1338.000000 856.000000 946.435730
748.313273 783.270284 911.212524
771.508423 755.717896 746.594421
744.537476 795.482788 898.763672
733.218689 682.696808 893.171844
829.808228 383.062607 923.194427
1008.218506 366.704193 944.009979
771.630066 849.959473 978.815430
874.064301 538.811737 807.154633
1339.464111 561.742432 926.847656
752.000000 504.000000 996.765869
857.719986 867.041519 863.821396
728.451843 835.324188 812.274780
1053.650798 338.472229 931.939189
926.257690 833.118835 986.252502
951.681030 476.664062 933.575684
840.715210 553.758850 945.253113
966.984680 436.882660 931.369995
1071.100647 765.283966 948.633453
795.203857 836.368245 788.184916
1088.087524 791.446350 853.237549
1389.763306 338.308319 962.407959
953.578064 722.666611 941.569031
1048.355774 847.336853 962.715454
1337.012085 418.372864 946.145081
1124.829468 825.185608 932.365540
737.468689 459.768784 929.044373
1068.828369 730.586121 918.963684
771.568726 506.202728 930.922180
1217.297485 725.469452 893.598633
1032.727173 683.488098 867.465271
787.601562 763.877991 741.368896
765.166077 592.970764 904.603821
1413.865479 412.395355 965.170288
768.735352 535.178101 934.498352
753.790466 615.218384 897.957214
741.633362 635.891724 944.378540
750.238342 227.974762 835.503357
1197.333939 615.014908 914.981606
966.567810 653.328613 884.228577
1420.188721 380.299896 986.910461
865.616089 737.723022 919.077881
890.334595 263.834473 864.308838
786.745728 245.068283 915.083557
783.576294 257.718155 914.431152
838.649536 392.287994 922.980652
904.316559 705.893494 911.862518
827.776306 876.912659 742.129700
782.985474 747.973572 740.078430
958.857808 568.073405 929.248332
814.000000 537.000000 972.515869
894.801270 551.170715 822.064148
1423.970337 244.617645 945.690979
944.377869 869.225830 916.056152
1080.731323 915.727966 821.741821
1387.469177 537.961426 949.529510
886.926270 756.808960 938.279053
1314.416382 829.713928 892.955688
879.165710 912.341187 912.044067
839.858398 388.665833 923.340942
1089.744425 217.716443 927.601542
1144.447876 862.062683 961.429077
739.150024 733.374207 972.983032
873.530151 749.561523 942.386353
1167.428467 268.505737 942.639771
856.381897 242.209915 914.926135
769.481842 530.062347 934.216553
772.677155 904.616272 900.499451
990.000000 258.000000 921.728210
989.000000 245.000000 920.584351
1274.755127 644.122589 967.205017
1338.640015 389.220337 935.092529
1065.949219 894.937256 996.222351
740.614807 667.008606 982.630798
1267.242188 782.815796 963.714905
1200.119385 611.085307 924.029744
731.446594 262.388412 815.146606
799.815653 565.442749 786.727966
1200.547852 684.824341 903.835266
799.688904 912.938904 980.885986
779.000000 515.000000 989.673950
1015.141205 736.241852 874.833008
963.677470 788.723043 927.701274
1096.391785 230.477333 923.668243
866.584961 867.272156 752.645203
893.698669 252.349136 917.652649
771.127045 603.774017 785.525818
747.000000 872.000000 902.511230
951.730164 804.792969 846.595947
769.105774 832.672241 915.530884
1143.821289 346.955353 909.831421
963.855286 437.684082 934.162476
841.674377 503.617859 935.317688
801.459549 772.665924 978.374603
1299.033325 901.084900 858.226685
855.910431 286.985275 877.242706
1266.979248 641.151245 969.758972
935.940033 874.757965 915.593018
764.758011 905.289307 908.895660
1317.683411 553.763702 935.168884
1360.384888 841.238403 972.324890
1310.377625 853.237457 973.750488
1352.203857 567.816711 939.570923
1208.489624 766.463623 943.641632
1406.492615 652.383911 970.875061
896.000000 923.000000 794.758911
933.273621 428.679688 922.677673
918.341064 294.941376 942.327515
820.470215 862.113892 742.137268
847.577515 645.396057 909.895508
739.537781 749.331329 986.200500
917.116394 879.530029 989.544861
791.575134 591.794189 917.893250
784.388692 901.458761 910.856547
965.029358 443.572693 933.052124
1265.549194 783.388000 961.367676
794.292542 901.685181 912.131836
836.296631 268.433716 870.092407
1342.566162 810.799255 971.233398
941.627441 722.907532 940.577942
1346.374837 928.119792 917.375427
929.440613 297.530243 919.996582
980.977844 252.653748 919.165039
1044.392334 776.648621 816.489746
856.448873 705.715027 787.925680
837.192383 270.567398 870.998657
891.788920 539.963440 937.260356
1174.948364 785.689514 959.404266
735.785645 806.956848 977.958862
838.750427 271.894043 865.882751
776.000000 635.000000 770.966492
857.000000 895.000000 745.572632
1322.045288 530.500732 971.592773
956.442810 580.324524 838.652222
809.271301 287.374344 847.165894
1036.052490 614.033386 897.251282
1020.987305 597.829468 894.935059
1320.845581 862.172302 969.281616
1312.285767 324.442444 956.421814
1405.865601 874.140747 991.689473
1166.424438 783.918030 965.083130
1374.307007 510.597839 971.649048
883.830658 577.680420 814.759186
1312.848694 837.359314 890.839935
998.000000 663.000000 827.015991
1396.920508 251.246780 931.680139
734.369446 455.710419 927.231445
1232.650024 617.260498 978.106567
947.336487 405.537552 932.594757
1390.977295 588.568604 950.943237
887.902283 656.948975 940.598450
1051.000000 924.000000 961.992310
1305.751831 406.796997 927.338196
848.818878 281.143051 873.283936
950.000000 414.000000 932.709351
1272.968994 618.343079 969.683838
854.871460 886.595276 755.144836
1230.845337 884.123657 982.274780
1217.656738 726.951965 893.421265
1015.616425 617.981781 847.433502
1188.136108 862.542358 883.940735
1080.064819 606.738586 957.572021
1125.083862 851.048218 890.148834
933.308594 792.258179 809.535522
745.913452 792.077759 890.302856
935.993632 267.838206 883.549764
780.062317 760.269836 752.441528
860.000000 901.000000 925.388550
733.282471 704.053101 915.988220
932.580109 305.403610 888.748688
885.000000 282.000000 920.355591
1108.083801 850.467712 962.693848
1335.434448 849.736450 904.535645
737.028625 856.093872 784.754822
920.740601 929.503459 809.109497
776.062286 841.846405 720.838135
773.458160 848.102386 777.703979
1272.794922 614.528198 970.506592
1315.129578 321.209167 958.905701
1344.254639 923.214539 903.728088
906.503113 439.841858 855.769409
1130.586304 846.015381 941.462341
738.050476 236.265976 917.685730
948.006653 825.525177 798.768433
850.198364 659.217529 911.548218
1187.539795 228.206284 932.884827
748.601471 845.919159 878.126221
770.217957 742.709290 749.382629
1065.469666 867.775787 841.522552
759.905823 243.711823 911.606628
782.310699 403.722427 828.794556
1286.101318 681.254089 911.547974
1342.187134 860.661743 938.642395
807.529190 362.137848 817.335373
1091.000000 533.000000 870.940491
778.000000 607.000000 779.659912
814.343933 898.629517 986.107910
1191.584167 806.387238 969.388611
1038.601318 635.714203 900.464386
870.418762 852.338745 765.487488
750.119446 502.011032 998.991364
814.082520 850.826477 906.751160
882.016907 868.335754 901.662781
1385.450500 284.889763 940.238846
916.605743 293.235931 943.068756
937.764465 868.139709 980.220215
783.886963 402.551941 825.678467
972.434631 273.344727 888.837494
1297.721924 546.278381 931.886841
750.598328 749.995911 922.811890
833.045532 619.201935 916.931305
1029.464294 597.213837 852.833679
1033.484375 627.146851 899.886556
887.000000 857.000000 766.619812
1300.009033 891.425598 857.969055
1312.782104 808.377441 965.669983
724.834869 836.772217 894.416931
981.201050 487.324402 853.666138
1341.000000 911.000000 903.197510
1212.492126 774.657227 947.947693
836.725037 899.163330 990.091003
779.085632 797.546631 727.945068
1041.196289 775.769002 827.891357
843.164215 239.779526 913.739044
1000.064270 838.637634 997.296112
760.323120 652.737874 776.035075
956.000000 520.000000 948.494690
769.371216 813.271240 920.351135
1093.334839 917.781067 827.269806
1003.243835 511.923050 942.849854
740.196411 703.173035 915.266602
733.669373 778.345886 718.454468
914.639079 816.609029 780.885864
1277.000000 356.000000 948.265930
1024.994141 368.890503 882.939758
765.580688 273.264725 918.119812
962.942200 447.800781 931.960754
896.782501 279.248352 930.906342
778.843994 835.550842 730.518311
1074.696533 847.772583 950.668457
1292.433167 734.853546 958.815460
884.932816 228.877117 919.516663
958.833435 446.247437 935.366638
1360.962341 280.998642 944.981018
909.340942 589.716553 933.246063
839.486572 597.704773 802.571716
1165.669434 786.626953 955.806213
906.000000 916.000000 762.501892
1102.517114 853.756177 846.690552
1442.086426 779.454590 981.377625
741.415710 780.392578 725.062805
765.391785 609.475708 779.166336
926.143005 311.186890 930.745361
783.538940 803.679260 721.421326
921.794128 835.091370 987.941772
843.649170 542.398407 935.801575
1030.987854 544.912231 962.661774
858.419128 866.086853 874.084351
765.647644 640.884766 796.338135
1114.038696 800.522400 935.067688
764.705688 910.693604 897.532074
1172.419434 897.009308 937.601501
1303.302490 907.161377 881.889282
804.674316 827.951050 795.791382
1175.447021 700.226440 928.820190
898.106201 668.283630 925.143127
823.413391 766.752441 970.492615
770.723389 646.813293 770.455750
837.614502 726.758118 954.849243
1278.534546 655.485413 913.273499
902.509216 527.577148 828.519348
743.000000 915.000000 668.933533
733.137878 779.998413 717.525146
1116.061401 753.338379 928.605896
995.478210 566.524902 848.573425
956.529724 578.247925 838.024536
1127.684509 221.748432 923.161316
741.150085 502.895630 994.804199
801.476522 391.251373 816.860657
776.549084 901.829871 901.891943
791.835632 835.917114 953.778748
985.842102 851.104492 992.693787
736.225891 280.400543 926.170349
853.045837 494.709198 930.998779
1182.291992 855.730988 930.836121
734.254517 374.962830 794.441956
891.324707 863.384460 764.094971
742.778137 224.293503 902.272217
1024.515015 614.378459 895.069824
899.846985 706.550415 912.651062
750.031067 569.305725 763.609436
1119.089966 809.348572 936.770142
1335.285889 676.456970 930.905579
892.698669 255.349136 922.228149
1313.765259 830.090088 890.606018
1148.397095 854.342987 956.317230
1196.471802 885.178711 876.606018
1063.251099 890.027893 996.269043
860.000000 895.000000 746.487732
1340.291260 888.501099 912.890442
807.609436 708.827393 772.865112
895.000000 865.000000 768.907532
1367.000000 913.000000 904.112671
829.000000 314.000000 839.827271
936.000793 416.313680 933.283651
1344.192627 647.946350 934.160461
1059.372437 326.833557 884.973450
881.860168 862.406189 926.822021
1389.567749 488.606201 943.282623
752.457642 696.382446 754.953857
777.914154 843.291412 726.877441
1399.273926 604.057373 971.600085
1078.904663 529.220428 949.326538
1183.900940 291.083298 930.662750
841.000610 413.020325 877.712524
1154.891235 283.932709 904.040222
761.381348 636.635742 795.836243
1079.035889 218.619499 928.167542
893.000000 282.000000 924.702271
1404.679871 637.017242 971.753174
922.753540 807.641083 857.986206
1207.853333 879.026306 881.428955
789.047485 293.840179 914.536926
1262.222900 650.723206 970.757446
891.060791 868.223450 768.483093
1156.418945 345.592468 914.850403
1403.760864 857.848267 957.908752
1342.000000 811.000000 969.313110
1203.437256 175.497482 935.882874
977.200348 855.640106 990.548553
813.000000 533.500000 972.630280
1426.101318 373.318665 933.694336
834.271851 893.965454 740.793274
869.944580 858.385559 862.824585
749.141876 561.218384 769.907043
725.532471 605.339722 928.659973
733.476257 868.974121 896.306946
1178.530640 707.650452 930.035706
891.858826 863.430847 939.268433
998.039551 326.974472 891.749542
858.000000 877.000000 753.122192
1071.000000 326.000000 932.480591
971.210266 487.643585 853.952515
818.213959 259.239868 920.774689
881.225891 925.648560 772.795593
977.180176 251.808365 919.503174
837.411629 238.823942 913.466652
952.000000 521.000000 949.867310
844.928223 296.270905 917.966553
1015.410614 680.126312 929.738770
894.760376 678.583801 920.974304
761.175151 273.501885 919.019891
1117.024414 298.816559 907.894836
1028.259399 884.874939 989.576233
748.292114 785.708740 909.991394
1035.944702 547.658691 954.136292
806.318909 826.300049 801.010376
1091.592773 910.916382 836.936310
1312.000000 324.000000 954.213989
1255.000000 901.000000 868.195190
1405.000000 916.000000 904.798950
958.972778 571.092560 928.481079
958.008911 620.345825 846.649597
832.494720 238.209221 920.881470
773.786743 685.463806 831.638489
959.564362 470.078735 952.561676
822.991272 904.542847 731.599854
1231.796387 880.335754 977.792969
965.350830 589.201721 925.343231
967.950134 493.004364 853.729492
879.942464 836.651062 926.565735
1119.737671 249.174866 942.056274
1400.743774 266.443787 949.060750
725.765564 682.963257 883.852417
1065.619507 703.334290 900.438538
748.986328 469.295929 928.534912
1396.922058 278.351990 949.101868
745.655212 650.520671 947.301615
850.462013 241.282169 914.645744
892.500142 859.924805 906.856934
1420.599894 301.620392 937.869303
1034.122253 366.501862 885.141205
1183.406738 290.017014 936.363983
868.474955 746.583842 943.940653
989.895386 713.812988 830.690674
831.000000 914.500000 719.950012
888.787262 257.013184 960.187195
964.895477 519.095703 948.275360
855.000000 904.000000 738.023132
727.407654 395.420502 925.510986
917.773987 876.641571 984.461945
743.887894 913.656387 662.351761
1183.706543 850.974609 944.544678
1172.602051 913.858093 970.885315
930.776184 736.969421 893.787659
762.002869 845.625610 720.650696
756.042145 296.255005 874.988556
791.191071 491.029373 799.510529
765.055084 862.882263 702.585480
1247.845337 363.563599 914.857056
939.525635 876.723999 991.315521
1000.000000 640.000000 903.883911
1078.000000 234.000000 920.584351
745.631348 467.258392 929.460876
1251.468567 769.342560 906.328644
747.564575 257.269073 921.325867
1034.939697 576.480286 849.357086
830.357056 843.051331 916.094604
1417.540588 880.146881 985.012177
891.820801 361.567474 927.343811
873.897491 928.369446 744.537415
1039.110718 776.991211 836.519409
913.802216 585.351959 933.369537
910.736348 229.532583 921.644307
1079.999878 329.095154 887.121460
1155.167969 756.558044 965.353882
1064.717407 329.560333 937.735229
762.055908 561.562927 917.156616
1216.669434 849.162109 971.303772
1403.398438 706.181824 966.766602
1298.893555 894.381042 850.807861
878.916199 703.128113 797.246033
1317.576782 218.814415 925.414154
1069.711365 889.228821 991.971863
795.650269 924.925476 708.450623
965.284180 651.764832 886.435730
731.087708 453.610596 928.054626
934.989319 850.864258 988.174072
1377.975586 278.854828 937.795349
879.953796 830.168335 763.267517
1409.448975 315.197052 938.350281
1393.060547 260.422821 932.541382
826.967773 290.065857 915.755798
1105.069702 904.483765 850.497803
851.000000 870.000000 881.692871
952.953918 493.931366 859.156799
935.487961 422.494049 932.898834
912.685343 387.317637 947.619100
878.000000 303.000000 906.629150
1112.000000 848.000000 848.291931
929.518433 889.583984 918.777283
759.848877 851.544373 866.007996
1336.624634 803.910339 921.335205
834.000000 871.000000 740.768372
988.498108 323.975235 882.841949
1381.487549 442.570877 949.778564
1093.284180 777.618301 947.793823
902.921509 329.877472 932.287231
895.222473 551.566956 822.000916
759.089508 324.736832 877.913330
1029.352112 724.385345 882.662872
739.366760 822.833862 907.927673
1403.108582 398.444046 978.099792
1305.089294 897.420135 893.463867
1318.597046 535.558594 977.740753
756.015747 301.677277 862.309326
848.228943 650.133911 912.562164
754.847534 597.193970 899.389709
1222.076335 572.193400 989.273031
741.581604 462.603333 927.918396
1383.939331 714.010254 968.633789
1029.914154 633.708023 896.768799
903.449402 675.786072 792.472046
1067.000000 288.000000 897.935791
1317.860962 831.252380 968.330933
1115.484741 282.302002 942.964050
899.546753 906.434143 960.849304
896.000000 852.000000 784.006592
790.992696 867.279500 718.582784
1340.671387 418.146098 949.480916
889.223938 264.133972 868.194580
741.860107 802.407227 891.595398
841.185282 524.298625 818.159526
986.880493 738.461548 846.989543
826.075134 319.275055 927.252075
1085.142334 680.732666 899.532288
730.774292 703.659271 905.191956
744.117737 465.668701 929.782776
1129.271484 633.397949 947.256348
1149.672689 855.858541 889.549520
803.493988 537.827911 804.474365
843.762695 290.006897 917.873657
1335.231689 506.043182 968.530701
1017.804901 714.921936 937.121765
893.513184 636.409729 940.712952
771.591003 525.693909 935.874695
897.712219 837.778107 768.079834
862.834351 862.448364 869.830933
1124.660400 281.424774 901.957031
1408.073730 381.571533 960.412231
868.416687 261.250549 915.244080
887.651245 925.540405 759.468933
955.840393 591.229492 839.018890
931.000000 877.000000 991.275330
1158.227295 800.005096 969.495575
860.990906 363.551773 840.643524
1056.133179 564.509521 862.266113
846.253662 598.256226 805.894226
920.399109 808.632446 809.127441
836.450073 608.301697 915.772156
1121.074341 739.960083 990.984894
1000.473450 373.030884 942.559021
1225.801147 405.536865 909.427795
953.608134 795.516093 855.105835
795.525452 818.396729 979.532745
769.763733 749.480713 748.803955
1101.332031 507.097107 924.502533
861.305374 242.610775 915.088715
832.744812 590.120605 945.214661
953.107330 896.962891 937.590057
855.741211 775.823608 768.896606
760.226990 634.140015 771.778198
933.140015 615.657349 906.465210
755.763245 744.410645 962.113342
736.385864 828.193726 808.686707
868.786377 273.816650 918.830017
978.777832 723.075684 886.252258
987.132355 216.110168 929.401947
832.694824 886.290833 740.916687
823.000000 924.000000 709.883972
1394.345886 857.908386 961.273071
1031.834106 282.335754 886.578186
841.068420 900.607117 994.397858
1142.240234 870.220398 855.891785
1317.072144 750.826538 963.341125
1250.542725 378.189178 940.308899
1319.925781 316.206253 954.172852
890.170654 741.684062 966.568665
766.000000 508.000000 995.622009
1268.135010 325.339966 923.098328
821.896362 668.276794 785.471130
1123.000000 816.000000 857.900391
1157.401245 789.575928 951.016541
1251.223267 749.286865 897.123230
828.614990 383.023163 923.226440
908.698181 811.319214 981.415894
1342.326111 860.342285 942.662170
905.969543 272.488861 932.357300
882.504395 577.822021 814.384399
909.082672 602.461731 935.190247
1414.963257 473.494171 971.824646
973.049438 860.428589 922.763489
1179.555542 708.954407 931.455139
867.224487 817.912231 1001.628601
892.586304 857.771484 916.399719
1276.201009 314.366923 923.105062
935.000000 928.000000 815.119751
1018.083455 663.186503 840.538310
1074.000000 236.000000 919.440430
771.166443 832.867554 917.298096
749.719666 569.388306 768.150391
1174.229980 913.635742 955.764038
1045.026367 642.847107 897.691528
752.251343 473.196472 930.122162
885.345032 839.369507 764.292908
1342.300415 297.667908 940.847656
1161.051961 854.653666 884.453674
907.167175 440.257141 859.300598
810.245300 715.021484 770.618988
1033.614665 642.652262 897.731710
749.094055 736.931335 949.398804
1125.983337 476.460678 918.353455
825.990275 453.122732 847.529500
1047.407654 572.670837 860.810425
861.427246 641.164429 943.763855
1093.014648 534.649597 871.438416
793.785583 932.119263 711.236633
816.827454 510.079498 836.546570
1033.527588 222.302795 928.025940
1092.000000 778.000000 946.664490
1366.971985 579.528717 949.176270
857.512604 357.003372 842.465149
894.416687 864.518494 938.477051
1343.605103 647.130249 933.205017
1174.729736 699.027954 926.688232
885.848450 284.349365 918.225830
1240.494629 523.560059 917.702454
872.174316 848.239258 758.679260
944.535217 340.265625 931.799316
1405.480225 318.422119 968.655151
924.000000 421.000000 928.133850
954.323059 467.624298 932.855591
794.616089 589.065857 917.862793
1086.899780 525.392151 934.272034
962.253906 430.474091 932.577698
759.313660 854.328918 863.460266
986.984589 722.754425 931.185242
786.596924 409.422882 824.962585
1056.148397 885.834269 882.991882
950.160553 819.629333 801.473969
842.277893 593.879944 801.790588
788.469269 817.490601 973.954773
869.729248 295.717392 888.629364
1013.931305 674.984955 927.178955
958.225891 785.193665 850.034729
1073.066772 324.109283 938.545532
735.796997 591.887726 929.471069
1290.045776 724.503174 960.561951
780.781738 404.219360 831.216187
1289.246826 703.870148 913.637085
844.000000 645.000000 948.037109
1062.383179 360.165863 891.391602
1035.742798 841.682007 967.401810
776.228800 398.109182 837.671346
1032.073975 282.001526 885.553345
1054.011434 567.615051 860.260640
1269.763672 321.913452 919.803162
876.293030 841.844055 772.561829
860.802002 703.492065 789.757202
1218.111694 728.067566 888.627625
1022.840454 730.927734 878.828491
760.681763 220.251114 900.404053
1230.630249 857.223389 901.268555
809.234192 296.509521 843.732544
1391.881449 303.305654 950.950216
944.596680 344.944519 940.954224
1302.008057 564.574219 969.964172
1153.603149 900.901917 859.543823
1036.080444 651.592896 896.356201
723.771149 613.303879 923.078018
752.000000 850.000000 784.921631
993.012787 808.913910 950.265076
1011.369110 523.277161 936.834290
734.695068 819.698914 821.693481
1059.684204 885.424438 991.882568
923.820190 880.418335 914.740662
854.973083 861.545471 755.841919
1214.210876 848.921539 966.651947
806.000000 879.000000 986.928589
1047.000000 275.000000 935.225830
1425.162354 371.502197 928.031494
913.000000 885.000000 919.669250
1022.749481 539.379150 937.467682
967.503967 589.074493 925.287720
827.372253 666.019409 786.725342
976.999847 216.986572 930.162628
1245.721802 529.487610 914.705139
737.000000 807.000000 994.706909
927.312744 798.629822 859.036377
779.036041 236.847694 909.180908
1149.276184 343.464035 912.899109
1302.538757 899.329193 876.123535
855.629395 909.780151 750.447632
821.000000 652.000000 783.549072
791.406799 901.724609 899.231974
1374.633911 540.042358 970.724487
843.348267 556.393646 946.386902
734.000000 868.000000 902.739990
740.294067 309.166229 928.168640
801.437012 849.517822 738.641602
953.619812 523.962280 938.665833
1400.179810 241.784180 931.078125
835.805603 604.691833 917.973633
1174.529602 909.769775 952.881287
1134.180542 278.376282 902.227844
1199.771484 791.185242 946.506226
896.066284 356.714874 926.515869
758.904419 633.665833 794.783997
1037.798401 773.468994 810.243835
993.000000 261.000000 921.613800
1144.500000 284.000000 901.710541
732.106171 375.634506 788.600861
1021.210754 610.031189 857.909912
1173.350098 897.159180 946.960571
830.213715 336.851959 925.139954
878.941284 701.281921 795.503906
768.884827 723.331482 753.122437
963.366089 602.455058 848.232259
1147.700073 627.818909 917.035156
743.534648 850.540934 875.555929
1217.624268 251.652466 927.277161
1120.824829 350.620392 898.627197
1282.000000 351.000000 947.350830
738.773621 816.299683 997.927246
754.000000 725.000000 975.489990
1236.000000 851.000000 967.482910
1117.911743 801.441772 935.637787
920.201904 879.549581 991.333211
872.629700 278.569458 919.322388
1198.838379 323.466278 902.350037
936.000000 601.000000 926.074890
743.324036 849.026571 788.992086
1017.000000 251.000000 923.329590
903.000000 888.000000 918.525391
1054.614990 362.021942 890.125956
1387.679688 551.260254 976.517090
1130.040466 319.766556 940.637939
869.000000 750.000000 962.678650
1411.149170 304.342773 937.490967
1203.703674 881.220032 880.917267
815.301086 841.517395 906.993774
737.000000 798.000000 891.301331
1252.046753 762.808105 898.245056
1045.277954 278.011078 934.234558
746.517822 749.441162 920.899719
830.991028 585.075867 944.425293
848.236755 650.226074 909.935974
730.947510 322.326477 926.603760
1229.433105 888.243042 901.522766
771.000000 918.000000 693.869873
865.622681 852.066406 922.472778
729.547729 854.973389 793.692566
844.312764 542.974935 927.003927
745.970642 301.745209 920.566895
1298.301270 544.866180 932.621643
1021.217651 532.676147 963.143188
740.965759 727.021606 975.506042
769.922241 767.183044 933.175385
845.406616 888.120789 739.737122
741.686523 770.875610 972.511719
784.627594 845.674896 786.724976
1037.681152 903.816711 806.260498
717.382935 268.757263 806.687134
779.000000 886.000000 716.747192
775.685242 389.304596 838.195435
952.390198 454.195679 934.353058
899.289368 748.446564 902.100006
984.123810 723.057312 921.169098
926.575500 800.927734 810.705261
762.122131 749.563293 935.957703
785.403198 825.948730 978.587891
1424.955282 244.756882 937.239136
1065.175903 850.536987 949.358154
1305.260498 237.301590 922.503784
1063.983337 884.703796 875.264038
945.169678 521.587280 949.694641
743.149109 769.120239 945.718567
979.828674 706.727051 827.580750
770.270377 823.037920 919.262198
860.641479 913.796326 754.828430
965.047668 789.609680 928.351501
746.671021 719.393250 961.029419
735.887207 921.368347 667.772949
995.640259 730.574188 918.136566
1200.082275 463.685516 904.083069
780.911316 623.985474 780.348877
957.650024 562.814545 930.975494
1256.455688 346.176361 918.347443
735.775452 911.426331 668.842407
960.000000 909.000000 783.091492
812.234741 290.124847 846.962280
1204.379150 758.140198 939.753967
1122.181580 355.413055 898.336639
818.327881 515.255371 830.684937
967.791626 655.301575 881.763245
1075.152710 548.399109 868.518188
1350.185913 571.990875 946.390411
857.724487 858.831299 750.238525
760.610229 631.677246 772.402954
731.087524 663.536784 923.295817
791.739746 899.440613 987.087769
729.931458 854.858643 783.691284
1125.411743 477.522003 914.972046
835.913696 247.039688 911.336243
998.000000 248.000000 920.126770
1329.313416 553.622101 931.409943
810.658813 703.204468 776.508362
827.779175 350.157837 920.462067
776.000000 395.000000 919.898010
959.756775 584.732574 841.791260
1300.189758 904.901550 867.448547
1041.893433 555.506409 942.895935
920.839600 416.466370 929.356812
1384.357727 399.060074 933.595123
739.616089 701.408569 905.440674
940.030090 875.464691 976.419250
776.321106 240.119339 910.421143
1042.790771 347.578674 876.310913
1112.344177 839.389984 840.616241
1244.376923 441.554497 914.765259
1073.137085 869.745972 885.170105
1059.000000 239.000000 919.898010
1352.560287 374.096638 938.478554
1275.734253 547.097900 933.238281
916.394897 457.467285 863.439819
1272.656250 904.603394 867.501099
1070.333740 740.806732 924.479492
756.332001 590.095642 944.653229
855.181844 784.481506 763.408976
851.585876 705.102417 786.225891
814.402374 525.789642 833.086395
850.005493 865.446594 745.758057
951.884552 928.647827 966.132294
792.492004 448.210968 811.596985
873.992106 854.647949 860.551188
827.000000 392.000000 922.872070
857.395325 886.879456 921.124878
774.151672 526.919739 931.507507
733.893921 879.972900 686.792114
1048.230591 911.815735 835.823425
855.485168 220.406952 919.057037
768.913269 722.600769 746.780396
1001.259766 913.930847 961.901672
795.496033 261.306778 849.422180
1058.883118 880.032745 990.606903
734.957886 572.122498 928.004517
937.070068 522.721558 948.209900
1446.799316 787.795593 984.244019
899.000000 697.000000 803.681091
963.843155 259.208450 919.935959
1403.106567 339.580231 945.689636
748.214823 786.811300 909.277974
804.088531 369.664261 823.444809
821.600281 699.780640 953.197510
791.419495 510.753571 793.595520
1126.354248 285.637207 937.239471
756.415894 868.698608 903.175842
866.881592 866.601013 760.077637
937.314636 406.875168 933.810883
937.359863 610.822388 905.330322
748.000000 641.000000 955.815430
763.132202 589.469116 903.761719
1018.000000 254.500000 920.584320
883.000000 860.000000 764.332092
1341.604517 386.708344 935.974121
1424.443481 255.097599 936.475204
889.813416 857.226013 925.991638
746.000000 865.000000 908.230591
1050.041626 892.275513 888.035767
1164.000000 823.000000 878.261230
1194.883667 897.311951 869.934082
805.801575 843.514679 740.120148
921.666382 402.923294 939.142273
757.014404 657.551025 765.737610
885.000000 257.000000 916.008850
752.094421 807.069885 812.655762
826.195557 249.330456 910.912613
954.004211 470.494385 932.677368
1272.855347 318.175079 918.204285
989.000000 660.000000 825.643311
1186.000000 843.000000 869.339111
1125.835978 327.721954 938.293315
944.049866 352.496613 934.878357
1025.147583 624.364014 896.000061
746.787964 753.437012 919.947632
1315.826416 825.086700 892.820984
891.517578 649.496826 940.474121
741.946960 723.120728 923.118958
962.199707 620.693970 850.756836
968.000000 273.000000 922.185791
1408.755859 656.184408 973.537394
1023.091553 600.670746 859.012787
956.981812 787.229126 851.320374
686.824280 557.416382 779.555847
963.938110 569.277832 929.069275
1410.483185 873.452881 982.716019
1275.596997 669.617065 964.879407
784.840088 756.310669 737.888733
945.000000 806.000000 856.527771
991.756042 841.341248 1003.854431
1323.454590 526.842560 978.341858
901.947968 903.095764 953.840820
1121.000000 655.000000 881.692871
902.957092 920.857361 761.960114
874.043884 913.840210 916.365387
1347.221985 411.800690 951.660126
1081.919678 527.174377 934.754211
871.255554 385.720856 863.107239
688.620972 559.124756 779.644714
1426.955078 374.678467 986.135803
726.571289 636.157043 952.230103
1387.623755 398.767175 934.269263
1300.279785 713.013184 944.894470
891.218048 758.719696 936.982849
1272.635498 530.348450 932.374207
933.684845 599.294861 927.653625
788.668640 841.563934 782.853485
960.430786 452.437073 933.577637
852.073242 259.334305 856.693420
945.824738 723.697235 947.795197
870.000000 750.000000 969.999390
948.776855 485.578583 934.071106
1383.109375 433.163086 960.368103
1126.697876 323.287781 935.482056
1284.366821 346.576385 953.611603
1335.079529 304.268539 941.658142
1410.299561 311.056183 938.882629
936.372803 614.671356 903.781494
1263.602905 636.624054 909.371216
1246.379883 852.984314 891.140991
891.598267 249.589920 922.655518
1114.194743 926.568197 984.631429
947.650055 495.464233 936.792023
1029.613810 589.893656 853.919108
837.830597 487.673370 934.683502
1319.618408 747.280457 961.033936
1155.302979 245.154129 936.586792
1308.000000 327.000000 957.416870
890.108724 753.099589 901.815063
838.390157 422.127065 871.230103
866.000000 850.000000 758.383972
1055.750732 853.524597 947.860962
1053.116882 910.903961 835.703766
1047.000000 918.000000 963.136230
1338.377075 859.583069 940.316101
792.984619 853.584106 986.051208
1074.386230 891.399994 817.123657
749.562531 218.507004 836.169037
1404.144922 632.983118 971.835803
801.026581 508.750656 804.993713
1131.532104 639.012604 952.717773
1080.269653 330.279419 886.800964
825.548564 844.148397 915.084290
1148.556274 349.715851 910.248657
1069.000916 555.017303 863.790222
768.219910 643.806213 797.184631
982.990234 662.790405 831.120422
1397.526733 318.147095 958.363831
1328.597961 309.375809 947.306671
923.824585 799.458008 975.974182
1172.938232 904.385010 944.719849
1413.225667 488.922119 984.264119
918.792664 592.263000 931.250366
792.229584 767.223236 749.552643
748.108765 787.920105 899.128601
756.013916 301.821838 861.576660
751.677948 700.793793 753.621857
949.000000 899.000000 941.402710
1409.470947 225.397611 937.501139
862.338684 880.292053 749.455444
913.773071 818.112183 982.049194
743.893982 321.099854 928.898132
762.638855 219.349579 905.674500
950.864899 781.819305 925.436920
834.000000 923.000000 715.832092
894.130127 284.142731 923.826782
1349.030802 238.325724 926.090413
900.075928 256.839462 917.442413
1156.512390 278.907471 906.387939
1378.000000 707.000000 965.652710
942.785706 840.855164 987.704834
1065.210693 881.033752 988.435730
738.820190 719.594849 974.915771
1158.617432 796.117432 957.718872
836.187622 589.929626 920.515076
1057.236694 894.625183 963.210571
1099.076782 725.197510 927.291687
908.047913 952.028442 970.772705
969.802429 863.771149 930.761292
1406.963867 384.742706 958.873291
1085.182617 541.526449 868.990255
1136.676697 285.263824 900.231506
795.486542 519.644501 802.209564
797.595337 852.484314 730.057739
1405.607544 396.494232 976.339844
944.868368 825.514486 794.256205
1099.409729 229.522987 923.531982
1132.562337 263.400716 936.028422
695.000732 662.575684 824.468872
906.149597 811.815491 980.558350
1032.000000 586.000000 850.122070
738.669434 707.910034 901.206116
1067.104126 892.766479 820.970703
775.743225 600.910217 791.554199
766.000000 548.000000 938.657471
738.695679 878.235718 886.265930
850.926941 876.450806 867.243103
953.710510 476.432281 935.983948
895.291626 842.193298 782.182678
1298.000000 225.000000 925.617310
872.741730 668.537140 786.713989
1029.343994 661.620361 890.704407
906.843506 599.485718 933.877625
1299.269165 266.678009 924.633972
941.223389 777.391205 925.682983
734.236572 817.783508 906.935547
1031.657715 771.748149 829.200114
755.096252 584.675293 942.980225
954.212280 463.141968 951.579346
737.418823 800.994873 977.288818
1139.600525 744.848419 958.987671
885.107300 236.568527 920.164490
833.222229 291.330200 912.635986
904.000000 627.000000 946.664490
1121.893188 853.632446 948.675781
1294.601257 484.907516 936.132812
761.308228 761.861572 831.203003
757.000977 593.469635 945.717682
1412.946574 296.558228 940.430705
1113.776611 746.458893 932.208557
763.441895 680.890198 762.156128
1361.725281 453.365143 971.007782
907.611084 876.753418 980.052185
803.210388 586.205811 922.099304
1201.138611 786.797791 946.332062
804.814056 562.180359 828.528687
1338.668701 563.224731 938.272461
793.463928 446.287872 812.909607
745.436829 534.620239 771.398804
1013.843506 681.805847 932.534851
871.323547 857.186340 870.325256
1009.000000 673.000000 830.905151
993.738647 712.040924 826.737183
831.441223 257.077173 852.812488
739.946838 909.120544 904.678528
902.341858 833.855591 940.152466
938.101074 519.132324 930.082886
744.943481 763.849304 938.159058
1277.213867 353.356323 951.938904
738.502197 697.611145 881.385925
1288.976685 494.205200 936.716217
1172.948547 779.075439 968.885834
823.760254 329.940918 920.161316
1383.564771 327.118561 953.419250
1208.258789 493.252991 888.753418
899.020905 836.040863 939.738678
1067.148987 556.184204 866.527344
958.506775 495.602051 855.748047
768.619934 855.147949 979.610596
970.000000 217.000000 929.277710
751.020020 229.859131 830.349915
844.721069 286.055328 917.047058
944.777344 502.746613 934.383118
1255.367798 538.193787 914.867859
921.084717 523.669525 919.885101
805.468628 246.280365 840.142212
1382.908813 427.384369 954.296814
1398.676147 600.683411 972.395752
1193.334229 793.834595 943.364197
1208.397217 158.995285 937.661682
946.372620 807.983521 847.495361
1228.617920 584.308716 926.507446
750.184906 563.943634 763.727203
750.300415 578.925293 766.328125
759.000000 863.000000 991.961670
1254.873413 347.751740 917.125793
884.000000 260.000000 920.584351
858.407959 360.567535 853.764099
736.004639 847.551392 881.414368
1059.139893 872.979767 986.491638
941.000000 521.000000 950.324890
961.057922 471.407898 951.443787
987.886932 492.113861 854.567871
890.971191 875.900146 771.127808
1064.000000 559.000000 861.560791
927.646667 797.916260 856.350403
893.209778 634.621063 936.187836
739.000000 867.000000 908.001831
921.000000 927.000000 783.777832
896.342773 366.279083 938.015381
960.742310 596.363708 845.087158
867.650085 673.400411 788.044454
904.797058 904.036377 921.663635
798.000000 923.000000 709.197693
728.811646 230.456451 900.665833
1141.693481 439.830597 960.818481
1113.500000 653.500000 881.120911
852.851074 347.346741 820.697571
1273.586945 633.685165 912.600281
1066.380981 747.210846 927.064880
813.478821 861.215881 740.210205
1124.313599 222.573433 923.239746
1262.031067 338.420212 918.474548
941.530660 603.515605 926.177653
893.175171 748.924438 900.261963
1060.278687 562.246429 861.357513
774.976074 687.132812 761.163513
1112.000000 665.000000 904.341431
1178.899536 903.295807 866.384888
837.523926 488.987335 932.737000
1276.052856 311.573059 918.643372
1156.637207 827.488098 873.084473
755.639221 718.121643 967.491699
1155.500000 280.000000 900.795410
899.948975 341.770355 925.393982
969.830383 588.085205 925.697937
749.552521 715.694489 748.513580
905.195435 949.631165 969.559448
968.000000 858.000000 987.157410
1320.452759 655.975281 937.800720
865.464569 861.496338 860.910339
1158.963135 756.763611 994.446106
845.000000 245.000000 925.388550
755.276794 305.869110 883.228638
1065.042175 359.543839 891.801117
764.180725 498.859985 1004.241455
899.606201 751.244324 900.874939
866.707947 813.747620 1004.305176
1243.146362 385.135529 936.414185
777.176331 617.060547 780.851196
1247.403931 380.535461 941.000000
1067.196411 359.041870 892.131470
1410.000000 607.000000 959.933350
1195.298950 897.803101 869.862610
745.921326 722.202881 755.447144
1380.140259 859.950928 970.000977
1327.743042 843.733887 902.342346
1055.087646 570.446289 862.553162
977.636658 922.171936 824.873901
843.046631 547.794006 937.106262
1378.911255 424.350510 972.308655
809.148926 849.244141 905.293152
1050.000000 923.000000 808.027832
906.580688 812.119446 983.407654
1017.108887 685.996826 931.448975
1172.446167 927.598083 982.442261
1013.242798 669.440918 925.033325
876.171631 391.834839 853.649109
769.742615 676.770996 823.376343
1333.000000 855.000000 959.475830
969.956726 273.606720 921.140625
874.000000 922.000000 742.598572
863.274089 292.066905 881.713765
805.030334 589.448242 820.263672
895.582581 924.810730 804.837280
1159.657959 226.568832 936.521484
1149.000000 284.000000 906.857910
1371.218750 508.516052 967.891174
853.214539 347.931305 820.079407
854.333191 796.423462 756.676514
823.480347 639.114075 948.671204
1016.677429 667.772705 838.757202
910.771729 820.484924 794.454895
1230.952271 890.051147 909.404419
839.256409 579.069214 921.788696
829.909607 402.943726 924.330017
947.934464 815.975235 794.828888
1228.303101 778.516113 964.448771
1206.483521 166.016525 936.794800
833.679362 599.112183 919.755920
1273.113892 904.686768 867.011902
887.000000 632.000000 939.114990
1321.744751 748.607727 959.068726
1159.656047 671.423136 920.103516
1116.314575 822.376526 867.469849
962.157288 905.640625 786.081238
739.146301 824.618225 979.173523
885.058990 819.051300 778.725403
774.351929 845.459595 777.515869
1250.868958 379.008133 938.063293
1123.629150 307.341675 908.078369
737.580566 252.543671 868.221985
730.049011 251.628754 815.059448
952.968872 582.574005 834.892578
906.195984 664.508484 929.061462
1298.254272 484.995392 938.483337
1045.756592 902.101746 886.510681
750.495422 854.708008 869.799255
1368.782837 527.824280 971.827209
944.550018 504.969910 936.614105
756.112366 846.019287 866.790100
1204.202698 171.159355 936.787109
797.315552 866.678406 982.970337
1402.000000 916.000000 915.551331
1059.114624 888.025757 874.588135
932.271057 928.421082 811.828247
1077.819458 548.372131 866.653442
850.279358 666.202820 908.192871
999.432831 581.240753 847.505798
796.296021 285.577560 912.590668
1220.438721 571.889709 921.913208
1338.517944 853.939270 952.378967
838.281982 583.093018 922.003174
1093.756673 217.458918 927.349386
1256.407104 345.578064 915.704712
861.351959 246.482330 954.647369
1400.586182 527.848999 974.587830
1289.508179 251.490936 923.306702
1228.780518 267.088776 916.416931
749.498169 500.171906 1000.969971
748.793243 231.168884 829.285553
856.412781 353.395416 827.819885
1185.625732 845.068970 943.039978
755.291412 475.493820 929.615784
1125.362915 655.300964 885.326782
853.001038 349.964264 824.171265
691.179260 561.624817 779.873291
1011.556519 672.873962 928.663025
1409.072327 651.014526 965.999939
910.284790 693.515533 810.548492
901.514160 912.073364 957.472168
807.564799 567.748169 797.972066
1106.689331 500.270233 920.382629
764.213440 797.558472 918.653442
1173.477783 904.489807 866.044556
1028.000000 657.000000 890.614990
1395.337524 285.809448 949.469482
1086.471069 536.809631 874.833191
736.651154 253.325363 818.550354
1155.929810 755.167206 994.628906
1138.606730 305.435506 898.393250
930.036652 878.205841 993.141388
755.951965 654.932251 783.155823
1432.284302 898.813171 998.011658
906.000000 696.000000 805.968872
750.000000 904.000000 687.921753
1179.000000 460.000000 899.537170
1264.123047 331.505554 921.541321
1286.875244 715.615295 955.679993
732.270787 783.523019 715.500637
935.021973 299.026794 913.873383
684.408142 554.419495 778.378418
779.726379 498.511139 931.187134
1199.880615 680.575653 899.184570
746.912374 855.788472 782.536987
999.955444 735.525024 921.355225
1036.656616 667.627808 890.084778
920.232971 459.911957 855.783569
746.522705 333.251312 916.059875
763.449585 688.221497 758.197876
1349.473633 397.677124 949.371887
739.535706 759.274170 961.255676
824.701782 450.048218 842.240845
1035.864990 608.110229 897.317078
969.163269 761.426270 818.029297
862.623352 223.819885 919.782715
1424.539917 234.634094 945.757080
797.661865 859.920227 978.829834
1109.546265 663.890533 902.498901
1127.598999 830.055389 936.646454
1413.634216 866.521027 948.279236
1046.884033 777.364075 806.831665
921.865845 680.352478 815.668884
1372.280396 420.527222 952.898010
1040.000000 254.000000 928.362671
1123.406860 739.473999 980.913391
896.522339 661.174194 931.994965
1369.792114 472.468567 928.763367
1327.323792 309.562469 954.221222
773.758179 789.818054 738.618958
1104.905396 845.999512 839.850952
973.000000 239.000000 916.237671
1084.281494 787.988647 852.774475
864.513550 884.428467 758.428345
1319.916565 651.235779 936.154877
752.000000 747.000000 934.768311
800.053284 587.035645 920.233582
1350.158569 376.859528 937.962565
796.218079 770.678731 946.388550
742.945068 923.601242 662.811050
733.211609 314.356659 927.196655
750.545166 709.824097 750.638428
742.972107 727.402710 923.111023
738.250916 250.930252 868.551208
909.000000 833.000000 941.173950
1060.195435 735.808716 939.074860
753.031067 691.769165 756.322449
817.456360 506.013428 837.441650
1137.000000 813.000000 970.685730
902.000000 858.000000 938.428650
858.000000 856.000000 753.579712
950.539307 485.899597 936.526611
1383.387634 290.396645 940.409897
782.223206 718.675598 754.341919
1017.743576 675.520981 836.030350
1401.322754 599.563171 955.139221
783.549133 738.255188 742.590210
1372.937866 419.848633 962.429749
879.086304 866.126709 758.313599
1253.168457 536.086182 913.701904
745.704427 740.718608 922.567586
1010.375488 747.707825 928.648193
923.754517 797.013489 972.668213
1249.760376 356.746490 919.064148
1061.472168 695.871094 903.159668
797.000000 921.000000 992.647949
1183.279175 425.341309 971.307617
734.596161 796.162567 977.416931
783.401489 502.359467 931.360046
1034.462036 772.343109 819.616455
1163.030151 398.774567 899.189697
973.382019 724.567993 874.682434
1422.361694 314.310272 942.558655
1088.454102 457.582916 881.447327
1024.843384 540.750183 969.265015
1187.662903 323.582397 896.111755
1211.915405 153.201385 940.448364
831.170695 765.406799 976.783346
1279.280396 658.109680 913.193237
953.106140 338.875031 926.838928
1348.428528 796.047699 930.289948
1002.341003 771.917297 856.884949
1391.956177 562.968811 945.167053
849.644043 344.274811 816.665649
1263.205322 334.028076 922.634705
770.000000 393.000000 922.872070
957.990479 440.289856 851.257324
773.466705 502.481934 1003.777222
904.679901 435.766373 855.427429
1051.250488 650.275391 895.225708
1073.436035 551.243469 870.350525
1171.038452 925.426544 991.940247
801.100606 764.316427 949.695231
836.968726 523.979895 810.151599
1106.595398 500.747719 925.410812
953.438546 519.008126 938.226528
749.821045 620.055481 901.504517
851.413116 667.274445 908.457855
1044.028076 560.029297 943.846558
1128.098755 854.599426 945.948486
937.663849 448.178238 923.169708
1142.659912 749.245239 995.030945
876.978638 873.020569 894.405518
820.000000 903.000000 723.381592
1385.727539 538.864258 941.825409
831.747050 609.863932 919.460714
756.459717 662.091187 764.536621
881.005758 745.423421 936.397420
1329.762451 306.651550 958.043701
931.000000 478.000000 932.251770
840.962891 381.737152 923.278076
1343.357727 566.273834 942.424011
1014.000000 717.000000 877.574951
750.000000 780.000000 922.185791
768.876221 736.360474 751.486023
767.000000 866.000000 990.131470
759.899841 858.930664 894.207153
822.688843 927.557617 717.628235
928.818420 615.854187 906.643494
980.000000 266.000000 919.440430
781.638367 729.921265 751.974121
746.367676 743.478394 987.422302
751.480469 703.747925 752.688965
1061.944763 698.075531 895.279755
1210.718384 152.191299 938.901794
887.000000 926.000000 773.483032
905.406311 284.365143 938.125183
792.585815 858.673828 984.721680
1268.000000 626.000000 967.940430
1173.233643 911.873657 951.340515
1044.000000 912.000000 832.964111
968.185974 859.170044 987.909973
989.629639 806.579224 947.635193
899.923279 652.805847 943.068024
908.294220 526.001953 828.058105
787.490845 386.786652 920.196289
777.239746 701.225342 758.170471
1322.369446 314.321167 958.532959
1417.619568 385.061798 981.027008
912.752075 819.673523 985.609863
758.316589 302.756500 918.387573
1138.554749 743.238495 959.346863
889.560242 653.733907 947.500773
1084.283691 453.321320 949.878540
1016.905060 670.941833 837.709686
1038.394470 283.282822 889.327087
787.695862 773.877319 741.298340
747.132782 758.855042 919.311676
1015.185547 847.292358 907.362427
909.000000 916.000000 762.730652
944.889008 778.627472 924.951019
764.867269 357.896423 859.414551
1180.116699 414.942566 969.153198
1321.778442 555.922180 934.719543
815.000000 653.000000 780.803711
1347.440104 380.660309 937.362172
1342.143616 754.137451 933.751312
1063.964539 737.187927 924.551331
1362.000000 912.000000 904.112671
1201.434937 882.577148 876.614075
739.138763 877.063293 884.984436
949.057353 814.313477 847.962484
850.525360 421.564667 907.424469
983.448212 610.279144 890.032257
1034.659424 366.581909 887.875732
1407.039795 611.675964 957.822632
942.918579 492.977081 933.333618
781.898315 714.252930 749.035583
959.817261 277.058289 920.029053
1047.246155 928.696136 808.192230
920.138916 793.516988 976.873861
764.392151 696.224304 758.115356
957.581970 600.476074 842.375488
1031.000000 915.000000 827.702271
905.881042 598.970398 934.237671
1114.230225 924.747253 978.270386
1260.000000 629.000000 968.855530
829.635701 326.990580 924.251038
1269.726868 670.845154 966.692200
1359.500000 915.000000 900.795441
834.796326 531.704041 967.130859
1119.048096 235.180944 892.421590
1080.411987 544.339355 872.265869
976.857574 729.309540 882.741272
795.068319 860.821167 731.786682
1150.807007 844.890747 951.530945
1052.261963 348.421722 884.109375
1291.133911 490.311951 936.637085
740.000000 681.000000 958.789490
1161.443848 900.425781 864.590393
1352.453247 403.578949 952.407349
755.116364 228.221657 900.116516
1363.668823 501.182831 928.230774
826.107056 644.711243 947.826141
1153.118408 326.573914 948.209717
814.258850 909.394348 719.900391
1401.516187 616.077063 971.219653
1398.686035 241.454941 930.138123
1042.772705 842.478821 965.988831
1185.455444 842.566650 867.941162
754.462402 581.922180 942.175537
1312.000000 908.000000 885.238831
1387.205505 417.215988 973.879425
730.000000 923.000000 902.739990
906.436096 713.505981 909.621887
1180.054321 279.983566 901.332489
898.000000 839.000000 866.364990
908.248383 682.165070 798.257904
1068.600464 871.493591 847.518982
959.060120 467.880127 958.931091
824.951202 308.902161 918.791382
957.593842 460.147308 932.922333
758.589355 818.332855 911.699554
1221.944031 882.012238 978.148956
906.464661 942.469604 968.301697
754.520447 907.208801 690.308716
899.000000 889.000000 918.754150
839.862549 573.169495 922.853333
944.878845 834.028137 796.939209
1057.401978 892.443237 958.685242
1086.934448 457.085999 879.648193
1425.452026 234.910980 937.972778
1325.000000 553.000000 932.480591
1138.780640 440.561157 959.858459
952.515594 501.609802 863.573975
989.107117 735.205566 908.191345
1012.244446 846.149536 910.145325
778.081238 599.770142 794.304993
959.075989 659.605347 886.343872
834.207703 646.865051 948.832703
1158.000000 900.000000 860.645691
792.374390 869.176636 726.439941
877.000000 283.000000 918.754150
1015.498840 906.412109 804.113983
1301.470825 895.046021 867.154541
1035.275879 340.883636 944.013367
758.000000 923.000000 684.947693
931.556824 598.022217 929.931763
1286.979919 717.408661 959.406403
1252.772827 354.877258 915.374390
1249.602844 771.446960 902.350586
1101.889465 728.044693 929.752731
1322.997925 639.439514 935.336121
1279.686646 306.131653 923.439392
762.896790 847.971985 859.710327
1364.567912 497.287760 928.765055
1041.015381 925.035675 804.181854
847.901306 706.874207 783.098267
1402.494507 470.243683 960.501282
1172.773193 289.134644 900.264130
772.925171 390.916382 843.910339
842.613831 761.262024 969.668732
1025.421631 682.278320 847.663696
1205.215210 783.339417 966.316864
927.031006 547.046021 935.854919
1142.114746 620.781555 912.644226
856.018433 355.418152 831.991089
797.085327 885.402649 713.616252
1101.801758 883.174377 845.785706
951.500000 872.500000 993.219879
803.750732 828.200867 808.367676
1014.552551 848.738281 908.223755
942.051270 319.824127 955.304688
796.488098 854.234131 738.641174
1240.523132 385.479309 942.390106
1268.225586 903.383240 894.124573
1122.427856 307.230469 907.991455
1059.651855 287.325302 896.527802
1069.736511 358.448944 892.492035
827.164917 348.635712 933.902161
1148.859863 438.266205 962.559937
945.942383 513.561096 932.817078
809.912781 856.098877 902.186340
1239.149719 882.586884 980.771545
959.774841 660.045959 885.399414
946.000000 879.000000 986.013550
733.764648 903.161133 671.970764
1325.032837 744.829712 964.156494
771.788330 650.273926 771.852417
1246.567139 534.641479 911.716614
729.177368 231.133957 882.313477
1396.595337 541.071960 973.107544
1167.948364 914.920013 1008.613861
986.921326 804.721161 945.506470
1080.084106 321.131592 932.862579
1066.780518 852.462646 977.721802
737.904968 928.655823 901.411865
828.000000 928.000000 709.883972
944.406311 834.649414 797.696228
897.978821 349.109070 925.560669
759.870178 597.638794 939.588562
1081.346924 791.155640 856.039673
781.134338 710.207397 757.494141
1095.172913 846.900177 895.015991
742.651123 906.766174 688.284302
1130.013184 316.278931 940.251587
1281.084351 307.447021 923.115112
863.903259 809.705994 972.083923
847.000000 872.000000 882.836670
1341.517822 756.123230 934.071899
1295.516357 908.911865 892.350464
1307.653198 328.836761 958.475403
860.211243 220.722427 917.142944
1347.073486 645.138489 935.332581
834.276001 878.053589 870.884949
959.930969 436.898926 852.298553
1047.359049 653.461019 899.227519
1208.359863 162.443100 939.052582
734.142456 311.169647 929.284912
996.561157 811.353455 953.035278
1219.720215 735.637207 892.482137
1127.295166 721.842102 926.944397
965.000000 907.000000 784.692871
1305.000000 331.000000 954.442810
801.392639 385.030731 822.523865
1301.433105 715.022400 943.393585
1316.307251 827.258972 967.172485
812.289490 645.918152 951.092834
1057.310669 286.890991 899.476501
933.888550 774.669403 927.004150
1341.992676 298.350845 938.409851
1057.851257 867.794342 982.977264
1141.561279 440.122314 957.724548
1266.932373 328.660980 917.014343
760.324646 589.229248 901.871277
1092.000000 455.000000 880.320190
1345.044434 843.598572 911.370300
782.216827 845.097122 780.258820
751.945801 748.099487 971.830200
791.863159 443.173187 813.273743
771.059479 646.879822 797.890198
771.862183 657.898621 768.807617
777.022705 495.747742 930.852478
1299.425049 885.615967 849.679260
1021.000000 916.000000 827.244751
1125.504272 473.902740 918.626343
1162.500000 907.000000 863.848511
795.470215 936.527039 707.652283
976.485260 734.738983 842.255707
938.034943 835.661469 795.084351
1201.898682 811.859558 970.740356
1028.000000 254.000000 922.414551
1116.859009 668.240356 906.385315
962.039001 490.803711 856.348175
773.000000 551.000000 927.676270
794.393280 861.619781 726.574005
1372.205811 903.909271 991.952637
1231.492310 778.019165 964.158325
796.357758 418.427277 818.660217
809.187500 320.541275 838.978241
828.192902 424.970093 845.013489
1298.604248 568.961182 976.438477
1013.738586 751.653046 930.920013
942.358276 493.128723 933.100708
757.331238 322.861664 928.660522
743.336914 722.143616 767.993286
812.489563 864.881897 739.556702
813.614319 456.900360 921.335876
839.292511 646.931396 949.498230
1324.929810 804.358704 966.996948
1048.232056 842.788940 964.669922
1198.441610 784.690491 966.795308
817.548584 215.232437 911.834595
694.449280 565.497314 781.189331
1059.898438 918.379333 994.039673
1057.000000 911.000000 835.480591
1060.026367 918.278564 993.671631
1220.963135 885.610840 982.632751
1156.306580 330.896179 945.757202
761.353719 627.292887 773.528035
833.000000 764.000000 969.770630
1229.033813 886.623169 900.487549
866.000000 256.000000 921.270630
1184.008606 427.891663 971.909592
1295.002197 483.976562 933.302429
853.455017 667.999023 907.473206
1338.629150 300.914124 962.764465
1349.122437 868.448242 928.523376
1218.581421 344.365021 914.613342
907.527222 833.267761 930.715332
950.756531 910.323303 779.512817
1222.594238 409.341461 913.165588
982.655579 845.452881 1004.379639
1226.060059 890.654419 910.368683
1171.000000 292.000000 904.570190
842.000000 876.000000 883.751831
1261.900146 552.662170 936.832397
1025.000000 369.000000 886.954590
973.786072 384.259094 878.803894
941.900553 453.979879 931.914917
1067.000000 698.000000 894.275391
1276.310486 232.190155 928.980804
991.000000 720.000000 932.023010
1365.508514 873.599792 913.837006
1314.735718 812.177185 966.406616
1077.741089 714.329651 912.286194
926.333252 548.961761 933.692139
1328.303711 309.613159 945.363525
1063.000000 862.000000 980.980530
1220.348999 251.876266 929.748169
873.000000 749.000000 960.848450
1164.472778 820.309265 878.021973
1213.385986 147.484528 939.752869
1197.724792 814.554016 970.625885
900.546204 694.157654 808.633789
746.910339 341.349487 930.383972
852.000000 888.000000 755.867432
909.093292 904.259583 922.222107
884.355499 544.545105 935.894058
923.040588 593.394226 932.392639
751.316772 572.236206 758.287964
766.332499 856.002340 857.515198
922.898865 480.640320 857.020752
1263.741455 541.746216 919.022644
928.622009 772.697845 927.213043
1407.102905 391.487457 948.958923
798.343608 530.434753 801.394450
824.580109 464.473007 846.780945
1398.130432 597.783162 972.152669
1278.253540 609.928650 970.811401
1129.136108 722.514099 923.145630
1031.720581 686.564758 866.664429
922.247152 904.041036 924.007019
884.834900 633.397827 940.898926
1281.000000 231.000000 924.015930
739.717285 690.621094 972.808411
837.662964 495.854736 934.911560
1325.000000 842.000000 963.136230
1181.680908 420.051514 970.200745
773.425049 244.974930 912.199158
780.538696 707.564453 758.603333
846.841431 515.796814 922.176758
815.249390 919.093079 719.007446
736.068237 771.301849 722.458496
909.443787 671.583801 922.126526
1306.019653 850.548401 970.306885
1076.970215 917.327942 819.864929
727.998291 278.882416 916.766418
959.271530 781.211395 836.590790
749.046448 718.632690 747.413757
1150.929932 437.133102 961.589813
757.130646 595.450806 946.312164
903.310974 861.014465 941.411865
1129.809448 837.774384 936.930481
1289.000000 907.000000 890.157471
775.707825 797.933838 735.750183
1301.692993 709.095337 948.523132
1061.835815 867.251831 842.249390
807.125244 340.780243 834.178436
1179.340088 412.427155 968.643188
841.000000 589.000000 802.079712
1319.000000 673.000000 922.643311
929.308548 929.529617 816.986847
1371.627563 908.571533 993.865601
1368.692017 328.600220 939.932373
893.000000 891.000000 918.067810
1047.555054 576.851318 861.057434
1037.668823 714.921875 846.928406
938.833618 863.990234 981.678406
1002.032837 672.848877 834.554504
1159.185547 859.267975 890.662292
1119.427429 288.187790 943.109161
1397.326874 597.265717 953.607971
1157.513367 403.159653 897.288055
1372.806396 912.695618 901.172607
812.114380 856.695312 741.328125
1122.281250 234.176392 892.720581
1065.000000 237.000000 923.329590
1232.564880 265.894775 914.925018
812.906189 224.071304 911.266602
921.754883 463.825165 856.192322
744.000000 723.000000 983.039490
728.448181 329.502319 927.834229
1021.518768 519.250305 941.275696
849.233398 913.196045 738.104980
1302.569336 705.862122 942.412720
1270.494751 872.787476 975.221680
807.331421 570.314270 796.701172
1414.872131 386.536499 983.402283
941.326660 372.373047 933.305542
1195.807129 623.132568 911.717041
1315.953247 820.388672 891.652161
1149.119629 908.004089 863.034424
877.549011 861.700073 928.042419
892.929932 348.799164 924.271973
1007.572815 759.336182 866.211426
1202.082642 781.461487 946.833618
842.000000 916.000000 723.839172
977.662415 382.592529 879.252747
1297.496826 270.318939 924.297119
1068.735962 704.100708 906.107605
1371.478882 914.584229 908.261566
977.000000 886.000000 797.504211
729.159027 284.897552 925.658112
1002.370117 738.314209 923.113647
742.018250 752.546997 732.630188
1403.423177 627.987712 971.733215
1052.853516 911.322327 993.285828
1197.096313 800.798096 945.845154
753.552795 687.280518 757.600708
947.096069 308.752655 959.907593
920.118484 825.691071 985.106277
933.000000 816.000000 860.874451
1130.336914 314.104034 937.036499
924.038269 797.943970 855.528931
735.683441 786.006531 974.303009
1165.339355 397.002319 898.096985
1336.932434 502.949799 971.461975
752.547221 623.477030 898.658000
1425.970154 381.504715 931.070496
938.743683 682.614075 824.072144
1032.000000 246.000000 919.669250
1226.936951 626.752716 969.391144
1189.056152 906.876709 866.801086
1165.406982 396.978577 897.252563
1251.987915 872.376831 889.951233
1415.717896 862.745768 951.083049
918.419006 689.885864 816.516357
1261.726746 541.209930 913.192017
837.689941 414.975693 869.454407
1104.745361 845.562195 838.804810
764.474243 789.098404 921.072784
1237.836487 850.438965 899.707947
846.000000 597.000000 815.119751
1353.462646 803.650696 962.855347
1396.263875 586.544332 953.358093
1421.335449 626.817566 972.977173
1025.000000 656.000000 891.987671
1181.530762 284.352570 899.266947
1132.954834 308.508041 941.166168
1371.280884 908.840393 994.170776
1351.398682 239.955154 925.314209
1401.462158 347.010406 939.202087
1339.153198 300.452209 962.917114
1254.000000 911.000000 885.582031
1048.376892 914.708710 992.729279
1060.760864 862.064148 977.541870
931.543213 241.391449 921.411011
887.268616 924.779541 752.324707
778.473755 887.216095 710.138550
873.000000 880.000000 749.004272
1056.828613 875.036072 986.244690
945.555206 319.784012 955.681396
1262.405090 778.863327 961.117050
730.416931 655.372192 924.391174
963.246613 591.175323 845.652252
1066.836670 701.212952 906.485474
1342.293884 297.803635 948.629395
1299.333496 907.016663 866.271790
1408.209229 378.836365 966.517029
972.000000 907.000000 787.209412
878.721649 745.578400 967.913452
915.908295 578.826996 932.911926
800.012878 588.802185 922.348877
1402.481421 262.340869 949.219116
1039.792847 838.167542 967.394409
1030.000000 366.000000 873.914551
944.288666 865.923309 941.590759
1289.248169 344.243286 950.298157
845.498596 707.460510 784.140564
822.841980 473.561737 844.609802
791.000000 777.000000 747.860352
823.559570 470.858948 845.765442
865.524780 809.311401 969.369507
1016.716064 755.155151 932.919067
945.000000 689.000000 822.440552
771.884867 872.720642 995.268799
843.511261 707.855896 783.362579
755.841309 667.332397 763.129395
918.055603 827.895447 987.676880
1363.295166 502.777893 928.025635
939.916809 858.486206 941.139526
966.025818 884.701721 799.002441
962.817139 280.608093 921.224854
740.000000 388.000000 928.362671
740.000000 691.000000 977.091370
805.769928 265.948654 843.730225
967.634338 791.406738 930.331482
747.202026 546.314453 783.744873
730.543121 234.707214 872.818787
1133.138306 265.001465 935.978841
1084.530823 685.718231 898.915985
1389.112988 393.546240 934.764563
797.228333 281.614990 912.470642
1044.463013 283.421875 931.773621
936.687256 910.862122 774.290222
926.354126 805.243103 977.719482
1133.877838 296.146172 939.386414
844.793762 570.375671 924.401794
988.915588 914.276978 947.983582
992.000000 490.000000 856.985352
1037.271606 222.086914 928.343994
730.861816 379.579020 794.031311
969.579559 385.474030 877.646515
1368.104858 877.615234 913.615173
799.852966 913.564148 712.897705
739.734863 712.222107 973.720520
911.594666 523.029358 917.884888
1422.246826 631.111755 971.328796
1344.291260 886.501099 913.576782
849.253723 341.591980 813.353333
822.012756 478.605652 843.509827
1231.939514 506.549591 913.557495
1240.948486 837.856628 892.910156
1284.344116 229.497711 928.170227
1028.742188 840.094238 968.255310
977.571045 882.903931 795.788391
1266.526978 875.682739 976.163635
992.423981 726.900024 915.707916
740.771667 776.993652 975.122742
749.591919 724.835205 949.708130
783.763306 735.535339 751.238037
965.245178 476.677979 953.751038
789.594727 794.023031 944.418193
1000.808838 837.105225 1003.533325
746.979126 545.472229 783.703613
1334.785156 304.505890 939.714966
1229.803101 857.913452 907.211487
729.497009 450.411743 927.132507
1400.403687 307.705322 951.061890
1035.500000 254.000000 926.303650
1331.919556 224.268936 924.431763
880.413239 743.281342 959.684448
944.675110 605.589539 924.157043
1144.000000 901.000000 856.756531
783.336182 597.446991 800.464447
1366.287354 518.142090 971.662170
825.594238 458.714325 847.941711
1001.549500 842.615692 907.762177
1044.000000 660.000000 886.268311
681.021576 551.031891 777.957703
1354.833740 800.509598 967.307083
768.009796 285.698349 917.172211
895.953979 344.376373 923.589111
942.224365 510.646790 934.106201
1354.567383 868.889099 920.147339
1002.097290 390.504730 868.940643
780.419373 598.629761 797.055725
1043.939514 903.366150 890.135681
833.583069 580.582825 924.737366
1300.478271 910.114258 878.128845
819.606079 340.564514 919.781677
1316.571655 819.985168 893.796143
1057.671753 910.507263 838.848511
936.000000 737.000000 895.419250
1050.000000 658.000000 889.013550
1353.000000 912.000000 928.362671
835.216705 530.954651 967.811829
800.434021 362.969910 920.864929
1044.619019 284.331390 937.918915
818.893738 673.101562 784.088257
935.622620 522.299255 952.583557
739.856628 697.834534 970.851318
1292.500000 227.000000 926.074890
831.255920 590.360596 923.773895
911.681335 733.080200 905.167847
1006.764313 644.268341 900.635803
826.472839 652.545776 947.249756
949.200867 869.534607 992.397034
737.950500 708.857361 975.997375
893.035889 842.021362 857.642273
1022.433441 248.742943 918.729462
848.754944 743.721375 962.439331
985.000000 923.000000 783.777832
934.902405 850.191467 980.646851
1052.569336 667.445740 864.482300
1117.590088 313.319977 896.083435
924.411194 808.172302 980.839722
850.687317 561.324585 939.067505
1399.434448 526.999329 980.285400
743.054230 758.694031 732.086029
1383.000000 421.000000 974.346069
866.837891 767.339966 968.347046
888.580994 654.081299 948.065002
1420.091431 915.198975 910.331604
800.809570 867.184570 904.860168
934.699280 677.221130 819.307190
916.451599 673.641785 990.427612
1365.801025 900.497986 994.797546
734.827271 786.507141 972.654114
731.587280 659.397888 918.592957
729.089966 219.836975 913.938538
979.280172 857.309347 922.732646
1342.878540 762.136780 934.113220
979.131226 697.284546 841.178162
937.799957 404.124222 934.079590
854.082316 489.551229 932.072510
1217.893921 885.764954 980.858276
903.457153 715.601379 910.324768
1334.382446 217.603699 922.832703
735.214661 831.356995 994.658661
918.278198 690.247437 816.963074
1395.131348 892.500519 929.662872
1333.778687 851.392822 954.243103
745.047791 736.657959 922.942749
1133.092407 307.100189 939.778137
1076.503337 289.101339 905.293009
976.849426 715.852417 886.417572
822.901245 474.436035 844.900757
950.114176 922.411479 966.370768
1248.832031 862.889465 890.120911
892.000000 698.500000 800.935822
1421.431396 381.315338 981.196564
869.407501 809.213470 908.773468
883.000000 745.000000 967.940430
774.340149 854.640015 771.692322
1008.095398 745.014343 927.100464
1106.779907 739.856222 929.842896
909.412537 287.269501 939.569580
974.677673 876.397705 802.596130
963.313171 346.526871 925.717529
760.269867 296.765274 919.738678
971.549072 519.220459 948.385559
763.239319 783.035645 922.343872
950.573639 608.711243 922.605469
1378.000000 912.000000 991.046509
907.720367 663.953796 929.077881
760.717834 599.617615 777.887024
754.955566 675.042053 761.028809
938.002991 861.400757 983.041809
1104.831909 656.121887 880.827759
1156.447510 335.883575 949.714478
725.718262 672.924500 886.166504
859.734599 359.279643 835.025513
1055.795288 921.409088 993.038818
730.826508 927.490082 908.361511
922.866516 797.802795 856.470215
1130.510193 843.424408 937.088623
762.279694 622.404602 774.864563
728.802368 239.511841 907.894775
775.800842 694.095947 759.473083
994.123800 925.019124 937.164856
1003.043457 390.103088 869.600830
1326.000000 658.000000 943.690430
1246.712158 499.955322 911.374512
856.000000 914.000000 916.695190
1226.215576 629.179413 975.039490
826.977661 899.081592 984.826489
738.726135 249.917648 874.760010
842.187439 565.860535 924.446899
955.798116 789.669861 840.550090
888.848328 866.346924 940.902893
720.679260 259.449280 808.266785
1348.031616 389.213867 944.244202
974.000000 519.000000 943.461670
985.182251 803.552856 944.065918
901.303223 914.020874 958.818848
944.000000 877.000000 973.659790
1113.265137 850.454631 962.576986
895.428528 761.216522 935.990631
903.024414 904.630615 915.328003
1402.431536 621.549264 971.444101
1063.000000 910.000000 837.310791
1081.196533 318.337646 939.296936
1390.000000 914.000000 901.596130
763.741974 615.338226 776.949036
808.940796 335.010239 830.194794
895.000000 364.000000 923.558350
795.759277 552.156555 900.546082
1014.412109 527.702881 968.523865
836.043762 425.447968 862.895447
847.325562 744.455811 962.601501
769.877441 735.823486 743.443848
1005.377594 741.795776 925.289673
1130.032593 712.454285 924.995850
744.296814 787.811035 725.743713
1193.917847 644.126282 903.981445
796.110168 853.595947 974.553192
834.500595 418.545479 861.251282
770.319489 285.418854 916.713379
927.620422 596.327026 928.893799
1414.303996 724.119283 973.309896
694.080811 663.014242 826.779500
796.127991 552.335266 900.099243
1411.000000 915.000000 906.171631
844.525391 550.636536 926.447815
909.891235 716.075745 909.212708
835.926208 894.138733 908.981445
927.560242 619.237183 905.072754
734.802826 240.758812 875.533356
944.249329 357.426682 934.353333
944.355377 340.798416 924.579285
792.057129 556.023702 900.103800
960.060303 853.838196 985.442017
793.456787 917.052795 980.700073
1154.191895 853.692627 885.197998
1348.185425 802.160095 915.114624
864.480804 861.142639 859.052673
1110.082153 740.931885 936.667480
1424.449341 324.076569 942.795471
1039.576538 718.700806 847.076782
765.089478 836.569763 724.013611
1234.713745 777.889252 963.840424
948.649170 607.238647 925.231323
1127.000000 654.000000 880.777710
831.298279 901.815247 992.646027
921.000000 842.000000 939.343750
1274.003906 637.366333 967.999359
728.782979 572.151550 924.488220
1202.053223 462.732361 904.579529
773.697449 784.857361 739.434570
1330.739868 655.801147 943.754700
1155.166992 404.942963 898.840759
1286.987732 499.491714 934.878235
1280.186035 661.101654 913.092865
743.611969 748.820435 735.039368
990.106262 838.191711 899.873718
796.338074 523.141052 801.519775
1451.593140 795.998901 987.362488
1029.000000 914.000000 821.525391
952.539551 443.083282 850.987854
831.985046 357.071777 931.535889
740.485657 758.805969 729.668274
743.369034 243.467323 823.342026
1370.155866 477.392862 964.378488
953.000000 876.000000 799.105591
994.320435 720.857117 932.849121
739.341492 253.504379 819.025940
1450.133667 790.724854 987.157471
1178.000000 289.000000 907.773010
1022.241638 685.391479 842.254578
1252.458008 876.474487 889.933838
734.052490 313.449860 921.115723
756.068298 631.304504 795.151001
747.778473 770.351349 915.430756
805.760986 256.115723 841.925537
1005.838287 844.718781 905.040771
1090.271851 451.699158 950.389832
838.283508 896.251221 985.151733
930.000000 912.000000 771.652832
1449.460327 790.000977 988.227417
1054.000000 923.000000 810.315552
1297.585693 727.946045 947.963257
967.711304 478.202744 953.496063
940.465393 841.680766 793.566101
1018.118408 756.900208 933.879028
808.000000 533.000000 974.346069
725.854736 673.086304 885.152313
866.213623 638.582214 944.871033
1160.745667 826.592133 865.369812
729.298370 248.825294 913.202393
1135.945557 684.821899 916.000610
974.702820 518.128204 948.430115
1105.000000 655.000000 878.261230
1305.100830 705.007568 941.335266
1399.576782 848.396240 982.533142
1193.899231 643.033905 904.340454
951.593872 911.772522 777.794067
1111.000000 349.000000 897.707031
1120.195923 223.589958 923.261658
957.562903 258.985168 919.935364
1328.844482 742.226349 960.844513
830.523621 600.162476 922.067444
1006.187256 837.856323 996.411133
838.000000 921.000000 719.034912
1255.826782 632.499268 969.072571
1286.733154 907.285400 881.419128
934.783813 849.972992 940.476654
1362.000000 578.000000 934.768311
980.932617 734.914062 889.944580
1240.015503 429.887482 914.997864
1219.286865 344.285919 915.866333
1327.255859 910.309753 897.385010
920.000000 693.000000 811.230591
1210.917786 769.915558 968.221375
833.921326 890.257019 733.679077
922.000000 917.000000 785.379211
1019.622070 758.688843 934.905090
1157.113159 323.955261 948.097351
904.398031 658.085002 936.169373
727.828003 399.023865 928.083252
1118.745972 850.291748 891.645294
1032.000000 897.000000 807.799011
1074.384644 440.158905 942.840027
887.000000 902.000000 929.277710
1084.465820 460.181488 876.271912
795.017334 271.918274 913.512329
1336.368652 682.535156 930.920654
952.440369 443.507935 849.763428
1145.975586 750.793335 994.900391
1407.472839 315.892418 969.564331
945.735718 688.714478 827.536926
1127.000000 817.000000 858.586731
1280.000000 907.000000 888.556030
1370.800964 428.766510 948.887512
1261.238647 874.953186 975.974487
811.000000 656.000000 776.457031
891.883891 862.206217 896.725423
1121.093109 748.694061 928.800705
790.000000 665.000000 768.678772
1017.924316 690.929077 933.915894
697.967224 568.821716 781.332031
966.200439 598.173767 923.670959
1116.951172 736.985474 981.771729
1174.753784 397.658752 965.660675
1030.604858 837.182068 970.742493
1221.302002 412.042053 909.188354
1396.822144 590.931274 953.619548
784.539062 592.492432 912.607178
798.112122 562.108551 905.168060
1239.495361 850.191498 966.583069
1095.194336 451.814301 884.184784
1367.170532 487.720551 929.966888
794.622498 438.537262 812.933624
1322.103271 675.996429 918.791901
1369.445190 326.079539 940.226257
891.787048 543.671387 940.468323
1017.000000 913.000000 798.648071
842.421265 603.599854 804.368469
1084.923706 315.645676 936.270508
1383.546387 408.836731 946.934326
1162.000000 217.000000 931.336670
745.933777 738.090942 988.861938
1197.179993 784.822632 944.201294
1410.419451 477.035810 959.916861
1376.888184 917.102905 993.438110
841.397278 377.272766 923.282349
727.456421 448.755646 929.191345
980.211792 382.077545 879.251526
1033.567790 705.096944 845.449097
802.325195 558.078461 905.348297
1269.924683 876.533936 978.615051
879.037740 578.189535 813.407288
967.972198 598.706573 923.671173
810.494873 597.319885 944.591370
1208.000000 850.000000 964.737610
1250.719116 861.902649 892.419678
791.259094 840.453186 947.571106
1019.842133 700.074127 937.851349
832.703491 356.665436 920.729187
1221.470337 253.446152 928.669678
1417.801025 243.668228 948.998047
943.254150 367.227631 934.117493
933.383469 259.056694 918.672180
940.647461 856.480225 941.094971
1212.000000 412.000000 926.761230
963.586182 869.643250 806.228455
990.506470 595.043335 846.259949
844.129028 559.995361 923.976196
1342.303711 766.081360 934.550659
867.851501 814.483337 967.687195
1112.577942 354.590759 895.694336
1399.502747 532.463745 974.934479
906.000000 853.000000 774.855652
1276.493927 675.258148 964.325012
1338.285156 757.113770 932.697632
920.689697 479.989166 856.094788
1008.210693 685.514465 838.557129
748.408112 722.296265 745.977356
1259.228516 878.783813 979.090027
908.920105 634.190002 942.430603
827.233093 348.991180 935.017761
1030.389648 688.993530 851.920776
1042.547119 673.777893 893.982727
1398.730713 320.394257 943.993286
923.902425 475.688660 865.039673
1127.432739 721.911133 929.684021
884.602173 547.009460 933.919678
941.988403 912.055847 775.027466
805.750946 771.629410 950.720993
771.000000 597.000000 906.514771
951.000000 820.000000 856.070190
1263.443909 795.754272 963.816711
1171.546061 693.449178 926.192444
738.657166 705.055176 971.795776
1424.729178 230.419957 941.709743
759.476868 910.495178 884.856201
924.209534 619.904602 907.950806
1291.000000 343.000000 950.782471
1037.253662 373.996399 875.499023
1316.066325 656.751221 943.086589
1410.646729 392.060760 966.900879
748.243958 632.503174 897.994507
832.424194 317.576080 850.095093
1077.798767 452.873123 947.807831
854.834167 676.635651 907.742065
735.060059 718.789795 985.325989
888.028259 553.165039 823.992371
1223.380371 582.633545 997.915833
739.169678 763.006653 727.411011
1065.910767 925.660706 995.235107
1134.605530 293.370346 939.146698
1044.244751 776.527466 802.084900
1366.369324 895.844330 992.893585
991.592529 597.762512 845.962524
1205.649170 491.561646 890.191772
813.681244 218.583641 912.398621
1394.256592 291.533559 949.875753
742.563232 771.477783 728.397034
808.000000 919.000000 714.916992
1013.000000 900.000000 800.478271
892.401074 229.381430 920.204321
1165.708008 819.688904 878.543640
790.733032 382.751495 918.698425
1393.529297 295.577321 950.239278
783.577606 517.957367 986.531311
764.874023 786.487366 922.050720
807.000000 846.000000 730.244812
1368.934326 489.182556 931.790466
1161.065796 819.315470 887.265116
1387.386271 547.755188 941.030904
747.367452 764.906616 918.029907
861.401611 769.855774 776.108154
722.162048 831.259399 902.404419
801.000000 407.000000 920.126770
1328.291748 807.453430 966.793762
1233.655273 391.632446 938.745697
1036.000000 928.000000 802.765991
806.927917 864.297363 897.300049
1038.287598 712.373718 845.240479
783.704590 846.917969 975.594849
1072.866919 219.225140 928.322559
1067.184998 286.779678 906.724640
1425.827148 627.450928 973.584045
893.249329 369.352249 926.702209
1063.890686 488.784744 943.727081
983.177917 381.177094 880.318726
1073.016724 865.793671 889.117340
870.146851 810.763855 907.865967
1052.985657 286.637115 892.855225
901.000000 903.000000 964.737610
781.000000 290.000000 918.296631
1369.000000 535.000000 969.541870
746.491974 629.488464 900.774536
1034.769653 849.228088 929.886027
1321.319336 646.367249 933.057739
748.506134 532.844696 768.053345
1111.067505 745.688232 937.592712
820.968658 484.402222 842.218719
1031.000000 906.000000 803.452332
737.314331 573.465576 921.892639
1034.000000 661.000000 879.862671
1122.302551 806.109741 856.694458
955.970520 627.586975 846.689514
1265.048706 902.163839 896.771098
1070.000000 779.000000 944.834351
1253.853516 900.612854 863.789307
1057.606323 871.446838 841.380005
1435.221436 903.075012 998.420593
1059.495361 857.185486 977.644653
1362.237217 507.234214 927.464251
801.837433 358.099457 920.814301
887.769714 866.820251 888.621826
1409.075928 392.942490 981.124023
758.701172 478.774185 930.289886
1003.051086 676.688171 835.568604
903.500000 891.000000 930.307220
1100.838623 733.497559 924.961914
804.869690 592.660339 820.551941
965.218323 433.745056 853.476379
768.357910 590.111633 783.962524
896.764038 861.925476 783.057434
986.817780 732.773285 889.379730
962.598022 904.276367 791.302490
1131.000000 655.000000 882.607910
862.272888 770.919830 778.392914
1071.125977 655.387024 877.500793
1408.727661 602.805511 955.067383
831.091370 417.934509 851.338806
1195.247314 628.123596 909.930908
1369.439819 879.621124 913.534729
805.857035 371.945791 816.135763
941.948425 258.686188 918.967041
1053.000000 666.000000 864.306030
1280.000000 850.000000 969.313110
741.026672 698.394958 984.384460
1426.783691 618.713989 972.125977
770.006195 868.626465 777.094116
918.196045 768.903870 929.467712
742.325500 580.191162 934.258606
1273.480225 632.923309 968.521591
1186.958740 437.743317 974.026855
1405.847290 708.770996 972.461731
806.964966 863.998108 896.809265
1388.571289 557.672913 972.462952
1305.896759 683.504654 913.130966
1241.675049 878.806305 977.534454
749.100769 632.741089 950.047485
904.751221 916.903229 780.970184
1396.990234 456.261017 954.081116
1420.223022 636.159607 969.121704
1149.074951 752.310262 994.758911
782.000000 614.000000 779.888672
755.401632 924.822367 687.773132
1173.423523 393.467911 964.834198
758.433533 601.235962 940.718201
1122.408203 846.354309 953.465271
804.596558 566.183777 937.793091
1411.440674 870.446655 945.413635
1155.000000 826.000000 882.836670
1373.449585 454.133514 914.124756
1382.669189 331.693787 954.188293
1097.488770 845.946655 894.502686
1280.000000 906.000000 874.143311
727.631531 237.203903 903.443787
903.617035 940.127960 966.883331
1425.553711 381.470108 927.742676
1141.980591 271.658997 903.678772
1258.366040 778.661584 961.506836
760.000000 339.000000 919.898010
743.329122 908.346965 687.040243
1123.145203 333.586304 936.285370
1346.504517 771.110474 936.628174
1130.425232 712.429321 928.399475
740.576660 657.011536 981.378540
1298.703613 722.211884 945.745239
766.092834 717.247986 754.263855
743.865479 761.614319 928.905029
761.122742 337.154449 929.359375
1074.400146 436.468689 941.799255
1271.241272 526.018494 935.621216
825.808197 711.482788 776.490967
967.122131 886.473083 796.019714
1280.813599 302.811310 919.396484
733.804871 790.683533 714.584961
827.587280 658.057922 949.466980
1390.328674 482.821808 955.175446
812.436218 705.710083 952.818604
744.368622 745.619080 736.530212
806.681030 333.396790 836.438110
1055.682373 657.111603 888.371887
912.349548 580.114258 932.719849
1178.406738 505.712799 973.636902
1198.953979 748.349650 943.927511
1038.833618 913.166809 832.681519
987.820251 719.687439 887.810547
1176.338867 402.844772 966.725006
784.120758 596.049805 803.796844
773.000000 524.000000 999.053589
1076.445923 862.032379 890.561920
1416.256958 620.924744 964.060059
875.970113 578.508972 812.543681
1114.975952 236.436890 892.063477
1241.925130 442.816569 914.165955
1042.969543 775.776062 801.647308
744.526123 734.157104 923.030884
1048.865295 562.477081 944.570038
1158.141602 757.049072 972.687836
991.517029 725.868835 915.013672
973.729462 850.222260 1003.416046
1384.198039 344.955821 959.564799
1347.170654 788.689453 932.104248
1043.862976 364.680695 888.390106
1389.264282 544.005798 951.237915
1373.791138 272.120361 944.675049
871.215942 276.682709 925.524536
782.231567 720.511597 746.093567
953.000000 873.000000 802.079712
752.163452 581.887634 755.811279
1134.855835 642.290955 951.702393
802.668335 367.870239 920.406494
753.086243 680.121704 958.666443
1182.575378 510.451813 977.005371
1311.372070 670.252197 935.713135
766.441345 679.844482 839.751160
1164.543457 759.584656 992.845398
748.103729 824.311157 714.712402
1008.866028 899.229553 806.210327
808.944153 827.552063 805.841187
1350.860596 640.587708 935.338745
851.594788 298.634003 918.664307
901.061157 762.680847 934.064514
809.000000 910.000000 994.249390
913.021790 844.827698 940.429932
956.343079 556.111206 932.188141
770.815186 760.862488 745.749634
953.713460 341.402028 920.232056
860.006409 736.781250 944.114563
894.000000 896.000000 929.964050
1043.679932 907.790222 887.100616
813.813477 529.258301 832.322327
743.982849 678.418457 853.719849
1164.876587 760.431396 982.886902
937.381012 775.843170 917.137909
1254.119995 877.533508 894.605286
744.252014 678.208740 854.215637
1373.912130 314.437520 940.758575
903.568064 229.869942 921.031128
1188.000000 880.000000 868.881531
963.122406 344.393814 920.331299
1284.494873 503.064789 935.438232
1101.231079 654.037170 877.954590
794.191162 591.824951 814.286133
736.696411 792.714661 971.728577
818.218872 500.597992 838.624878
1113.144491 236.997294 891.910706
1046.977570 363.904350 888.890823
938.207489 736.513428 895.311981
1226.076904 887.439941 917.735779
727.585083 850.788269 689.584656
1042.805359 284.394531 888.439026
784.698669 390.263611 918.519714
1168.884399 909.070251 864.217865
794.066956 433.514771 814.636902
767.759338 603.627075 771.816650
1286.000000 850.000000 969.084290
878.000000 863.000000 934.997070
1269.825623 235.126518 925.925171
980.000000 726.000000 865.907471
1107.979950 944.695496 990.121277
978.076965 703.334290 839.435303
745.658112 735.418945 945.605957
933.976074 847.402100 939.758240
1359.977966 535.935303 921.732697
920.903809 930.572205 814.566711
945.235718 848.719788 990.682922
1341.028748 746.151337 933.508148
1031.000000 679.000000 843.487671
971.006531 864.248962 810.208435
1187.141602 438.450073 974.233154
926.000000 803.000000 974.117310
1365.522949 277.424576 946.546661
1307.319946 910.293152 898.855042
1122.827759 334.864655 938.578003
732.053467 787.095825 713.892578
946.000000 910.000000 777.829712
1099.388672 449.628601 884.388977
1259.532837 553.527954 911.485148
1194.648621 633.902985 907.827881
1008.022298 382.839447 871.420390
761.731720 777.526703 923.671967
1179.501099 910.109375 865.252228
949.627136 458.786499 943.832947
761.595886 901.532410 697.561768
1304.675049 698.356293 942.488953
1064.949626 927.092102 992.446533
951.865814 665.149078 888.691193
1027.795654 527.656921 938.883789
1328.844604 215.252502 927.732056
1131.183777 622.197662 900.785538
946.849548 347.367844 946.352356
1177.656677 407.037186 967.562836
859.583130 691.615784 908.940979
904.582001 519.926331 829.431458
906.901794 959.097595 972.138184
1287.000000 228.000000 928.362671
987.351135 837.085144 897.457153
995.149414 622.164185 895.105591
1148.000000 271.000000 902.282471
910.979126 288.846771 939.385071
1275.068237 516.805115 932.435181
827.082825 581.103943 943.492554
806.608795 829.130585 906.167603
1111.446838 934.539062 986.740112
1272.000000 851.000000 969.541870
985.197266 624.618652 890.282959
1063.291870 487.202881 951.402344
1040.000000 912.000000 827.702271
927.708206 290.535950 920.035919
737.422852 928.916626 666.154663
935.875305 667.765289 900.773712
1341.180420 298.666433 963.504842
935.592102 672.302673 897.816284
856.765900 259.873810 857.615204
813.353577 851.762390 916.594238
735.927979 244.489014 818.823181
1171.833740 388.282745 963.772980
1116.157654 317.564316 894.316681
732.812317 669.235229 962.466980
1016.743378 370.962807 884.951965
915.434224 904.059285 923.152059
962.688049 890.205139 796.162109
1161.129720 674.154683 921.353739
763.683655 290.295898 917.238098
1408.485352 314.613098 970.036682
983.333049 802.258179 942.676717
1165.368042 759.863831 992.023010
1220.846985 769.275482 967.922882
793.299561 841.192291 955.878479
764.000000 332.000000 920.584351
1132.547363 274.187241 902.661011
728.840698 217.013702 909.068298
1213.674316 409.630859 931.252441
727.268616 333.166382 923.576660
1298.552734 887.869720 843.236237
1311.499023 673.955200 937.750854
953.000000 868.000000 806.883911
1352.266663 914.146408 929.925980
857.694397 686.513184 908.418243
936.796021 860.835510 941.226257
906.462524 959.234009 971.895752
736.280396 673.329895 893.506083
1370.720215 430.808807 919.357300
1093.857788 451.244263 951.884155
993.930511 742.270752 914.441406
1257.332642 642.086548 968.374939
1376.165231 309.270460 941.028190
978.113647 711.326111 840.589600
1183.682739 849.615234 929.567139
1256.703979 886.945984 888.313538
1249.080322 867.086365 889.259155
878.016357 396.814178 858.853821
732.189453 893.217529 877.222595
927.000000 913.000000 770.051392
962.982056 387.913208 876.578247
923.505798 555.612549 933.441956
1194.149683 639.483508 905.722485
1023.272217 840.257812 969.910645
771.969543 834.525940 987.028076
913.645386 882.760925 913.956482
807.766724 558.591522 826.940063
921.195109 466.063599 864.918498
993.444550 839.529816 902.792847
884.823934 263.297791 863.315674
777.511475 890.378479 714.891968
1011.000000 914.000000 794.301392
1112.889201 297.191040 935.846049
775.820862 651.896118 798.865082
1426.016968 362.170074 945.301270
1413.280090 723.453735 966.272858
1278.348633 869.287476 974.128662
784.526428 390.093414 918.102173
992.000000 516.000000 942.089050
765.928894 716.584229 747.297424
1048.478516 285.594208 896.451599
1116.066772 736.608582 981.602295
818.777649 896.977448 980.974457
1389.623199 475.789497 950.841553
922.635132 673.681641 990.082397
904.004700 763.795288 933.214539
1270.900879 525.668640 929.199432
1293.505188 848.337402 972.491699
746.424011 638.414124 897.699036
922.227295 770.348480 928.548615
1013.000000 688.000000 832.049011
1064.946411 487.956055 955.813965
812.822693 579.718994 931.203186
1350.713989 780.619568 936.828857
733.546722 840.972992 996.837769
1047.332031 847.179260 907.901276
857.606812 881.145447 924.122375
889.583069 663.522095 947.302734
988.864624 516.752014 942.855347
958.240417 505.275146 864.689148
769.539490 384.472076 845.229919
971.934448 861.322021 813.227966
731.759338 894.253418 877.340149
822.000000 901.000000 994.706909
1138.000000 680.000000 910.289551
1023.516296 518.654602 939.687134
727.538391 227.563187 891.509338
874.868429 550.555420 935.982666
1322.498291 632.381714 931.975220
1155.664673 864.535217 868.050354
747.059387 237.184570 824.814148
767.334900 829.458008 726.779480
777.000000 289.000000 917.152710
797.206573 890.068573 712.516815
1153.085938 321.586517 944.045349
727.373352 332.829651 928.125000
1183.226318 510.683746 977.466431
1054.866699 703.063568 890.280823
1371.124320 321.135577 940.402597
741.251282 236.969376 822.747192
733.000000 893.000000 887.183411
921.610931 561.621033 933.385315
817.416565 679.433777 780.788818
1113.846863 881.134766 834.134735
1089.130615 908.446960 997.093567
1247.342651 880.598816 978.901550
798.679016 376.104340 919.689941
1109.811523 938.039978 987.544189
1106.740234 349.800507 897.102051
1152.187622 869.512085 961.583252
1349.000000 891.000000 913.377960
880.000000 635.000000 940.945190
1233.076538 391.808167 940.290955
734.891785 886.159485 882.689128
1408.865723 248.127716 948.476135
727.673950 914.265747 905.475525
1287.905334 909.245850 895.327972
1262.013306 567.759155 912.994141
1018.541972 693.674784 935.162292
839.000000 761.000000 974.803650
830.581421 417.908234 923.487305
976.000000 906.000000 789.039612
1382.119446 724.677795 971.052368
1037.617188 930.966248 804.056885
988.264740 379.203430 881.037750
1199.748535 749.030029 939.336792
937.973572 813.002380 861.832947
722.793579 847.212280 682.080505
1173.000000 278.000000 907.086670
830.451538 875.380798 878.402161
1081.860718 783.428955 851.919495
1107.000000 907.000000 833.421631
781.013672 705.415283 748.625854
895.193970 245.684265 923.842041
1023.027649 908.152710 819.527222
954.459656 860.975891 988.449768
1261.400635 574.054749 912.876923
963.801880 789.442383 917.517303
763.670380 867.197021 996.854553
1005.670146 920.980774 954.459452
1180.808350 714.586914 934.680481
901.230469 804.841125 979.910095
1260.355225 566.067993 913.296021
744.724731 793.699707 724.591187
1170.617798 384.456970 963.020081
1250.977234 878.779388 978.843384
1136.631226 684.798340 919.380127
1361.166138 866.668864 914.065206
1167.257690 908.917480 1009.477051
1385.940063 719.201782 971.257324
841.012817 762.423645 974.887817
1268.189087 234.703156 929.139404
739.860596 219.662598 897.220276
1011.000000 372.000000 883.980591
1201.000000 850.000000 965.652710
1297.388550 337.786499 952.681183
1174.156616 428.978790 969.905396
1018.499222 532.317596 936.649185
772.000000 382.000000 843.945190
928.000000 819.000000 860.188110
792.000000 918.000000 994.706909
803.842265 381.566111 816.090027
1081.096436 912.489807 1004.935242
723.245422 847.029175 681.611359
754.339050 861.470734 994.968445
984.320984 911.470276 788.124634
729.157104 385.184570 788.402527
931.652710 841.418884 789.979553
861.153503 669.729045 785.767253
725.014587 228.229080 881.855957
729.000000 919.000000 911.662170
1034.487305 703.227905 843.858032
1069.580933 849.029480 904.191956
1397.836548 357.193207 938.110168
1357.973267 861.468974 913.875468
913.207825 767.132812 930.707031
863.000000 751.000000 948.265930
1088.124634 315.206543 933.132812
742.000000 928.000000 673.509033
944.280212 362.486725 936.727112
916.000000 914.000000 766.619812
1110.654297 933.668884 981.173279
905.384888 885.335022 913.766235
752.375000 581.050018 753.697144
1056.448527 926.497416 812.094096
1078.927368 464.788528 875.814667
895.579163 867.354980 941.540771
801.145813 528.141815 805.249451
785.096924 595.889648 911.695679
897.885852 229.735742 920.618347
725.854004 836.527100 815.512756
794.648010 271.261566 906.220886
947.765747 709.837219 827.632202
747.375448 656.583964 948.175985
811.915283 868.975037 897.530090
738.875183 759.629150 977.071228
1042.493123 723.366964 847.098592
1278.403442 604.944366 970.997833
1125.291040 233.236636 892.965833
847.000000 913.000000 728.872192
856.000000 669.000000 787.209412
972.000000 728.000000 888.556030
833.629150 361.231430 921.322876
796.230652 873.837585 909.513672
1203.507812 462.030609 904.951904
786.083191 634.844299 779.734375
1237.028809 532.987366 914.093628
1310.987264 665.351379 943.467407
801.844620 380.016396 824.301208
1416.867310 860.625854 952.696106
905.803101 756.871887 960.451721
741.500000 388.000000 924.130310
812.445953 218.645042 908.842926
1250.293294 261.995066 915.492757
746.000000 678.000000 852.181030
811.361267 837.882507 734.128906
1017.453430 533.145248 972.313736
1299.105591 850.114075 973.594910
909.789368 961.577820 973.176086
1132.224243 442.426605 958.910645
1309.633179 680.354004 937.566833
1368.115112 482.313095 928.918518
892.000000 843.000000 878.718750
1042.283691 292.755402 934.591370
928.572021 772.088562 920.114441
949.000000 877.000000 972.287109
1261.415405 557.793640 912.426575
815.000000 904.000000 994.935669
1059.033936 921.341797 811.982300
988.086670 925.451050 785.709595
787.145996 502.578674 914.934387
920.020081 565.081604 932.514954
996.443481 840.725403 905.401123
967.030640 430.518158 853.999023
826.337646 262.433441 863.440735
1376.941406 742.930908 970.652649
899.303619 806.203720 979.726593
1000.212708 705.375763 830.433472
751.739441 684.870544 955.938782
1036.000000 668.000000 874.372070
880.999634 398.781631 854.236328
846.804993 569.135010 940.969788
1337.781738 543.794250 925.359192
1284.082764 709.888672 960.204834
788.460510 793.288452 934.229980
1410.051392 616.796936 956.930542
1332.000000 909.000000 891.530090
1072.058105 708.079163 906.935425
1455.145996 800.404114 990.848287
962.096924 663.485596 880.994019
987.304932 882.016541 800.285706
1203.513733 932.838562 912.731842
1326.030518 642.955566 945.077271
806.695038 828.087372 912.169861
765.756653 384.805359 920.033325
734.209381 242.521378 869.529144
1110.878906 237.686584 891.734680
981.766602 856.696960 920.720337
811.000000 906.000000 718.577393
992.000000 923.000000 786.751831
928.844788 674.271576 817.594971
978.394043 419.750458 858.964661
1345.015015 870.519104 925.141541
1384.524841 921.440613 990.135986
838.143402 578.441193 942.942993
929.721509 261.131171 918.597180
1341.219360 238.698563 927.707520
731.290771 847.545492 990.069295
1426.434570 389.326538 931.739563
832.916016 408.868866 924.901001
1139.000000 902.000000 855.841431
1371.306641 500.811966 968.157928
984.901733 910.540710 788.663452
872.467499 772.532715 970.502533
972.199127 483.806519 954.814911
1280.745667 506.715057 931.790283
1137.584351 676.868286 909.376648
768.935730 588.999146 784.421509
927.584717 478.761765 934.176392
996.109863 398.136780 866.504395
1093.837402 454.181519 952.704529
1144.000000 669.000000 909.603210
1000.882965 778.205170 854.443939
1000.433502 814.023544 956.035583
805.413147 354.399353 919.540588
999.075592 398.025757 865.715210
860.000000 555.000000 937.742310
1343.810913 296.350632 964.258423
732.129089 866.660522 905.551758
973.925781 423.743591 856.564148
978.284424 691.336975 842.302917
1018.166748 915.166534 828.331879
1248.802490 777.818787 910.734467
982.134705 666.344971 841.808899
987.964884 885.038086 799.944946
1251.190918 778.252848 962.207255
748.381287 927.078186 887.165527
950.960449 875.870605 808.643433
1197.209473 935.325195 911.640320
867.853760 821.660278 1043.496338
1231.091064 391.900970 933.869080
867.858093 822.635437 1041.338867
839.109619 364.297150 919.930542
1042.098291 221.771152 928.747302
844.482544 716.771057 952.042725
733.933838 838.573730 988.164124
826.599854 663.895630 949.721680
1283.871826 675.078857 911.949585
965.000000 853.000000 999.511169
857.644379 560.118225 934.860413
762.133667 902.445679 700.313843
743.000000 716.000000 990.131470
1024.000000 910.000000 800.020752
1243.619995 263.398743 914.877380
770.979980 869.025085 778.188416
872.231506 772.254639 969.970520
1157.188599 886.040405 863.758850
931.539062 251.267670 919.842896
1073.294250 919.989868 818.964874
972.041992 426.906067 856.058044
1295.823181 273.730804 923.984619
1309.951782 911.070801 899.471558
927.000000 523.000000 951.468750
946.267487 780.192596 915.237640
1209.953247 412.566650 931.556458
1365.000000 912.000000 894.961670
866.027100 809.356689 959.382263
1419.000000 608.000000 963.364990
1166.000000 294.000000 904.798950
1126.841919 807.016266 858.972015
778.645630 871.813599 979.363586
1271.991048 626.165955 912.373474
952.611450 700.668762 829.371033
1045.326050 817.904785 1001.857300
1184.000000 455.000000 901.138550
908.788330 765.547089 931.882660
957.090027 845.848816 986.766724
1273.787048 513.516327 929.972382
1067.945496 484.889008 995.584473
1041.923462 820.435242 1000.798645
1068.929810 484.317535 1005.518005
755.881470 826.002563 714.850769
1133.629150 815.433350 970.637817
1067.438354 483.699677 1001.103210
728.707855 496.670731 776.026550
1113.685913 653.943604 889.277771
885.500000 700.500000 799.563171
812.000000 576.000000 921.956970
1185.842529 644.743469 899.798401
1067.014526 485.505157 985.647522
952.691223 533.252930 939.971558
783.596497 823.836700 991.492401
1220.608521 739.319641 892.046753
868.317505 814.453186 957.698151
1222.838013 562.772278 991.408752
1065.634644 484.980377 981.227112
1272.784729 845.565125 971.476196
808.125366 557.353821 826.982849
1066.449219 484.267395 991.168274
1113.224854 849.923584 892.199768
1114.501221 862.113708 947.145905
1064.012939 486.412415 961.344849
1438.107544 905.789795 1002.182983
1318.000000 908.000000 887.183411
1033.083740 566.263489 856.976440
760.000000 842.000000 990.131470
1066.463379 486.437012 975.698608
826.387207 669.646362 947.973877
765.273804 704.268311 757.215149
1449.970886 919.530853 1010.566803
764.029297 365.694214 919.180420
798.709473 421.226349 817.140747
1444.028137 912.675934 1006.360443
760.986084 584.161011 780.761536
1397.008911 591.923050 972.671417
1315.702515 820.985626 966.844330
1122.000000 662.000000 906.629150
1324.024292 626.952271 931.255005
1310.000000 831.000000 968.397949
1167.313965 788.372457 950.939982
865.741760 554.947510 936.084778
1009.140015 834.531555 998.177368
897.000000 842.000000 878.032471
1191.206787 451.485321 903.145416
846.000000 280.000000 915.093750
1372.485779 711.001831 966.234009
1409.340658 715.504903 972.238159
1441.529053 909.885742 1002.138885
759.999288 829.585693 908.200989
902.000000 888.000000 768.450012
917.504303 573.515045 933.305389
1007.716614 951.957520 889.126648
1064.173828 485.686371 971.298859
1291.804932 339.938049 954.583069
1447.682617 916.569031 1006.313354
826.520447 649.463501 790.388123
1011.781047 525.033590 972.538371
907.629272 758.090179 960.862244
1344.358582 870.150665 924.452026
1169.789062 381.731628 962.455078
1123.943848 731.257507 928.736389
1023.455933 709.108826 874.015564
1018.015747 719.909180 863.872009
1197.219116 848.181366 967.066650
1131.718872 654.811584 890.732117
780.067139 681.891663 822.544739
1149.653931 409.326172 896.883118
1134.097412 694.343933 917.609863
876.148254 552.332642 933.479431
1197.294983 675.471680 905.098267
808.929504 590.923096 942.960266
1091.100708 310.792847 935.266602
810.728943 870.732910 979.172363
930.590149 251.424362 919.229431
1335.737793 686.432617 931.341553
804.676147 582.612244 939.384888
1374.788574 745.384338 970.512299
986.189453 735.218799 898.974561
770.288798 383.229065 847.989522
945.900085 871.638245 941.454285
835.886230 409.491928 924.477753
749.924072 635.499329 955.909119
1259.633667 259.598572 916.974548
1399.876587 891.560669 930.547455
944.000000 665.000000 895.648010
815.614319 681.358978 781.650513
1241.000000 264.000000 915.780090
764.256836 667.733704 806.424194
791.398315 261.569763 851.459473
943.726685 669.455933 892.744263
777.559723 948.677643 729.705048
1060.604248 473.293472 871.311157
955.508118 785.196411 914.192932
841.447754 732.823303 958.021301
935.931458 846.951172 787.778259
769.049866 851.883606 852.777344
1092.000000 654.000000 875.744751
765.000000 393.000000 924.244751
743.278422 638.869344 899.589437
795.436646 914.305359 714.248962
1125.500000 664.000000 907.429871
1332.844727 738.630615 964.894653
1352.483154 564.851807 922.907776
732.000000 729.000000 999.511169
981.612040 517.623657 943.755676
974.567688 854.904114 817.030060
981.964935 834.959290 893.334381
1181.931641 715.962097 933.486267
1383.000000 398.000000 949.409790
958.999451 388.952087 875.900452
1011.803497 716.924561 935.988770
744.775513 649.622986 957.823181
1360.784424 891.823486 995.025757
1348.973486 921.006677 923.890710
933.845113 398.223602 871.127360
1346.123230 854.948578 908.532776
928.000000 693.000000 814.890991
1378.694417 734.427246 971.171000
836.927246 709.197835 780.803914
1131.066895 316.827026 911.264709
1396.132080 935.658875 987.657898
1139.963135 671.445190 910.616028
1162.175842 676.095367 922.269470
790.627167 593.557495 811.035309
742.679586 525.122640 770.020955
1424.046234 227.214046 940.967270
1069.529215 487.511403 944.111593
1215.653137 406.892746 932.277557
788.276794 594.719116 806.759949
1266.646118 236.488235 927.601379
924.359985 556.645264 936.703308
1223.836548 400.236237 932.277435
1356.049255 533.133606 924.331726
1247.487671 899.158081 865.698975
995.903107 706.384766 834.783844
1292.000000 789.000000 947.350830
872.941650 774.972107 970.467041
839.804504 663.827179 785.330078
1378.796045 302.593811 940.803723
1328.545898 214.074000 928.302307
906.000000 257.000000 917.381470
1401.834961 947.914124 988.196289
762.607971 899.278687 695.597961
1217.555054 419.891510 910.387634
855.956421 292.938263 917.883667
791.619812 793.955139 933.860962
1000.087524 658.372070 836.774719
766.000000 233.000000 904.341431
858.136047 694.500366 908.700012
743.320251 796.817485 881.905843
1063.081055 489.185486 935.939697
977.709208 868.389567 807.834737
850.000000 591.000000 816.492432
1204.664978 417.717453 929.167786
866.980652 556.427124 933.547394
1246.748047 778.170105 962.642395
1353.937378 854.883984 913.300134
854.038940 244.090759 948.108154
997.000000 719.000000 934.768311
1053.569824 870.594330 839.898560
1282.778890 845.431539 971.806824
1390.538554 388.035166 935.137644
1102.000000 836.000000 975.947510
937.000000 690.000000 818.322632
1164.234497 516.467834 987.755219
1371.478760 479.557465 932.728760
741.825836 657.663727 985.880005
1002.040161 892.240112 808.344604
1183.359009 497.410156 976.190552
1131.401733 741.177490 954.610779
823.544739 693.343994 952.286652
941.020142 377.080688 936.852051
1116.361084 905.166870 849.787231
1389.760335 471.212646 950.668742
1056.481567 887.077942 960.139709
927.298584 400.502716 870.157043
771.399028 490.102183 930.733724
1179.288330 884.965454 869.759277
1147.197876 912.246582 858.383484
1095.389099 655.720123 876.509155
948.941650 318.573822 959.535522
765.837830 217.483047 909.780762
764.978210 336.462524 929.524414
1063.629150 654.516785 889.637695
779.242004 655.268982 799.215454
1390.074524 931.821838 990.145142
946.000000 837.000000 985.327209
1360.127563 534.251282 923.081299
1076.821899 465.817627 873.140686
887.362732 400.590576 927.611450
1159.365967 340.193542 947.761292
1278.798218 504.988251 931.297791
901.308228 429.472305 854.687897
1170.800049 690.348938 923.649902
1240.381592 264.416351 914.496826
1396.243347 939.584473 988.896851
868.313171 821.292664 1039.448242
1351.827454 851.471771 912.954224
981.603333 492.337555 956.943054
944.414978 336.817780 946.778564
1054.135986 666.876953 860.837402
1281.195272 868.683533 973.940145
701.180115 572.722107 782.769562
981.527466 623.210083 889.339966
994.522980 377.328598 882.076416
1036.244507 821.996399 1000.996277
844.858521 529.964335 966.113566
951.715790 872.608002 941.394897
1263.518799 797.458374 964.097229
1224.149963 572.919403 997.959900
1011.379852 838.600525 972.005676
732.361847 850.771393 998.613464
1192.616821 934.112000 908.744446
1042.877686 371.679443 875.329102
808.675802 327.045553 836.379700
1158.668457 855.836121 964.541351
869.809418 811.558563 917.865540
1351.493896 787.692230 934.846588
805.106323 576.077881 939.229187
792.316040 751.147278 759.131287
963.000000 866.000000 937.742310
733.000000 851.000000 999.053589
1260.241699 562.200195 911.248230
1023.395020 371.946808 873.223450
753.000000 679.000000 849.435791
1402.486267 945.248932 986.903320
1354.110107 466.824921 968.540344
736.494751 438.663605 772.865723
951.000000 827.000000 849.207031
1003.197510 957.590759 889.722229
744.894165 832.634277 714.356567
947.285970 258.707072 919.212484
909.509613 851.398071 938.458160
919.636230 829.000183 939.312561
944.601257 608.979919 902.891968
853.160339 422.708710 909.579468
952.000000 840.000000 836.853271
1416.157471 368.679199 995.429077
747.183838 729.188232 743.176697
930.169067 840.680908 938.784729
868.725220 809.253723 919.481689
920.000000 914.000000 767.992432
799.465393 864.461609 972.777466
979.253357 686.265991 841.477417
1261.000000 259.000000 918.067810
797.000000 878.000000 908.001831
1064.583740 654.149780 890.088806
1195.830200 806.014404 944.882629
1132.106384 703.244781 921.703888
950.462524 446.602020 849.390137
811.690186 837.392883 742.001892
1263.862671 257.785721 919.471741
843.430786 554.866760 922.010864
1419.649536 915.356445 920.214050
753.372467 627.945892 793.814941
878.809021 781.582855 972.963409
886.000000 740.000000 954.442810
749.626038 687.687134 954.522949
1123.078491 730.431519 923.932495
926.859192 523.250305 953.216919
1380.375000 298.467194 940.706055
1082.585002 653.830831 872.716654
1383.049683 924.881226 992.199524
811.687073 696.518799 776.039307
928.283691 849.755981 784.684387
1169.772135 830.803101 864.661702
819.807343 490.699646 841.050812
802.000000 509.000000 932.023010
896.741394 861.940674 784.659637
790.609192 494.651398 916.823669
1156.883545 434.902267 964.798004
1065.591715 921.423401 815.418376
971.592285 721.921478 869.250671
981.765182 921.476013 821.003006
733.000000 924.000000 857.671631
756.160095 715.601379 952.338684
1360.777344 513.281942 926.764709
792.350159 380.477539 932.123901
1331.000000 848.000000 954.213989
1065.708740 487.199738 965.756104
1019.000000 839.000000 970.228149
1294.449585 574.624329 977.337158
878.014771 780.019104 972.473755
1106.190552 833.269165 975.589111
867.394073 818.294525 1010.630920
1163.553741 776.794983 966.584335
867.599386 820.030965 1032.978800
1163.529704 940.901835 899.954000
1408.017212 951.610046 985.584534
1205.468628 889.953979 855.900391
803.204224 507.561981 927.849243
1161.946899 514.870728 987.857178
745.144104 798.526245 723.692627
1064.000000 925.000000 963.822510
1068.463623 483.162201 1011.036072
1132.913330 703.000153 924.841583
1421.000000 371.000000 999.053589
801.707520 422.934357 919.444092
1382.221313 735.619934 972.728699
1048.534882 221.283821 929.102982
909.000000 887.000000 930.879150
1187.194458 501.790756 979.284882
972.745087 720.000671 869.260864
770.904968 871.056274 777.288147
728.110046 389.586741 791.285502
1238.917725 832.917480 889.333252
944.005859 670.486206 891.779541
732.322693 445.852173 773.438049
975.098938 484.959930 955.230621
838.000000 604.000000 954.900391
1332.720337 811.986267 969.948547
1420.133423 304.651276 928.434509
843.895966 903.828308 879.678162
942.926208 930.392822 969.112366
892.252777 903.696655 966.364166
1009.623901 949.935547 889.412476
1390.099365 927.762451 988.777039
1029.459595 928.492615 799.716034
889.646545 928.169861 794.976013
805.925802 430.776764 923.886108
987.320343 496.289017 960.840332
762.660828 666.952026 807.757507
1429.844971 372.906403 994.795471
1290.000000 788.000000 946.664490
1282.347717 906.611176 869.824127
1240.369568 777.912109 963.262787
997.036804 889.854187 807.614502
1359.055135 885.155050 915.488566
910.793182 767.079620 964.848083
805.758759 530.140076 977.489197
821.000000 928.000000 706.681152
1042.654358 293.671753 940.901276
1388.889343 480.166382 942.301147
1102.703857 846.190186 893.833801
776.000000 596.000000 907.544250
1283.883301 706.356995 957.989075
1382.734497 414.831726 949.201721
802.287231 500.631531 926.964233
895.603210 362.817459 948.511963
727.463013 901.608521 878.014313
1136.015869 471.207977 916.811462
1133.694214 470.302002 918.644165
1045.400024 677.437988 896.799927
752.663757 573.891968 939.945923
1024.427490 764.486654 938.126058
808.004028 578.339233 940.612671
1105.460205 833.860840 976.562683
788.532186 547.877726 894.846456
1102.288208 446.686539 887.235413
797.277852 897.765198 710.676737
731.941406 929.197205 852.002991
980.597351 836.425751 827.720306
1203.000000 420.000000 923.558350
1189.372559 936.606140 909.110779
1282.976746 670.698151 912.938538
727.320923 859.345154 784.169922
735.710368 677.579590 857.612264
1366.292847 923.755432 908.119385
1247.352905 778.690491 909.456665
779.252136 686.308594 823.322235
1210.290649 885.156067 980.074280
868.122925 820.024414 1029.530762
979.066284 490.865997 956.516602
869.652557 812.717651 927.796906
799.254761 652.604797 934.181885
867.465637 885.052368 913.850342
1007.354340 390.927521 866.758423
869.356750 813.610687 937.752563
1257.864380 886.802979 894.844055
915.869415 681.024200 990.481415
1334.226929 231.417206 924.819641
1341.986450 742.186523 933.036743
1346.026978 294.399597 964.868103
870.842529 804.360962 900.659668
867.451538 809.449829 939.437744
1155.458557 823.561554 892.438339
761.325317 665.640198 802.542236
1338.069946 213.961441 924.212097
1044.560547 727.360535 847.487427
947.567047 654.036224 845.692688
882.071838 871.982117 881.970337
868.165161 809.486755 929.463318
1000.205078 699.467529 833.574097
1453.582520 923.230347 1010.875977
1282.846497 602.577728 970.439056
922.000000 676.000000 812.374512
810.570099 767.676544 954.138428
1074.995972 929.833618 995.023682
751.841492 570.165100 938.953552
1052.627197 476.482285 869.329132
1328.522705 382.024017 935.355530
954.931946 552.514465 935.315430
765.312744 833.344767 994.688029
763.035278 354.764709 921.433105
843.794250 527.421936 967.099182
954.561096 552.441101 934.805908
1371.205078 762.047424 969.367737
898.578430 909.053833 776.037354
1006.000000 374.000000 883.980591
1167.000000 835.000000 866.593811
1276.000000 906.000000 896.791870
1014.166016 944.323059 888.781860
1208.085693 932.955322 915.149170
1302.769165 859.674316 974.513367
837.199829 316.842606 844.770264
726.926025 226.335831 876.807373
1142.732483 303.655312 899.074997
796.996826 904.281240 709.009501
976.924408 848.418457 820.878326
825.424316 674.124023 951.873657
1335.500000 920.000000 887.297791
1381.767090 895.247864 912.795593
1372.999023 754.227386 969.833740
1384.756755 729.010640 972.792704
1135.581604 693.742065 923.841949
771.502401 892.781942 702.803080
1372.448975 410.674316 950.422424
974.396942 796.096954 935.622284
989.983734 266.364853 919.839264
1076.000000 854.000000 978.921570
1156.338867 830.119873 865.896200
846.372559 338.701050 809.033386
953.000000 844.000000 832.277771
1189.285767 447.281830 975.923279
973.481781 646.564178 882.943939
978.259155 798.768127 938.664307
1065.846069 219.930428 928.649445
980.495911 416.731659 859.316681
1101.183472 347.321198 896.807617
767.000000 524.000000 997.680969
1160.739014 873.458649 964.943054
736.223938 508.030599 985.869222
1312.664347 679.703084 917.615275
786.472137 549.750183 894.686859
980.159546 834.194092 891.138733
1364.293213 514.916931 925.712280
1025.430908 707.214661 852.821350
1408.262329 714.871704 965.190796
1184.802856 936.945557 906.999390
1003.125427 815.895203 958.091370
1371.915771 753.921204 970.107117
813.611816 869.495361 985.993683
869.010010 814.288818 947.723480
1385.987366 390.663559 1002.890991
740.120300 811.165649 905.766418
842.000000 665.000000 785.379211
1278.064941 681.257202 963.608276
859.427368 875.986572 925.788208
1135.691040 289.243042 938.719360
1000.760315 375.017710 883.525309
1346.335205 219.487564 925.283447
719.262451 706.068726 903.660187
1162.010559 275.186600 907.672272
942.230001 456.993652 923.474630
952.491089 460.450653 957.646179
941.019104 927.837067 967.829712
994.129089 929.918701 932.214905
951.685730 696.729858 832.734253
866.719604 809.192322 949.407593
907.611145 724.313477 907.732666
875.660553 635.751740 943.214935
727.847046 518.157532 968.684448
1406.966187 392.423340 944.602600
996.192200 910.872253 961.112793
1216.174316 144.407639 942.667725
1160.723975 759.448169 973.644263
955.108154 390.579407 875.459290
1008.002991 516.673340 969.884949
855.103658 529.684591 964.321248
767.393311 672.347290 814.721313
853.999756 526.729919 965.655029
999.274597 919.663300 790.299103
979.634216 860.297363 813.362427
786.053894 378.348602 931.892456
1307.635620 674.668182 943.717621
954.000000 884.000000 808.027832
761.725159 481.557159 930.563599
733.859497 448.293182 773.460846
1057.000000 475.000000 867.966431
880.000000 358.000000 924.587891
1222.207458 928.602982 918.359390
734.942932 436.219879 772.843689
1182.201660 882.053406 864.579712
1226.392151 398.091721 936.462433
808.298950 349.074219 920.842896
753.000000 853.000000 883.294250
704.786804 576.002319 782.722168
1178.498535 938.860321 905.526154
838.781372 304.120667 918.739502
1009.870728 898.358276 809.462891
1187.813995 836.319962 943.607681
950.161255 649.253906 845.665344
958.038635 877.995178 968.128113
1383.183594 388.292236 1001.572510
799.484619 414.218628 915.074402
1063.149780 252.370636 889.455078
1166.953247 684.775085 924.999634
979.471252 928.969208 782.102997
1107.587952 227.061432 923.381470
1072.682251 449.272644 945.218811
1169.157104 940.534241 902.374969
1128.608276 442.633545 957.271484
1228.396240 927.230316 920.484253
1066.143616 471.456024 869.918732
1057.576416 284.914429 906.835327
789.641907 767.397156 758.709473
1173.949097 938.495300 903.066956
1431.380249 620.073059 965.787292
1115.803955 799.695007 921.800537
1004.818787 750.143921 869.025269
749.591858 559.852661 936.247864
893.660767 516.566589 937.447144
1078.616821 652.909851 871.427612
748.519592 584.207336 775.288289
1017.329407 926.770264 970.383240
997.769735 491.027883 855.669881
927.219696 851.460419 781.511017
797.272644 429.648132 815.401962
754.237732 678.676086 851.787933
945.819031 713.105469 825.538147
864.260071 528.335693 962.618591
859.482025 700.005615 908.780792
831.785400 710.265015 778.814697
1130.600952 817.266022 971.560333
910.139404 852.343994 939.755127
1004.037781 816.539795 958.776367
893.000000 927.000000 776.228271
914.000000 885.000000 932.023010
985.175354 740.215271 897.285950
790.319336 492.053314 916.732422
869.840393 715.185059 799.113220
819.189880 495.293365 839.809631
1273.408569 255.343079 921.085327
948.585449 659.122559 845.951050
808.000000 658.000000 773.940552
746.988302 854.693685 906.937663
928.007812 834.365479 938.249634
1393.148315 383.959534 1000.958801
979.534119 675.294800 841.002625
977.402832 699.630920 825.419739
868.199036 823.374919 1051.310425
725.478271 516.074036 970.885620
1305.406576 691.932760 943.080526
1005.315521 717.949951 935.495422
1001.306519 959.623840 889.496216
915.778015 989.319748 980.009033
719.184753 705.972290 904.606140
1109.000000 849.000000 893.474701
984.055023 827.364319 831.108063
905.000000 836.000000 866.136230
1189.509277 447.976166 976.142395
1078.000000 852.000000 978.921570
860.687012 703.771362 907.805298
1115.564514 903.772278 852.714844
926.904093 788.117126 855.445129
1067.864502 250.813721 890.763550
814.590393 578.880341 918.943939
1075.000000 656.000000 870.482910
1425.601440 352.774292 948.699280
1073.886108 496.914164 942.820333
952.255534 258.802200 919.563792
1097.456991 350.807760 897.048238
745.990295 814.129822 720.266205
795.859467 488.339462 917.232269
1167.525635 877.204529 967.854675
982.700256 831.622437 830.055054
1221.184570 888.043182 918.700104
764.695770 670.124939 810.820007
1354.999878 638.472127 938.116231
1408.368286 955.301605 986.596375
743.579987 647.640656 894.877838
1075.355640 507.511707 944.012695
1262.308838 580.407227 912.913045
1095.255900 308.024709 936.779338
903.610077 931.776978 964.979065
1084.231018 513.377380 878.951477
745.340332 740.364014 738.724854
984.613037 412.411469 861.696411
728.539398 922.961823 857.388611
1147.310791 411.107422 898.313293
978.307434 688.275574 843.611450
751.000000 858.000000 993.791870
1167.829590 883.299561 866.733826
955.928375 286.862396 920.639771
1215.940308 931.215576 917.310974
849.000000 643.000000 923.100830
1005.502930 516.866089 971.655334
1244.993591 850.498047 967.229675
1121.756348 338.070221 935.104065
955.605937 868.030762 944.132222
803.454742 568.147736 910.966614
1344.000000 922.000000 889.471130
1164.000000 653.000000 892.445190
1209.688599 890.783569 857.046753
746.000000 856.000000 995.622009
987.516296 603.231689 846.394653
1170.231445 520.471130 987.943237
759.238831 662.425537 799.523376
1425.000000 917.000000 916.695190
797.268738 893.438293 711.718567
869.902893 570.961914 814.946045
1392.197021 381.103129 935.452555
977.616760 845.378174 823.866150
1270.408569 256.343079 920.170227
807.521484 564.576782 910.848053
953.354980 283.934937 921.000122
1305.555420 684.479797 943.427979
767.174683 897.448425 704.318604
995.793518 886.564331 803.633301
1002.126221 508.408681 968.753784
1078.023438 456.838440 948.991089
813.141663 533.023010 831.494019
774.125885 949.310333 733.939789
945.452209 605.065491 904.158875
927.596863 674.031982 903.563354
801.986633 481.154251 919.472992
1389.841309 381.019623 999.479462
736.437134 931.034851 851.453308
766.078857 364.223427 857.618912
1006.000000 839.000000 973.888550
810.795654 571.995483 912.873291
1149.906006 317.262512 946.485718
1359.904785 523.897725 925.081706
1161.000000 884.000000 862.018311
843.317474 736.128571 958.876099
846.261841 572.329468 941.745178
766.563660 398.032043 921.158386
726.352234 492.790161 775.671326
1045.250000 873.888184 837.773560
792.430969 569.847534 794.509094
1348.160929 794.425680 910.063782
741.742859 835.540314 906.927612
1065.000000 846.000000 903.426331
865.307159 529.002014 963.028351
812.739807 415.856262 921.244507
871.375671 804.552124 899.652649
1008.996460 691.143860 837.307190
1061.610046 662.593414 865.182480
1369.064575 764.502136 969.193176
1075.956238 931.177521 990.729309
1074.802002 507.414185 942.672546
1167.936361 375.836233 961.281657
1354.296631 779.238668 939.292664
966.218933 787.927063 810.310852
953.849060 634.811523 846.852539
1189.351929 453.292847 976.641541
864.032776 861.540222 932.203888
850.775330 667.969849 785.568237
1069.092407 470.340637 874.067566
726.623962 226.055191 876.138306
767.239685 211.756584 902.362061
869.000000 928.000000 772.339111
1079.323425 356.204514 894.225708
743.065125 855.727539 706.621155
1161.000000 296.000000 904.798950
1012.608582 382.898560 869.647766
1016.049683 942.279968 889.099182
1351.111572 940.722229 914.238647
1080.170654 431.965546 934.145447
993.073547 504.044861 961.824646
724.389771 446.594604 930.486389
1291.381958 764.214905 952.410126
860.850952 284.990021 918.606934
1373.554504 885.663528 913.411819
1115.627441 298.937653 932.942566
959.000000 875.000000 972.058350
728.000000 902.000000 880.320190
749.669434 693.562012 958.072205
837.722778 316.768555 843.858154
1191.207031 457.318939 977.740143
1350.819824 940.775574 914.883789
1000.666443 928.498962 939.646484
954.000000 687.000000 825.872131
1172.507202 522.085754 987.811646
824.452820 679.923401 951.284180
753.931030 592.504517 776.058655
707.906982 579.948639 784.357880
979.777954 840.112976 825.653748
1033.008911 824.822937 999.674988
888.167379 523.030619 936.430216
1313.000000 766.000000 960.848450
1391.997498 566.814316 974.130402
876.412231 875.989990 883.671448
945.674774 329.431091 954.634293
1349.895711 476.487823 968.739624
1119.182190 863.197937 945.583405
952.515686 460.337860 958.398010
1027.286255 767.973816 940.059509
1233.000000 926.000000 921.270630
1168.000000 651.000000 893.360291
806.295471 513.303589 931.010925
796.865784 656.501709 934.766083
745.930827 736.265767 740.039632
824.386292 685.511963 951.202332
914.652588 938.826416 973.431641
862.121765 867.030731 930.936646
940.445374 395.556610 872.419373
910.094238 524.359375 954.081421
1156.923950 874.072144 963.676208
934.000000 673.000000 821.067871
805.867126 288.844177 915.237000
952.000000 833.000000 843.258911
1375.063965 887.851990 913.402466
1214.491943 423.833740 908.697510
1315.636841 680.396240 912.387451
926.046814 676.457581 990.488586
727.507263 502.708923 776.204407
1128.622803 739.365784 955.389893
761.505371 365.495590 917.312469
1329.000000 919.000000 885.810791
1323.663696 635.972168 945.552307
741.852966 786.858215 732.179688
1130.219971 231.695460 893.307556
759.220886 912.537720 880.458252
996.280945 838.308716 976.138489
1227.000000 588.000000 914.178711
1047.967224 731.576447 846.871674
953.000000 702.000000 818.093811
1105.415161 953.552063 993.648621
1409.315918 874.273682 942.669128
830.677307 588.415771 800.591431
738.824829 510.417328 983.310913
902.269531 930.737305 963.628174
1370.982340 484.669149 965.041504
1174.125061 881.361053 971.370300
771.992920 554.414429 908.097412
1051.000000 567.000000 945.520630
945.906982 670.002716 846.013245
1211.308716 929.830139 914.416504
1054.144043 686.940186 899.453735
1045.462036 676.927490 899.219604
797.969299 479.001205 922.632996
1105.540161 953.459351 994.109985
1078.714925 691.145610 893.848612
826.937881 256.682137 852.150497
840.245544 255.433304 919.075684
1113.565979 225.337357 923.355270
791.366821 837.357910 963.502441
1050.829346 816.031433 1001.934753
1043.200684 873.637634 838.797058
1073.000000 911.000000 840.513611
1293.390045 278.572868 923.537262
806.746521 363.544434 930.051819
738.282837 527.316650 777.216919
790.000000 626.000000 779.431152
741.479004 649.948578 894.726715
1393.187347 573.255188 973.783356
867.068726 815.698730 1014.106323
990.404388 405.329712 864.155609
1050.819824 567.258301 945.117615
790.961670 791.298950 946.435913
1200.405640 888.850159 855.118652
1254.021484 779.136230 924.658875
1294.979065 578.336273 974.749451
944.369385 338.451843 921.208496
1058.631714 884.007467 962.012410
988.539276 853.424347 923.264038
1421.159546 283.533508 927.125000
804.913208 596.487976 819.302673
1069.849609 483.692413 1015.453552
737.576843 815.166199 896.329224
1257.477539 239.815567 928.296977
803.869873 503.795715 929.083679
740.000000 816.000000 912.806030
950.966858 391.971512 874.277771
1040.193481 784.011454 948.123901
1221.315104 742.268595 891.711405
1353.502441 465.685242 970.882568
1426.290894 393.804138 932.998108
832.647888 572.967102 941.812927
749.585449 707.485413 956.653992
812.634705 691.569031 779.705139
953.118591 535.539368 938.245300
917.160522 784.122314 973.179932
1458.840698 806.657349 994.101562
913.466339 724.929047 906.299316
771.323700 879.359955 774.737640
742.336365 706.554199 992.165405
1236.000000 429.000000 913.949890
1384.000000 900.000000 931.107910
788.042969 514.388062 932.798218
1360.617554 887.712219 993.759521
944.409790 394.496353 873.155396
1425.821655 613.868896 960.254639
677.665283 547.200317 776.823425
918.153402 783.074687 966.833761
1005.169312 517.331848 961.671753
774.005127 829.256226 993.220459
983.640442 658.517944 847.032776
728.748657 505.235138 776.606445
805.612732 559.248413 937.603882
1285.088135 294.515289 922.172302
999.496521 848.564667 924.974609
1145.109131 889.995911 863.206970
1395.522845 584.550755 973.166330
1390.238916 463.968842 950.737878
944.868042 663.852661 845.462921
786.727478 508.678223 913.967163
813.622711 689.107697 778.379150
729.603790 663.886108 887.848511
751.471436 711.307495 950.641663
1103.903687 956.141968 993.641235
902.365784 922.108002 962.772797
1180.000000 439.000000 918.525391
796.232239 281.035370 904.863342
1139.065226 645.428609 954.230448
1368.563599 498.402313 967.498962
927.919830 669.275909 906.641083
988.329956 503.556732 958.368408
970.000000 873.000000 971.372070
1341.079773 494.664429 970.359619
976.741333 832.803650 888.084839
846.716431 370.840668 921.075317
1125.000000 754.000000 996.308350
1144.031982 879.889282 858.426697
1111.472534 731.562134 940.028381
910.956706 765.673442 960.229492
771.835815 350.358948 930.430847
971.108846 643.670776 887.012512
812.624878 697.778687 953.226624
916.710785 623.226105 908.081055
1139.503418 655.458903 883.546956
1037.875000 915.916626 887.613617
766.848511 496.617676 1008.002502
876.407837 635.360718 918.456909
893.846069 526.386047 958.068054
1337.105347 737.422770 960.623189
914.778595 774.415222 963.159302
1455.827515 926.284058 1015.049805
1053.978333 220.875435 929.221313
1020.610168 936.684021 888.459167
985.182678 822.844177 834.243652
1374.940674 401.483734 957.542114
1459.666138 806.739807 994.413574
1192.255981 884.688812 977.317749
1294.000000 772.000000 957.302490
952.693726 639.607239 845.830627
1345.172567 784.882751 910.108643
952.273376 822.248596 863.621948
1119.021118 345.177338 937.673360
1005.118469 847.990601 927.460266
1318.762329 627.912598 943.585876
882.069641 369.870178 924.375122
729.778442 488.012695 775.546997
791.671539 760.578003 762.136902
996.125610 838.191223 975.234314
808.248718 917.263794 998.139893
1070.614136 656.096832 869.489746
965.880554 888.856079 949.255066
927.829041 285.055313 919.650299
767.087830 375.435282 853.156982
768.043823 820.654663 903.742432
1286.073486 867.643524 973.615906
1170.905151 392.616241 898.944824
1046.499512 928.563416 958.743408
986.765381 409.533447 862.324768
940.782654 380.523483 932.600891
804.172943 431.571594 923.833954
810.643066 657.839355 950.544739
1060.274689 220.403378 929.156052
875.513046 309.432091 931.787598
887.212341 394.038116 927.366333
926.000000 880.000000 933.166870
1182.390869 882.201965 974.411682
913.888977 775.629517 969.044495
867.715820 727.614258 907.914368
916.047302 996.776611 981.970398
812.000000 833.000000 739.395752
1058.323608 253.778503 890.337158
911.075338 970.193868 975.225159
830.044312 889.913696 905.970215
848.630920 665.685486 786.249023
771.007629 558.351257 907.830139
1119.234253 736.645203 972.282939
736.407959 928.944092 661.496643
1426.946350 914.931213 912.473907
800.385925 648.500000 933.211304
1133.856201 318.794464 910.559875
803.000000 660.000000 771.424072
859.628967 514.333252 936.936951
752.709961 578.880127 778.859375
907.010376 670.347839 990.311157
881.000000 634.000000 915.551331
1233.187500 541.874084 916.501343
1405.877441 325.323547 939.030762
1109.395630 369.347809 938.739868
1322.000000 917.000000 884.666870
958.463236 883.849955 950.574341
867.523885 818.737142 1021.694763
968.274740 873.249146 968.782247
896.681885 526.397766 957.243652
1424.436279 331.152283 946.027588
884.442424 527.153117 959.948425
1037.781006 780.701538 947.143066
739.281108 662.754578 893.600240
950.367981 644.441956 845.978180
782.101501 658.033203 799.425354
1065.437103 782.553223 945.790375
803.462769 462.954102 920.942627
755.834167 823.875916 711.548889
763.167765 375.213715 918.933695
895.147095 527.538025 958.331787
1381.266235 348.422607 958.005005
840.438049 609.609741 802.119019
748.862122 221.987167 893.536682
1039.113159 603.872589 897.809204
1004.000000 916.000000 792.471191
801.000000 529.000000 975.261230
989.431671 852.698761 921.358459
1257.119019 538.018921 904.453369
944.302917 680.979004 847.055969
1017.150045 831.390849 998.591166
861.851578 260.460548 858.611954
766.473043 483.647430 930.213155
1242.279419 922.987549 923.465515
998.177368 785.069458 852.240051
761.729655 679.563843 845.505107
1221.098836 555.327962 987.531148
1183.332092 883.659637 974.522583
885.900818 405.673538 854.685852
946.618347 735.093302 893.868652
751.998657 832.205994 708.710693
769.227661 823.383484 727.326599
766.419312 212.049454 896.871338
777.377319 955.311798 726.631805
1194.029460 812.144633 944.692342
1108.524658 441.229828 889.443909
1349.681641 474.922272 970.601257
1246.790222 781.630020 918.295776
748.411184 554.717621 934.974620
750.000000 926.000000 679.457092
1353.000000 911.000000 892.445190
1270.783122 620.514079 912.275553
944.645355 675.421539 846.485565
1355.550232 394.696091 951.274048
1026.682800 861.875061 961.335052
1101.644592 449.279449 952.967041
899.844055 899.045105 948.878235
734.832245 518.690643 775.123840
977.619751 723.545715 841.042938
995.494649 501.413666 966.040629
1236.000000 925.000000 922.414551
928.886047 904.056335 781.711670
841.000000 603.000000 953.756470
952.000000 846.000000 829.074951
1294.406494 539.563965 925.215027
945.443258 292.673391 920.418681
924.579224 402.046692 868.980469
1179.888641 647.017014 897.114578
760.670227 355.534195 917.582550
746.416321 694.415283 984.467590
1319.000000 910.000000 905.485291
1097.543213 839.042328 977.238129
989.208344 607.453796 845.334229
1114.470581 827.838745 974.191956
916.939575 830.319763 947.170532
1113.749268 828.430420 975.220398
1228.882751 560.663971 987.458679
1161.245850 654.026184 890.938080
968.306213 890.703796 950.723816
1024.023651 933.139435 888.617645
1413.911011 959.627319 984.591980
1263.283203 850.393107 968.746379
732.225830 298.740601 928.177124
956.349792 289.035187 921.970825
763.000000 908.000000 882.150391
940.869873 382.959503 934.350281
1160.143188 434.214874 962.208679
734.664795 900.010681 904.307007
1263.496460 914.236633 927.504883
925.159058 678.556885 990.575500
828.560669 519.950012 835.776184
743.286865 292.232666 920.845642
1183.333984 480.386810 885.064026
892.355042 513.981262 937.016602
808.442098 380.850372 920.118103
1109.181702 369.908539 940.396454
1016.000000 649.500000 896.219940
772.786377 857.408752 851.995239
786.647705 511.440430 914.063354
1022.190308 711.770264 861.112549
780.744263 954.694153 722.477539
1336.551270 578.400482 933.415161
1133.000000 904.000000 854.239990
1072.684082 249.395706 889.947205
801.917664 350.088013 921.485779
1038.000000 356.000000 875.515991
1018.603760 925.096741 797.182800
1030.097941 771.406087 941.964071
1318.698283 812.261230 894.225525
1026.964111 930.233704 799.110474
1394.376038 579.245453 973.384806
1014.549072 648.796387 896.437012
1116.250366 352.281631 939.399414
977.114441 718.210083 842.902710
1371.285156 487.061778 965.528219
920.000000 853.000000 780.117432
1054.298889 255.166039 888.930817
1198.000000 886.000000 978.921570
1279.792358 253.650040 922.336121
724.059631 398.437164 787.431885
1070.706787 430.387248 938.856649
906.093140 524.780640 957.159790
793.203308 878.523987 903.176208
1212.539673 427.866211 910.027100
887.000000 632.000000 916.008850
1175.106995 442.794159 920.333496
762.456726 375.422699 917.117493
1181.842285 435.336121 921.807983
1268.106201 911.000732 927.279663
1293.295679 866.076807 973.543762
726.313049 909.202057 871.660675
1414.505432 963.101532 985.380188
954.224487 543.533122 936.657715
1180.000000 478.000000 883.980591
1054.000000 847.500000 906.057220
1388.574219 397.847595 950.799255
781.985596 953.009216 721.674438
1027.196655 826.153076 1000.076843
1064.637939 579.029022 948.504211
990.216217 743.524658 905.253967
944.141968 686.923218 847.486633
1196.575521 670.131714 900.543538
770.215332 887.297791 770.093689
1272.481934 909.999573 928.649353
1245.286621 921.991272 924.582825
742.830261 658.601501 942.358154
890.745667 381.800537 926.283813
742.000000 927.000000 916.237671
1263.465027 586.988220 913.365631
1182.496582 885.238708 975.748962
792.936035 392.935486 932.749512
1028.195557 861.751282 962.523254
773.284973 706.580017 939.915222
826.340088 876.043030 874.879944
1214.497620 549.522614 986.928192
1277.080139 906.717529 928.346161
1393.326172 376.222061 935.607330
1112.881409 360.619827 940.269318
1229.988831 249.280502 930.041840
760.399536 748.372131 964.078613
1286.548370 291.763878 922.386353
874.135193 527.445831 961.303833
1113.347534 359.503204 937.477722
986.145935 818.565247 835.900787
1368.757568 274.242493 970.198181
767.904785 210.987778 904.142700
735.384216 936.177612 845.735413
1046.587240 257.591593 888.679484
712.725891 584.725647 784.890991
1252.223267 918.639099 925.325256
897.446411 424.461014 855.209534
1179.636230 526.904907 987.899902
1459.409546 929.909607 1015.505127
753.556946 589.372284 748.343781
813.548981 776.134003 954.011475
773.724609 706.552795 940.287537
1393.038940 250.934067 978.679504
1047.505188 503.196823 879.089691
939.430420 386.950226 936.653381
806.404297 472.215332 920.215698
726.197754 398.670517 790.295105
1035.178345 919.198547 887.984375
816.114868 773.474243 954.663208
1173.180786 446.223907 917.379150
1032.339355 896.312805 819.914978
1400.000000 247.000000 976.633789
1127.518372 736.167084 955.646271
859.230835 872.397827 928.592712
861.526672 710.931915 907.730927
1202.813273 822.954488 971.894002
1178.381500 835.521881 865.388718
1252.299805 629.603821 971.980713
984.523682 648.126892 844.590698
722.013062 521.899048 961.442200
740.450500 656.944092 892.777771
972.455200 895.203552 951.101685
1119.926514 677.698059 916.806702
1430.008118 366.953156 992.020874
720.493164 520.255676 963.292053
1325.131409 618.791290 928.762451
1067.636841 921.483398 841.555176
924.000000 823.000000 861.789551
875.469543 528.397888 961.796265
1034.390422 776.621765 944.858805
1159.514893 345.190338 951.707458
1160.065552 875.624878 960.826538
1011.776093 820.001495 961.992188
728.582825 916.012634 864.587799
1040.181671 382.775383 874.731339
813.013794 877.601776 895.224426
834.817322 319.506256 855.933044
1400.000000 377.000000 998.824829
803.272888 643.548401 932.826782
1016.942902 863.740479 962.621124
1001.978760 489.649139 857.534424
1167.146444 431.569539 966.395142
753.663269 588.893799 747.533447
1158.276733 942.906921 898.873413
764.834473 367.342438 854.320557
1080.811157 431.520508 931.858887
1111.000000 440.000000 889.242371
1259.111816 915.196838 926.058044
1414.523254 307.555008 972.951294
1262.822754 845.956299 970.757690
722.787537 522.302429 961.118958
975.263153 895.525482 949.509338
1426.824829 399.284821 932.564514
730.318542 512.296509 776.622437
1060.230713 874.940674 964.888733
946.565308 339.438649 952.418762
1183.100830 434.612793 922.971375
773.912292 544.942169 909.434021
1039.450684 501.685455 878.931580
920.101257 481.150116 838.862427
1336.565063 581.027649 935.290833
1050.030151 735.732117 847.495361
887.539978 408.281342 853.767212
867.000000 918.000000 915.322510
1172.012939 650.163574 894.232931
845.827148 305.896912 918.062683
1048.938599 680.786926 897.148499
1120.235840 736.573792 948.811890
1201.826416 885.872162 979.697754
746.026571 807.661641 722.037109
1149.536865 312.307800 942.994690
967.883514 788.319946 811.238403
740.456512 937.973297 845.493591
1125.097107 902.923401 853.118652
805.616089 556.273987 936.924072
1392.772095 251.101608 979.531921
1000.413635 836.864319 967.133606
955.000000 883.000000 952.841431
863.018901 760.970561 780.416870
774.616699 358.291931 930.876587
769.216187 715.555542 940.994873
821.665771 373.731384 921.699768
1040.144775 302.062500 937.541199
832.321381 583.752899 799.527557
1000.648560 699.474182 818.688660
1283.243469 698.507385 961.023880
1426.838074 412.589943 936.438126
1026.493530 264.081482 886.570984
850.000000 397.000000 926.303711
828.272095 641.115601 791.788452
803.832275 396.303314 919.661743
745.559326 721.120789 939.819702
1136.599121 285.794902 938.353007
1102.203410 303.238068 936.665222
716.599141 525.574748 954.430847
1261.854492 626.721619 908.960358
806.716797 655.820557 952.569092
1024.110107 829.236877 998.527222
1029.739746 499.347839 879.196411
1029.843140 262.853241 887.797485
1009.000000 849.000000 927.905090
993.705139 712.981750 888.843445
867.714539 683.324951 908.040344
1348.000000 924.000000 889.928711
1420.369588 969.810974 983.970296
794.928650 848.267487 962.737762
910.000000 258.000000 917.610291
1279.910685 687.560059 962.767151
717.116374 415.508443 781.145264
883.500854 908.759857 965.572723
868.000000 306.000000 908.688110
1371.878784 271.121246 972.043365
1081.660400 351.940063 896.346558
1338.182678 692.356049 931.283905
1014.000000 916.000000 826.558472
943.375000 690.864380 848.247131
954.183777 933.433960 771.574951
908.929962 941.985535 752.183716
994.709808 795.837311 847.307953
1027.850403 927.905090 888.227448
1281.387695 905.545105 929.567810
1395.752808 365.655060 935.952271
1144.036458 466.996765 918.094014
747.508118 621.856547 792.748698
770.000000 331.000000 921.499390
1252.665202 850.358256 967.613363
1189.570435 847.223694 967.336121
1121.434245 444.780507 956.664062
731.608602 857.203878 992.641134
1024.456665 568.915649 852.670837
845.600555 335.960251 805.940552
807.000000 505.000000 805.053711
742.288513 647.585693 984.377304
850.731934 591.754110 820.798177
1318.136902 245.596191 924.984100
768.039307 564.697327 906.592346
1026.388062 497.731964 879.635010
831.858566 520.608459 817.563141
731.739807 513.144307 977.108683
1427.512390 440.962646 940.977325
1211.519775 548.671143 987.847229
991.867340 801.887939 844.686401
1362.194763 632.581573 940.575134
890.260986 631.275085 912.944275
862.507812 639.492554 920.823608
1024.561523 700.928101 857.281738
715.487366 588.050659 786.085205
765.796387 579.419922 904.761475
1007.399801 489.196971 857.620239
997.396118 788.986877 849.559082
1030.425293 694.709900 834.627747
1019.020365 863.255819 965.528585
1036.143921 499.927521 879.565369
852.000000 361.000000 922.872070
1259.858032 558.058289 933.546753
1340.802002 734.214111 932.776733
1047.890320 478.863007 866.360229
789.949554 521.821625 983.514252
1385.476685 257.523315 977.541504
1197.247559 321.424347 893.718811
726.192017 916.752014 863.133667
1161.398071 871.680176 870.217224
727.015198 485.379395 775.578125
1186.900085 851.519440 964.409088
1012.820038 917.082062 824.272675
1055.425537 844.578125 905.938049
881.000000 913.000000 963.822510
972.064514 830.909424 883.915344
1041.715149 259.088409 888.496765
1367.349304 772.343781 968.713074
953.185272 856.369904 818.751404
1055.563599 504.707153 879.411926
1047.291016 790.184285 947.271037
927.957214 281.486603 919.439941
1194.711121 659.962524 901.686462
868.671570 824.352966 1059.208008
772.721680 776.819092 741.539062
996.024048 788.117249 848.981079
803.101013 556.299316 938.039246
1426.613729 403.701579 935.089559
1461.644043 933.123962 1019.453339
1223.458374 562.778687 918.789368
1035.301514 261.222214 887.395081
1315.225179 691.725871 911.108317
944.690430 717.989197 823.772461
1397.398804 374.795013 997.609680
720.212006 406.898834 783.775970
1172.327026 512.830139 970.193787
807.457397 523.093506 932.686340
806.588379 549.351135 936.559387
871.720886 636.760559 918.056824
797.000000 664.000000 776.914612
773.157715 942.059998 738.847870
1290.862793 283.504547 923.093628
810.311910 548.546509 828.103149
1365.000000 278.000000 969.541870
1097.211589 643.076355 898.822021
971.425496 722.805542 859.622274
739.184326 429.044006 772.268372
746.308807 523.265564 766.242523
1392.119670 607.747538 950.864502
1034.863647 876.859802 836.662872
1373.864197 393.066666 958.439514
920.064453 479.130310 836.905070
1427.439819 418.859650 936.602173
1427.076538 433.555847 939.981262
1399.887207 247.267227 960.169128
1336.613403 696.389465 931.643005
1357.971558 794.724915 962.837219
892.641703 799.431356 978.232259
1155.536865 235.610870 937.093262
1359.766174 791.009644 966.665131
1170.058105 762.923035 991.068787
1197.906982 424.248642 926.170074
876.740051 792.346313 902.544800
1232.825073 364.386536 922.868896
797.080444 925.507385 997.561462
1089.000000 845.000000 977.320190
809.084778 385.192301 920.313843
865.199402 723.216064 907.111877
1346.003540 485.075928 969.361938
1208.073059 819.619598 972.010834
846.182983 272.754669 915.281799
849.571655 345.035782 847.913727
950.592804 890.137482 792.139038
1190.741821 492.557434 980.740540
1195.946167 887.997986 853.555420
1407.008728 369.450623 996.781357
1046.577759 777.447784 792.445343
718.242371 329.572235 925.882202
916.653320 524.108643 954.985270
923.418182 467.655869 837.451141
952.331238 852.853516 821.800354
722.565552 407.406250 786.988953
1217.000000 836.000000 875.973511
922.754944 470.495514 836.734863
1065.284180 885.962769 829.335571
1091.862590 644.812602 897.583008
1195.601074 659.993286 902.393738
1385.562744 545.654236 934.534363
1054.419800 895.417297 869.778320
1426.862427 423.695465 938.330017
802.284424 470.085114 923.909729
1056.250183 490.300613 887.443481
1093.614502 644.242676 898.010132
1102.280965 963.328064 997.384115
875.131429 262.042806 861.205526
1345.097900 486.462372 969.501099
727.871094 676.602173 860.504822
1214.989624 891.979370 858.191376
1035.500000 921.000000 959.361450
717.701660 675.956116 865.191986
1014.859924 850.762573 928.872009
1191.964315 465.754974 978.951477
730.264954 455.625183 774.004211
1234.458313 801.705963 890.853088
1222.431610 747.010071 891.227768
1403.502035 884.811239 935.356954
783.595886 383.291687 936.053711
906.935547 943.247498 751.553406
972.000000 928.000000 778.744751
1130.000000 658.000000 908.001831
844.601013 905.334778 883.294128
1366.281128 775.100830 968.248596
1145.584839 651.033432 954.954391
962.539815 932.193278 775.308411
928.175049 273.575083 919.036621
922.894348 798.797180 989.227295
1076.894653 776.663676 850.835612
714.651550 424.108322 779.354553
1263.999268 590.990173 914.539001
883.134888 736.203491 939.523865
1077.434692 247.912582 890.698792
1223.490479 432.882172 913.035828
737.871643 426.677673 772.236145
978.921997 691.050171 826.466675
924.174927 820.395691 852.304443
1378.788818 264.211121 974.397644
1153.000000 657.000000 889.928711
1149.911987 655.060120 954.850708
891.272400 412.876963 854.474874
1107.046631 304.065155 933.222473
1149.430237 656.850128 890.703125
1122.320038 822.732727 972.725082
812.265332 537.683203 830.479932
1230.139160 780.965271 890.432678
872.000000 857.000000 879.862671
1031.872559 923.893005 888.074707
1109.429810 447.149597 953.861938
914.495972 261.445618 914.543396
1251.582977 241.856922 928.690186
1201.809692 840.765015 975.720337
770.366638 820.376587 729.925903
1141.838806 415.484024 895.880341
872.993530 741.178955 894.200195
973.228210 914.646057 810.190979
795.680623 525.100098 979.889384
1191.301147 429.369181 924.046611
794.770813 661.583862 935.197388
1061.661743 489.108154 928.066406
866.780518 673.446808 907.633850
871.603760 877.790619 887.458374
1338.203308 704.350403 931.689087
890.196655 389.736938 927.070129
1233.088379 795.848450 891.331360
952.940125 848.938324 825.355804
945.127686 935.507202 767.875183
1377.077759 265.922241 973.991699
862.295410 718.101257 907.567993
1001.849548 936.178528 931.990845
1037.050659 392.780660 873.397156
811.643860 671.079468 951.405151
1055.997559 785.194824 946.647675
1427.854004 448.356995 942.046387
1325.449707 616.241821 928.119568
918.514954 999.500305 982.405579
843.898163 335.702728 853.954132
1236.202026 813.125061 892.055969
782.990143 517.882751 912.672821
919.568359 684.065491 990.874695
918.924622 999.396667 982.449219
744.356689 840.062195 711.905029
1033.739990 876.081116 836.688110
898.577026 667.148682 990.043701
916.000000 853.000000 777.829712
742.000000 714.000000 996.079590
1089.087616 352.241692 896.825623
1231.155640 546.458252 916.384583
1191.881714 485.065125 887.349060
1237.035034 814.058167 891.773987
1078.000000 909.000000 840.971191
1036.147868 483.220856 865.390035
984.747650 648.631195 848.045898
754.000000 671.000000 954.671570
996.783630 965.256104 890.041016
1361.990295 281.009720 967.299164
1165.993103 369.530899 959.997253
1429.111694 914.009766 914.481628
1363.923767 631.167114 941.165771
1044.145386 480.736176 868.156189
1427.582520 428.675079 938.509277
870.141052 809.251221 897.981018
1354.727905 883.948425 996.166809
736.640605 715.702555 764.322123
1395.013306 368.849689 935.845239
796.111715 740.847432 763.087931
1058.830200 506.597488 878.471069
1023.000000 820.000000 954.900391
896.245300 419.024536 853.446472
725.851624 677.024841 862.039795
1026.994995 688.026611 829.723511
1100.077759 971.418915 1000.940918
1198.173055 487.895762 888.510844
810.580841 832.763245 744.594543
719.527161 591.915527 786.320679
952.000000 886.000000 788.353271
1229.103027 776.857727 890.862915
1023.425201 819.339264 960.200043
1281.453735 692.637665 961.995789
970.524200 931.712738 778.554840
1287.937256 533.431000 917.357819
838.701477 328.360260 858.486450
952.215393 936.377563 771.586487
869.147430 261.318558 860.039124
1093.958984 937.410014 992.622152
922.008728 402.419006 868.815308
1358.185669 284.814331 966.871704
1204.396606 543.843048 987.775299
1340.301575 729.235168 932.621124
760.234131 711.192322 968.487793
953.000000 873.000000 819.237671
986.297211 837.670471 976.960938
1292.424731 536.322876 912.863953
1189.276245 829.663696 943.518799
1011.956055 659.818542 823.432068
783.745422 307.917206 917.870850
712.399963 423.718842 776.290588
979.284058 705.097778 887.266052
998.000000 902.000000 795.216492
749.000000 928.000000 881.921631
1040.542358 303.156784 943.235168
919.830200 671.578857 912.066650
1238.552856 823.136393 891.825033
922.395386 908.376221 787.973450
732.352661 458.168762 774.001465
1078.000000 512.000000 877.117371
977.905670 871.186523 967.293030
919.897644 674.440247 909.983337
1290.538940 771.409241 945.097473
1385.299194 545.012817 933.924805
727.818481 397.952606 938.652100
1008.916626 865.575317 966.200317
772.011780 942.391357 740.196289
914.212830 980.511993 977.840210
1427.443359 453.234741 943.533875
1000.845174 936.910889 929.823608
1342.200765 775.334696 910.147278
1155.940430 510.882935 987.597168
986.888204 614.862427 845.170410
1054.149699 741.316508 847.138224
1348.260864 786.250732 904.555969
1022.000000 920.500000 955.815460
1105.939087 378.066132 936.930176
911.510132 977.894714 977.197815
873.528076 845.904419 1021.445557
943.166687 938.076416 767.685913
848.883270 343.566177 850.438599
1095.076965 989.200653 1008.607330
1248.255615 626.582458 971.841919
770.062820 891.264862 768.335892
1343.850830 731.628723 962.898254
898.099792 665.813660 990.154236
1161.946472 349.424271 950.648071
917.322408 941.174540 756.025614
979.703491 871.144379 969.830841
742.480286 814.301758 728.410828
1237.998169 567.002319 987.148438
857.000000 584.000000 820.381592
1406.693726 879.440186 938.857646
729.838074 898.758484 904.968872
1018.713470 486.778503 860.448334
1043.000000 885.000000 821.067871
1102.100098 641.493388 899.798014
944.909668 449.602005 848.711578
1113.042358 447.041077 955.640808
1235.020752 809.825989 891.695679
1376.212524 925.007874 907.939636
1425.813232 975.563538 982.502991
717.811035 330.523254 925.465454
756.074463 829.562439 995.133789
1364.259725 782.853536 967.825094
1165.000000 869.000000 866.593811
1057.525146 572.201202 946.844849
747.482483 492.508911 982.403442
988.726532 809.877380 840.607178
1339.735840 712.314087 931.735474
867.090881 638.043518 920.878632
1207.311035 542.616394 986.054138
906.135864 512.079254 830.282379
1340.535400 722.272034 932.127380
937.306152 735.300598 854.144836
884.326050 790.210663 975.572144
973.839172 708.403625 886.288330
689.061890 673.074646 877.229248
1200.041382 442.848602 903.552063
988.263733 811.119019 841.155640
880.408447 843.258698 1026.475769
1198.000000 443.000000 904.798950
928.088013 725.279053 892.306519
1173.250203 390.844035 896.952942
1327.590332 243.100510 925.865173
779.416260 526.915100 911.654948
804.498871 639.478363 931.915222
964.091949 510.888504 865.774323
952.000000 839.000000 852.181030
1072.988607 650.973897 893.488993
801.156311 410.447174 908.906494
1231.744832 789.411723 890.495992
1018.283966 496.453629 879.501404
935.102112 938.494781 763.884094
691.148987 673.006531 875.942871
898.506470 628.696635 911.737956
996.245911 715.829712 888.990967
1084.256917 933.603597 994.510132
953.000000 733.000000 891.758911
1165.054626 365.427917 958.350006
983.980713 902.013062 956.248169
937.820526 730.519714 853.706696
871.250305 846.938660 1021.370605
1054.341268 813.690531 1002.825541
1057.897705 490.426941 896.305786
1098.785645 973.960327 1001.141663
908.963501 625.639984 908.637024
1013.842651 671.152222 820.157776
1338.345703 716.302795 932.301025
1139.495239 417.257141 897.265015
929.435913 869.442322 784.003052
777.207113 357.070618 931.403341
767.992493 402.411621 925.683319
815.858602 574.182861 797.864075
772.758138 860.928853 850.295817
1006.451416 692.388062 818.763123
1238.295898 897.009491 863.590454
1325.275146 243.119522 928.027954
723.737274 596.407532 787.268066
1169.503052 452.106974 920.102478
933.423004 932.370392 972.206909
782.131612 542.419454 889.558105
844.157104 390.134583 936.567688
790.106852 879.709778 914.938293
994.920990 967.308777 889.901947
1155.282471 942.657593 897.216309
905.728149 626.371521 911.816345
796.000000 878.000000 915.093750
1346.480164 730.421082 962.924377
1207.000000 436.000000 905.714050
709.544189 674.931458 868.333191
931.488281 929.419983 970.585388
1062.056152 489.723236 926.006836
781.098938 363.348541 930.389771
1378.941986 351.178940 956.771881
1191.821533 820.014282 944.159546
1041.592285 391.441650 872.736816
1287.101074 529.625854 909.556580
1007.186584 865.597229 963.794922
899.082764 507.350403 936.635529
923.446187 934.562459 972.869629
863.618744 751.321594 783.250671
1118.000000 877.000000 837.997131
1081.825277 647.979980 895.804077
1001.583374 607.405640 847.283325
1097.156413 981.151428 1004.858114
1105.450928 379.186279 939.207947
776.023865 709.855469 936.546326
888.808899 513.031128 937.058105
1400.296143 244.635117 980.786682
1025.642537 485.174540 862.248698
707.507812 675.167725 869.788513
864.723663 752.119812 784.727814
1000.247803 648.171021 891.842285
1354.629842 879.777384 994.837850
936.345642 741.140442 856.466187
1288.092407 901.560608 929.745575
709.701660 708.674011 902.077454
742.736374 944.528549 839.373505
807.527161 538.426697 935.428772
1348.540283 787.735352 903.359497
1087.346191 424.650620 931.573425
1193.933512 739.422567 942.221578
1021.551208 928.522766 972.223267
1067.369914 508.640452 878.655579
1342.741943 865.968689 997.626923
1116.238525 435.482971 892.144043
1022.821045 485.827286 861.519897
776.347595 536.541016 909.996704
757.058411 609.084106 943.109314
710.697388 432.459707 775.538411
1190.593506 825.235291 943.149292
1363.641846 718.261536 965.379578
800.479614 406.352417 908.693787
1376.822388 395.651825 1003.890015
1118.738220 871.845978 941.274933
699.319763 674.054626 872.835541
1236.705688 851.115234 909.688477
1378.928284 397.457214 1004.892395
1373.049011 359.466705 954.071472
1427.918762 458.177948 943.929535
1027.193115 921.027832 957.582825
709.457794 707.973236 903.265015
1074.843750 510.020142 879.288391
1225.575439 638.610413 973.225171
728.935974 476.724304 775.046417
800.571777 406.204498 932.295288
730.000000 892.000000 706.909912
899.884562 943.416097 748.178507
1244.000000 342.000000 922.872070
1101.358032 240.636826 890.929321
1382.275635 378.561035 950.812622
1375.092651 384.265839 957.052002
1108.646240 687.989380 914.438599
1386.765991 892.983215 937.674072
914.500000 904.000000 956.273010
776.594727 535.990601 911.012512
976.308472 635.247040 888.347641
855.788879 480.775116 932.926453
952.933594 603.673615 901.350067
1186.755981 531.737915 987.970093
1196.509155 538.486125 987.817424
881.885376 677.438416 940.151489
1228.049886 771.167847 890.499471
1337.224243 859.757446 998.987427
1069.421143 482.568298 1020.971313
886.964844 793.068726 976.931885
930.568756 778.198914 857.005066
942.125214 698.665955 848.555908
1094.128784 991.610352 1009.312256
949.000000 711.000000 813.060791
1035.412179 220.995780 883.521737
1426.802673 978.681030 982.926727
1427.036499 639.297119 958.703186
925.868001 459.984507 837.261169
754.762309 597.566325 742.695740
1229.352905 549.836182 916.803131
1191.874512 472.886810 979.724731
1348.716827 872.846100 996.204178
1219.220886 892.835114 859.266357
1164.190308 358.554016 954.046509
1298.699951 880.690369 841.006775
1178.305786 506.805145 964.739746
868.320587 825.610626 1062.104675
1179.140686 853.022369 964.260681
1225.372070 759.677948 890.099792
1059.135376 489.926620 907.230042
1112.850342 734.174011 973.095398
845.000000 600.000000 953.527710
1267.362610 609.199524 915.045959
1057.530151 489.836029 898.362000
869.000000 361.000000 923.558350
854.521322 421.894023 917.615438
877.803345 389.981140 926.609985
1356.557861 770.533569 943.525208
873.049316 914.546753 965.201202
1165.791300 906.033162 1018.935750
861.316467 361.203003 923.714294
836.458313 620.054016 799.013977
860.052490 571.548126 816.378906
927.041199 939.139648 760.166382
1154.059082 658.176636 958.082031
907.000000 833.000000 877.346191
1085.326294 934.600769 990.038696
1240.803375 245.544025 929.441742
1118.616089 433.954437 891.573486
1189.026978 533.359253 987.786621
1152.962646 822.743835 901.242126
966.854675 828.793213 879.213135
956.845398 732.122681 892.299316
937.478943 871.134766 789.699097
1328.000000 807.000000 953.985229
1265.338501 603.269684 915.451233
1336.037231 856.535828 998.651794
823.840256 580.304474 799.042343
897.878601 944.409302 747.476379
1184.651571 723.461182 938.106974
951.000000 843.000000 850.350891
1261.658386 776.061035 930.335907
1291.915080 586.536662 972.190043
1005.069824 944.064682 924.853561
958.113800 825.239670 871.240662
1226.618042 555.590556 917.873047
741.740417 615.985565 791.878571
916.629028 913.364319 932.374146
865.668518 729.023071 946.783386
925.053284 940.878174 759.684631
1113.512329 688.602692 918.692413
1327.687988 608.163920 928.889872
937.209869 455.772888 847.092072
1264.757141 596.873627 914.109070
729.985474 466.797089 774.538330
885.667740 924.449387 804.577759
1370.715983 625.607035 943.486816
955.891968 836.145203 984.544108
929.340454 870.920868 783.906769
1321.481445 806.216492 896.508820
1110.776978 784.164917 911.935486
742.243347 669.032735 942.714193
1032.543579 221.984879 882.909851
1409.000000 237.000000 965.881470
1038.925293 219.789261 884.305176
729.470479 602.633830 788.723572
1360.019775 720.213318 965.762512
943.685486 722.053650 822.855896
795.150757 656.590820 956.558044
939.211975 723.783417 852.074982
1193.511719 476.952713 980.747375
845.259155 339.447693 850.835693
1227.058228 767.069397 890.778442
786.112000 662.422119 800.494141
907.496948 509.725708 830.862671
1073.600098 771.273071 849.372131
809.508667 875.625305 885.729919
842.661235 332.203339 800.462646
1057.673340 790.045227 946.133179
822.646790 866.231598 991.953552
1260.409180 777.529724 932.183258
769.924561 894.679443 766.823059
1221.162292 885.083252 926.117218
843.618530 265.186066 913.956665
708.456177 432.084900 772.489014
819.959351 373.239288 933.301697
831.235229 633.088837 795.256470
868.000000 317.000000 923.329590
745.166748 846.076294 906.517090
1058.878703 748.173971 846.951029
1290.005005 638.755798 917.195679
751.792664 832.729065 978.922424
1083.751831 686.241547 883.611420
1082.250366 246.481277 890.171387
823.310547 865.382477 990.215027
1161.502604 458.878866 920.230286
891.000000 410.000000 928.591431
1372.448242 624.187134 944.079590
868.031921 358.781708 923.705688
839.124736 326.663198 792.926493
1192.695679 482.756119 981.117798
965.964539 675.729431 833.393005
681.926636 671.973999 879.668823
1034.087097 331.802933 949.274246
1023.630859 225.304815 880.333700
1163.000000 315.000000 916.923950
1245.554077 243.918617 929.095632
836.052185 322.057587 786.310242
674.347107 543.781342 776.260223
1151.471497 823.412323 901.663361
687.282532 664.014893 830.662292
1060.072347 489.668711 917.550802
838.907125 596.781047 826.650248
1125.499186 428.342285 893.658508
727.662476 447.828796 942.051758
1132.873657 422.510101 895.351898
777.765411 697.568726 939.159058
1217.199341 138.427689 941.605469
1336.359924 756.685669 910.234650
743.570068 950.028992 833.867432
711.286316 529.587911 946.970825
1153.660156 509.274658 987.737183
785.827108 958.035665 714.070862
989.458344 973.962769 890.329315
988.896729 869.321594 968.123861
1336.194092 755.299988 910.152832
800.733866 446.975606 919.303121
1047.902588 216.700363 886.246338
982.784444 982.007690 890.722392
969.064697 515.337402 866.582581
852.000000 409.000000 926.532471
953.000000 753.000000 902.053711
731.000000 894.000000 903.883911
901.000000 412.000000 926.761230
1313.574829 619.074463 941.285889
1463.100871 813.879720 996.566772
1121.883179 735.817200 914.807434
1022.182312 582.092285 874.850220
865.491943 849.078003 1016.411194
881.039612 681.499634 940.281128
1101.924520 388.043081 937.391683
1010.096680 951.436066 920.337631
1330.512939 598.026306 929.877710
918.089905 403.937836 868.312805
920.012390 485.266312 934.764771
998.342377 867.469086 966.474335
1064.001099 433.124908 942.908142
1168.988623 854.255774 964.506042
819.570312 884.761902 900.464172
1290.085522 590.059216 971.851379
985.518921 639.845337 847.089335
962.864868 827.171143 875.580017
856.260193 852.806152 1011.454712
868.000000 919.000000 963.364990
1022.546570 582.589783 875.122131
863.210754 850.114563 1016.342590
947.933258 755.868683 901.928314
868.096619 724.127258 795.036835
807.841777 531.776957 934.441508
1339.229574 765.786377 910.187602
1426.837830 506.808624 966.740540
1140.299683 228.561600 894.126007
1354.340820 724.665731 964.376444
1154.680237 465.758102 920.226196
1294.776062 897.533356 929.848206
932.950378 746.988770 856.684367
1333.575256 587.740631 931.438934
1151.182312 462.993820 920.025421
1035.101440 401.174438 872.093140
1244.000000 638.000000 907.544250
827.695923 520.580485 811.201986
889.215881 663.637756 989.843201
758.000366 680.681519 977.362305
791.036641 669.243429 936.127462
1290.270508 556.753418 920.994812
772.154633 719.053619 937.004547
738.761230 611.968262 789.939758
1426.594482 218.631958 930.454834
897.967102 890.138123 952.899170
833.777008 625.179535 797.469635
986.379211 625.268127 844.888000
860.144928 569.542480 816.574524
1061.008545 752.448975 847.638428
888.795410 662.183533 989.935669
967.668884 671.031250 830.142090
904.462280 834.506897 856.057800
754.168091 485.093246 981.785858
940.590881 710.245605 848.681335
916.672119 489.775696 836.587738
731.837097 819.340088 726.299866
754.769409 579.203369 914.585449
1426.000000 905.000000 920.355591
908.012695 891.789612 774.466370
795.581360 748.672546 771.137024
1013.823730 835.204224 930.052124
832.095398 630.490601 796.316895
939.755402 719.968506 851.010376
799.004089 666.344910 757.534424
865.609253 917.280640 964.682373
865.668488 742.698029 787.942993
884.822611 723.506978 950.062581
1016.265930 574.443207 874.327789
747.185201 952.037211 832.957662
734.986084 608.772491 790.348724
1420.426270 300.271973 975.598450
1354.629557 949.615011 917.396912
1121.268921 880.128011 936.510844
1330.375366 736.317841 910.194824
864.709167 742.020142 786.789062
1333.316040 746.680969 910.261027
1326.633179 723.526733 910.187256
1034.617249 403.006683 871.732758
743.054077 638.422760 985.387604
1091.076945 415.290273 932.849406
808.600830 719.951721 951.231445
877.668121 685.724823 936.473022
1420.848511 300.100159 976.071472
749.389648 632.401001 933.339233
1150.491943 943.994049 896.079254
1078.218750 690.598694 882.827576
808.986572 407.523407 934.137756
1048.571615 777.973714 782.650167
890.855591 945.193726 744.260986
1327.301270 727.372406 910.365143
976.677551 837.246582 979.525330
1057.848877 484.238937 895.164154
985.719696 634.164978 844.895782
1123.800171 897.527786 927.103149
800.292175 731.057495 766.031189
1107.864258 688.697144 919.775818
1239.000000 576.000000 927.218750
1010.219360 495.008423 879.486877
854.000000 734.000000 905.714050
1070.020081 765.776215 848.905823
1033.328003 818.679952 956.040873
1333.589050 590.367767 933.314575
1014.633728 959.000854 915.044942
885.771179 412.673126 927.929016
1073.649902 924.472473 843.887329
1089.406433 244.282234 890.605652
741.195923 631.263611 987.616699
1324.331360 717.064743 910.245026
1298.989014 896.137085 930.853149
872.000000 405.000000 926.989990
1108.536072 639.405457 901.026591
915.347351 405.482758 867.256897
1288.102661 628.944519 916.848816
769.759140 898.276489 765.230103
679.808533 671.952393 880.851135
1038.408569 312.678823 945.359253
1131.000000 884.000000 851.265991
1466.266785 938.213959 1022.190399
1064.750659 757.342969 847.325635
1028.474182 590.235687 875.573853
1015.600861 228.897301 876.494446
793.000000 643.000000 958.560730
930.209106 765.134216 901.967468
1223.000000 246.000000 914.178711
885.662415 787.832642 902.431580
974.742676 520.167877 867.772888
831.882965 862.502411 996.906158
729.385742 828.898254 722.051331
1329.033691 788.731567 902.647583
1401.000000 352.000000 999.511169
743.507874 629.183044 987.610107
1014.814941 228.928711 876.930420
1384.813192 614.066243 948.304647
757.612549 481.611328 981.468079
939.086884 760.533203 901.923035
1318.609578 701.130249 910.788005
923.000000 767.000000 787.666992
1056.879272 213.612320 888.191772
1123.120972 888.994934 931.595337
1229.021759 895.029373 861.126083
1012.834717 669.893677 892.982544
1122.136414 888.777496 931.918610
834.692871 319.450714 783.393005
770.028229 465.830048 980.318970
1057.450195 213.416962 888.333191
1032.736084 820.122986 952.621643
932.619003 878.872009 786.067566
920.020081 766.807312 805.095154
995.713196 331.512634 929.269440
770.492432 578.072998 938.614990
1214.939494 826.746175 973.324565
1408.282878 238.539352 980.127706
763.862152 674.324402 973.594696
1276.934774 769.717712 941.558187
793.562500 533.629150 930.860840
1124.825439 906.174805 922.478088
1325.670288 427.241547 964.699463
1295.326782 922.023987 901.451477
1130.996785 802.326497 853.197164
728.000000 805.000000 883.065491
866.746460 733.314819 791.313904
860.363668 922.647013 962.633260
1125.666138 906.441345 922.160889
962.000000 749.000000 901.596130
919.792053 767.363159 790.500732
1217.098816 886.186707 927.631897
841.091736 858.791687 1001.917053
1377.332438 620.190226 945.748149
913.000000 829.000000 876.431030
1322.053833 711.284561 910.585770
1015.302246 958.255432 916.875732
880.447658 722.743234 950.265416
1428.163940 468.033020 945.604492
1218.636169 678.768219 967.529816
1157.421387 661.404358 956.683411
1098.329132 397.076065 935.860535
879.624878 659.456024 989.654327
741.868123 418.776886 771.641459
1189.007243 731.946899 941.880127
1427.004395 515.149841 969.456970
727.337280 661.845398 955.550354
980.386993 527.034271 869.162598
764.008728 473.947815 980.876587
887.241302 840.643555 1031.599487
734.940796 582.468079 772.018311
1024.384562 879.128703 834.869466
1289.993042 530.895233 902.102112
794.394775 434.189972 978.063049
788.211151 442.028137 978.635345
805.725037 609.708832 861.738800
858.000000 906.000000 874.143311
921.300964 769.674683 902.059448
748.385284 958.098999 826.996582
1371.211304 403.666641 1006.569458
848.152435 856.026550 1006.566772
686.528137 664.626160 833.127970
928.754944 752.008789 812.152435
932.316620 757.120880 857.264923
769.887573 668.265320 969.583801
1374.186035 374.365875 955.970764
789.089478 665.115112 800.432434
883.525391 785.224854 900.743713
1036.266205 322.218155 947.435318
838.868652 859.788635 1001.717407
1219.915527 677.545044 968.448059
1010.254028 705.365723 891.343750
1035.622314 796.126343 952.937744
876.751160 689.681946 936.452393
1098.034668 912.737061 995.572632
1245.886353 787.270569 927.607117
1238.909668 638.044617 906.653442
910.643631 500.770195 833.535065
1116.246826 674.230225 927.179993
760.809357 477.642273 981.172302
699.912537 710.544006 901.321167
954.236816 511.213715 917.326294
770.569931 934.423889 746.093323
1161.276245 305.389099 919.019043
1032.498494 412.007487 870.297709
931.522644 660.497192 989.552429
1269.141602 772.951436 936.198588
1070.771240 483.068512 1025.391113
776.482758 536.203857 884.216248
1160.532867 312.659912 925.458084
1305.618103 891.993866 930.835052
991.349854 696.804993 889.371155
983.106812 529.289001 869.357544
1149.821289 225.597160 894.868439
1298.129761 881.800262 835.300781
927.437347 755.468750 793.201080
776.070801 457.881866 979.759399
1094.448364 406.786133 935.102112
824.756592 713.432617 905.153625
954.228577 522.719788 917.564087
932.065704 770.628906 857.262817
918.349792 1006.227905 984.288086
789.629822 666.850586 958.704773
828.922607 664.069519 911.930115
798.916443 612.392822 868.540100
705.211365 532.634399 940.642029
799.400696 612.125977 869.132202
1094.879272 405.759918 933.937256
769.352478 907.820272 761.002625
1246.233276 572.673645 987.006409
1331.043945 851.996826 1000.243469
889.456482 839.650574 1031.797119
1059.709351 811.584961 1003.107605
905.409607 499.419708 935.749288
1431.849731 983.456543 981.380371
1285.221924 525.522217 900.649170
987.392965 535.632528 870.311198
1217.019328 687.988932 966.081482
776.204529 661.716125 965.436035
1010.192108 566.532288 873.602356
800.868896 426.729065 977.464722
729.479858 708.675873 764.223236
936.602295 735.548157 816.042419
781.880310 449.602936 979.220764
800.453308 426.107574 977.501892
977.617371 988.311096 891.089844
782.304565 450.232147 979.182739
915.110962 774.822388 801.015625
705.122192 440.408885 769.491455
738.668274 528.540649 797.032471
750.589600 964.053711 821.462708
728.335876 833.212769 710.070618
782.013092 688.566010 938.206360
706.270813 534.040497 938.980621
932.349792 765.279022 857.278046
987.411987 658.079712 889.962891
1426.054810 504.720276 956.745667
847.885620 805.275391 992.959656
1426.978271 511.290955 957.267212
1093.241028 997.838562 1013.501373
825.586243 703.570312 906.584106
1324.764893 797.083252 898.906189
1312.242310 887.833923 930.781799
758.096436 605.800232 923.806641
1019.540924 966.462708 910.315186
895.000000 272.000000 847.376831
873.429626 693.979248 932.749451
828.088684 673.944092 910.589355
992.172302 542.686462 871.013672
1426.762512 292.836823 978.745117
946.000000 918.000000 798.648071
1151.000000 924.000000 863.390991
1220.942688 668.412994 969.499725
912.402893 774.237183 902.134399
1421.473999 229.851318 964.293823
1429.254110 645.793579 951.437215
1145.951660 944.691528 894.250122
1006.821859 232.596166 872.875285
961.245850 598.266602 900.042236
1219.857666 135.228104 944.140442
932.371277 744.296814 813.684509
903.495178 778.780701 902.224304
894.582153 783.313293 902.322754
1223.998962 648.873474 972.466858
734.618347 522.179443 796.866455
1020.006897 965.921722 911.564484
1066.427002 210.328606 890.277069
1426.769409 517.464722 959.783936
839.306824 772.801453 769.627808
1329.828857 848.802002 999.934326
824.369507 719.917297 899.731567
1027.460205 687.120117 894.070190
1003.939860 694.990173 810.413147
950.000000 734.000000 872.770691
870.183228 656.175568 989.408661
1158.798096 222.805267 895.584717
860.613708 653.281952 989.127747
995.969543 326.874222 928.711945
1000.443726 492.918060 879.656921
799.589172 736.549438 778.065735
912.597595 491.958206 935.166351
690.283752 712.852905 899.925415
812.342804 607.134827 854.707184
680.666626 715.233459 898.569885
1364.453451 410.705485 1008.703267
727.714844 429.348450 926.324036
786.280060 679.574493 937.236053
1139.939941 865.388306 937.219177
755.873413 606.244263 737.840271
1092.274719 999.221863 1012.986023
1159.890991 222.466934 895.621460
791.387878 960.201965 705.617859
998.167419 550.795013 872.029419
823.835815 723.003540 907.038513
850.705688 928.462830 960.385162
1168.867249 219.672333 896.334076
755.955688 605.838715 737.188995
1222.378418 639.892944 905.319316
768.761292 657.781311 950.997131
831.740280 599.616180 832.996780
1017.000000 829.000000 936.827271
792.000000 218.000000 901.824951
1164.338928 903.381622 1028.433838
1320.895142 882.821777 931.063049
916.913696 925.223083 946.745667
1094.039795 828.235229 850.263367
1358.430847 958.213440 920.817719
1222.663025 658.690704 971.098877
901.000000 667.000000 901.367371
1146.009521 821.959747 920.364319
832.618469 316.541351 778.708862
975.814148 990.404907 891.124908
1004.151550 558.604248 872.791901
769.598816 926.105103 751.537231
768.959025 916.956380 756.955831
1215.228760 697.427032 964.507446
1233.949829 638.674744 906.322327
1384.000000 563.000000 991.961670
1408.000000 345.000000 998.596069
1149.174255 822.522125 910.896393
1432.997070 986.427765 981.657196
827.252258 683.826050 909.302795
1020.164551 598.982544 831.369385
1225.000000 452.000000 911.662170
1029.882056 423.045819 868.514185
868.738708 826.742645 1070.001343
1126.532166 915.028854 917.600525
1466.184082 819.969177 997.959167
920.445984 1009.038574 984.703186
1214.179321 697.914001 963.822693
826.419830 693.696411 907.931305
975.314453 676.894592 887.665466
1322.101685 372.113892 933.426514
1428.361450 477.878662 947.336365
1147.641235 505.307220 987.414856
1161.610779 664.511414 959.767303
1075.689514 207.142471 892.290619
742.096293 620.155579 989.645101
779.153259 865.861389 844.467957
1178.390259 216.708168 897.059753
969.000000 424.000000 956.044189
931.903137 746.266113 822.221252
998.759847 236.366277 868.606588
1225.000000 899.000000 938.428650
825.734100 601.889679 840.809143
1432.871155 285.456314 981.610657
819.063934 604.494263 847.789001
669.836060 538.643494 774.753784
792.963440 614.599731 876.379028
792.552734 614.836700 875.886108
769.000000 903.000000 869.110291
801.373352 529.662659 902.968811
770.826202 529.939026 878.854034
752.985504 968.678619 817.414520
788.781006 329.598053 919.838745
1063.468506 809.678528 1003.615723
1059.494019 627.612061 896.174316
1431.190796 652.586334 944.343719
1317.239868 653.574829 907.752991
1084.952271 203.956146 894.302795
1470.703857 943.216980 1025.273071
842.498779 526.927368 839.972473
842.386169 933.669922 958.468964
1288.540527 661.187195 939.729919
746.301270 410.396271 770.999390
996.215515 323.153259 928.252991
1015.005005 881.818176 832.699280
1051.312134 779.045197 773.088898
1050.776367 778.701599 772.914062
1238.642578 755.522278 958.088379
850.969788 650.657562 988.820618
671.601624 670.806244 883.838379
1021.113403 460.586365 862.612671
1028.272247 429.880661 867.423538
807.008057 418.712875 976.896271
1287.519897 525.776794 893.875000
671.087250 717.703644 897.102753
1181.131348 384.707458 895.765015
1023.246460 304.890198 929.478882
896.364929 823.653809 959.879944
990.411285 240.160576 864.463989
1004.949036 675.976746 893.883789
1229.000366 639.040588 905.751221
1357.301880 417.413132 1010.650452
1362.226562 966.929840 923.936554
923.638672 823.670410 915.168823
728.611633 419.561249 924.478333
786.069458 617.346313 883.096558
1381.000000 267.000000 997.223450
1187.913269 213.743141 897.780762
968.281677 764.000427 902.323059
1168.000000 835.000000 844.860352
1274.384277 649.779053 940.257690
823.538147 729.784729 898.337769
831.187378 313.993774 775.781616
974.252869 247.858971 855.547668
868.462646 827.286377 1072.951172
1426.939941 210.624359 924.474915
1420.198853 578.419617 957.513794
982.284302 243.992935 860.079712
896.239044 837.067719 1037.015686
1285.156128 746.551453 978.887207
1127.863342 923.726074 912.883881
1399.562866 342.229675 1001.084534
1129.140869 932.449188 908.165619
1397.776286 342.750183 1001.474609
984.950928 321.100586 936.181274
1110.000000 928.000000 858.815491
1387.366699 497.150848 916.144043
877.466431 537.989136 845.388428
947.256348 695.318848 892.125427
1094.215210 200.769669 896.313751
700.756551 537.664124 932.010905
922.907227 820.356506 914.935425
823.004456 732.870972 905.644714
1433.410583 659.085632 937.073456
1211.904297 707.466614 961.936829
834.028687 938.813141 956.546600
966.578888 251.729591 850.769989
1071.094910 482.259064 1033.113037
1014.757263 406.001892 930.630615
814.734314 507.718658 980.111450
723.020569 701.268616 762.031372
1329.000000 892.000000 943.919189
825.675354 943.932343 954.544037
1129.000000 819.000000 996.765869
1468.746277 822.847748 1001.253510
1425.578003 519.869995 930.030457
841.492737 648.957855 988.449249
700.579041 448.825043 764.897766
1167.040466 669.244720 960.179901
729.566345 924.925415 826.122681
1423.587036 511.676910 927.622681
840.966797 647.878174 988.508118
1254.467407 578.346191 986.859314
1438.884827 278.117935 984.374176
866.921814 907.054260 869.751343
1023.361145 450.997223 864.130096
1320.535278 427.074951 973.278687
769.282471 279.545288 844.373108
971.247375 996.012451 891.416260
1228.081909 906.190491 944.657532
864.813782 433.581207 928.799438
736.916394 525.871045 806.653687
1197.436523 210.776604 898.493652
730.475525 456.116608 799.492737
817.309469 948.996989 952.462789
935.416443 651.299622 989.060181
741.957642 545.418030 954.241333
945.640808 702.753906 891.649048
1010.043701 593.153748 920.796570
794.000000 860.000000 868.652771
1472.834351 946.537537 1029.175659
926.209106 683.836304 938.588379
1423.421143 572.609375 964.286743
958.684448 255.639679 846.036743
1025.611450 441.387146 865.647949
1091.324219 1006.498169 1018.147766
1350.222046 424.192535 1012.637482
730.036072 518.407776 928.131592
1103.478210 197.583145 898.324493
1162.882202 900.741638 1037.981689
757.000610 614.892944 732.903992
813.488647 411.164886 976.297262
1319.896484 638.451233 903.003479
1215.563599 726.257568 959.546082
1366.105469 975.648956 926.939697
969.462097 998.117371 891.537231
1285.000000 829.000000 897.020630
829.288818 310.996124 771.081543
831.565857 647.513428 988.035278
1435.652405 665.561096 929.790192
740.382528 610.527791 991.860860
1421.412354 345.702881 900.792053
765.174957 523.643433 873.522095
1439.464600 993.870361 980.116577
661.364380 719.707886 896.115051
661.574036 720.448669 895.379211
1239.878296 472.329590 910.688110
1424.293213 513.583893 919.763947
756.281982 975.715881 811.122681
728.555969 511.906769 927.395569
773.898254 898.762146 861.491394
758.657471 611.614380 990.161560
808.935364 954.020203 950.310425
1207.505005 207.639511 899.233582
663.369934 669.591248 886.739929
1112.741394 194.396477 900.334320
850.334656 781.693970 908.517456
1053.711426 779.918701 763.432068
695.720886 542.107422 924.027344
1389.196899 563.229126 913.018860
1358.000000 256.000000 999.053589
1445.065715 270.635844 987.263448
1424.326904 520.186890 915.988525
1343.128296 430.960999 1014.618103
819.945160 403.506836 975.700287
797.112122 326.478729 882.897400
1301.832520 772.061401 914.039795
1437.772095 672.162476 922.583313
804.859741 318.346069 881.323608
759.021912 980.312927 807.214417
800.557068 959.033997 948.150146
1237.497314 469.412415 874.190918
1370.047607 984.376587 929.816467
651.893433 722.659241 894.185425
1161.411743 897.798096 1047.403198
759.465118 517.413300 868.176636
838.840149 852.593811 804.365967
1451.161560 263.247620 990.108917
845.692078 850.059692 798.821594
903.299011 608.740051 979.836792
1335.808350 437.507507 1016.476257
962.475525 690.431213 990.897461
900.660461 602.985229 981.890930
921.000000 269.000000 823.813171
1439.941895 678.712280 915.345398
792.180298 964.064758 946.021484
951.987793 644.784973 960.023743
1374.145508 993.103088 932.460327
1329.000000 927.000000 993.105530
853.000000 457.000000 986.013550
995.066284 626.582336 984.527283
757.000000 279.000000 999.511169
1163.388306 305.296082 565.032593
