759.623596 260.629807 917.359070
1148.313599 218.785339 935.107727
1143.188599 219.429901 936.758789
757.710999 261.968018 917.476807
1146.607666 218.953262 938.285339
1370.440125 438.484650 963.948883
1139.519775 219.970367 938.117798
910.408936 325.692841 922.980164
760.958862 256.801737 916.362691
1151.706299 218.471466 936.855469
1134.503174 220.416112 924.986511
1149.434855 218.649943 938.160645
1132.112488 220.845154 924.402466
763.136139 260.293198 917.632812
756.647034 263.151733 917.601074
1140.530762 219.768356 933.674805
1140.608480 219.772731 940.266703
1370.981323 437.110789 961.342977
1137.168823 220.102722 927.177917
1359.524854 358.285651 939.813599
1151.240234 218.527390 933.020264
763.189026 261.428986 917.998383
1152.981873 218.405609 934.448517
762.924391 258.589952 917.149794
1370.950073 438.880249 960.740234
909.000000 325.000000 925.846130
1358.579712 356.261810 938.960876
907.961670 323.415253 921.436768
1357.798625 357.850667 938.705729
1146.919983 218.892586 939.221436
1132.400391 220.698563 923.483704
1144.022746 219.281804 939.613078
1142.376099 219.455627 931.277161
1133.944458 220.404160 923.453125
1149.291138 218.681488 931.711609
1370.403361 442.628713 964.076396
757.561737 265.667450 918.007202
1370.854858 434.964386 962.987610
1357.588949 357.044484 938.505656
912.406860 321.263794 923.056274
1358.262085 355.562164 938.512390
1359.982910 354.527946 939.414307
1133.830444 220.698547 928.478577
1130.201742 221.149353 923.099325
755.441528 260.496216 917.132629
1359.135986 360.588165 939.948364
1137.714325 219.866791 924.886108
1370.480713 434.599030 964.469543
1369.768328 436.404105 965.997062
1360.621277 352.327677 939.438151
1371.239349 433.471375 961.629761
1370.733643 442.183604 961.258850
1357.514923 361.389397 939.078049
1148.498657 218.741928 930.521545
756.431152 260.938354 913.858521
1136.497314 220.388138 935.148560
1128.304077 221.673981 923.795410
1401.014730 613.338318 971.795980
1155.251343 218.259872 935.231506
1400.926839 612.741862 970.339355
1400.578491 611.038635 971.978088
763.827403 265.114014 918.652384
907.027832 329.235107 923.692200
905.000000 325.000000 925.159790
1127.930664 221.649261 922.824341
918.317566 317.474823 922.233948
1155.535645 218.251022 936.743774
1127.292399 221.834574 923.103129
1357.739563 363.411766 939.343109
1141.516174 219.461876 927.196716
1370.410034 433.244202 965.190918
759.751953 253.518402 915.113770
756.244751 264.063019 914.328430
763.680186 267.998978 918.799998
1401.544751 616.249695 970.886218
1401.498169 615.962423 971.947611
1141.923584 224.344971 937.523743
1362.176392 350.974152 940.689453
1400.443634 610.055374 969.873108
914.000000 319.000000 923.787170
1361.457153 349.974548 939.476318
1370.307617 446.192078 964.703552
905.000000 325.000000 919.898010
910.000000 328.000000 926.532471
754.242065 256.273285 916.199036
1399.853320 607.121851 970.796106
910.000000 329.000000 921.270630
1141.081329 219.430702 925.847107
1371.521240 430.750732 961.942322
1399.777100 606.776449 971.861532
1137.068481 220.286743 940.750671
1401.896667 618.225067 971.884338
922.331360 314.852783 922.033325
1401.984253 618.778564 971.170807
1143.817505 219.176414 927.700043
1355.096476 366.214834 938.768148
1356.836019 366.416524 939.306437
915.000000 318.000000 920.355591
1135.202881 220.580444 937.774475
920.000000 316.000000 918.982910
1370.346720 447.568807 964.068461
1370.491333 446.275513 962.123413
1125.423706 222.341171 923.587891
1399.505249 605.331848 971.105652
1371.329834 430.065552 963.329407
759.027405 270.665131 918.667053
1362.757481 349.088579 940.798828
912.000000 318.000000 922.872070
1370.511475 446.571716 961.583923
920.732422 311.624573 922.223450
1399.177917 603.507050 971.992462
928.410441 227.642365 923.627177
1000.853729 224.063911 927.179382
909.592102 326.514648 917.922363
758.797913 251.349884 914.262085
924.701874 228.078571 923.132004
762.433807 271.012512 918.992218
765.201385 256.218712 916.368896
1003.618408 223.925179 927.006882
1354.040894 370.091929 938.723674
1356.193237 368.731049 939.277222
1351.362223 373.603933 938.193258
922.000000 223.000000 924.015930
1351.096008 375.921280 938.165131
1272.000000 425.000000 920.355591
1349.523926 377.457733 937.832581
1348.453003 379.270050 937.574646
998.906860 224.184341 926.257751
1353.981567 373.243378 938.805252
925.000000 223.000000 930.650391
1349.724487 378.423065 937.842651
910.000000 318.000000 924.702271
1352.962891 374.854919 938.571838
930.299622 227.505356 923.726562
998.108337 224.215576 926.664856
1398.921265 602.160828 971.186707
1402.470947 621.843770 971.255452
1007.036641 223.730703 927.757385
929.000000 222.000000 924.473511
750.100891 248.687164 916.142395
1008.098816 223.699295 927.233154
905.895447 331.913605 922.846497
1346.875610 381.282227 937.242279
930.842438 227.432720 923.849655
997.352020 224.265930 926.219635
1402.616089 622.638794 971.764893
749.509888 249.898773 914.897461
1275.102783 426.346252 922.024963
810.658997 244.028503 910.616882
813.887817 245.459732 911.138184
926.000000 220.000000 927.218750
1145.796631 257.281860 939.575134
1146.466797 258.278778 936.115967
1382.147827 437.757385 952.304382
1345.634705 382.697556 936.980377
1381.161133 440.083221 955.292297
916.903992 326.085480 922.722595
1398.582947 600.212555 972.145386
995.604370 224.358780 926.560181
1122.979919 222.884209 923.129272
1402.794922 623.834229 971.446228
1274.000000 423.000000 922.643311
1134.355859 220.629260 940.858618
1420.476196 271.991577 941.351074
1370.239319 451.460876 963.841171
1270.000000 428.000000 921.270630
920.861328 228.519501 922.691589
1182.618652 253.590393 933.461853
1371.823771 427.153493 963.025187
1012.016418 223.476190 927.579553
922.000000 313.000000 926.074890
922.417297 319.342285 924.620667
1413.921875 425.417175 963.603394
1363.681543 346.237689 940.829187
757.952820 248.948654 913.339905
1412.765503 428.170349 960.637512
994.589813 224.423241 926.078278
746.356964 246.821533 914.385864
815.145813 246.050323 911.337769
1381.252808 433.226593 956.546753
755.114502 241.237381 910.449951
1144.000000 255.000000 936.827271
920.222880 228.599050 922.574097
1421.313477 272.048340 936.765808
808.109558 242.888763 910.205139
1274.880737 424.992188 917.972839
921.000000 221.000000 929.506470
1412.772339 422.241730 961.657837
1140.221313 634.937134 909.142456
1009.000000 229.000000 924.702271
756.897644 246.264908 912.343262
1179.562134 254.311661 936.910522
1374.872559 453.503014 930.620682
1147.785278 253.632004 936.195312
993.555359 224.488419 925.915161
1273.099365 424.843658 925.463928
1374.001587 456.645935 930.401184
745.975342 243.736099 915.144958
1404.275635 232.039078 938.542358
855.478821 901.258362 915.764526
747.771057 239.748352 911.277405
1185.281372 248.743729 933.339233
1159.092529 218.063782 935.247162
1414.762085 425.449341 959.901367
806.879761 242.372955 910.012390
1369.734009 454.651794 927.049011
1133.487793 220.695923 941.355286
805.546834 241.954211 909.854553
747.208130 248.453766 919.447876
853.358032 901.347534 915.499512
1343.993327 384.454030 936.607422
808.000000 251.000000 915.093750
1182.972046 250.438797 937.785645
779.636108 671.961304 763.288452
1139.526855 635.477051 913.099121
798.260803 251.690475 913.451904
1009.041748 227.148453 931.861877
1418.401978 276.155609 937.505798
1398.098755 597.619507 972.152161
741.575134 745.616211 968.057495
883.759399 902.029114 919.101807
992.165802 224.565598 925.999329
1015.950114 223.255971 927.725403
1401.948527 235.371323 939.084249
1057.237183 855.680420 962.236023
1383.023560 432.497406 952.477905
1381.068359 441.066101 951.286499
1383.178223 438.044250 957.857971
1156.000000 257.000000 936.598511
762.011475 273.523712 919.063812
1370.101562 454.411545 963.732834
1413.892944 427.973694 965.963562
1401.666162 238.496252 939.754260
744.729940 243.906817 913.632019
923.865845 310.821533 919.805237
880.066642 901.640477 918.667036
1143.979492 260.317474 939.675110
1373.516602 458.398041 930.279846
1419.575562 276.003387 942.661377
1424.147339 270.164490 942.267883
934.083313 227.316032 923.897949
1365.764404 446.481750 970.276306
1187.000000 253.000000 934.768311
1364.475159 343.684814 940.599121
1059.745850 249.437164 925.738159
774.482849 671.995972 765.779236
1401.315043 240.294261 940.110352
1375.688782 450.542435 930.825195
802.948181 241.334869 909.653717
1059.494019 855.292297 962.931824
1268.000000 426.000000 918.525391
1179.000000 254.000000 930.421631
1056.723022 856.490814 962.833608
739.392334 743.284790 971.533875
1421.434204 267.531128 939.034729
923.462280 310.082245 924.063354
1386.550262 316.518112 952.146301
1385.676880 318.514648 952.017517
988.613342 224.766846 925.957703
1376.009644 449.369232 930.908264
1120.202832 223.586264 923.266785
1144.000000 639.000000 910.518311
794.052490 254.531616 914.873474
741.000000 748.000000 973.659790
1405.990356 229.823410 938.190369
1410.775269 431.169067 964.995178
1054.442342 856.267619 961.365865
1385.361475 319.481049 952.148901
971.000000 414.000000 933.624390
1151.000000 262.000000 939.114990
1014.855591 229.281189 928.419434
1278.000000 424.000000 920.813110
1397.757935 595.643982 972.721375
1159.982747 218.020442 935.697306
756.203979 917.829590 894.074005
743.634644 741.125427 965.937012
1424.305298 269.608704 936.082581
1267.000000 425.000000 922.414551
1364.850098 342.583832 940.675964
771.788208 674.700439 764.264954
899.000000 324.000000 919.898010
1403.400513 627.951843 971.464905
1387.453247 529.927979 962.451599
739.799011 747.025330 977.630493
885.304565 890.708618 764.551331
880.000000 892.000000 757.011292
753.588338 919.774231 893.273092
1162.000000 254.000000 935.454590
1171.000000 254.000000 934.997070
1174.000000 254.000000 931.794189
924.119873 315.319824 916.132935
1159.000000 255.000000 939.343750
739.946716 749.560730 969.277649
757.039856 917.192017 894.316284
1088.774536 225.052246 928.038391
1018.620255 223.080706 927.873840
849.723124 901.530558 915.043762
1388.235168 312.516159 951.996735
1397.362061 593.757080 972.360474
1403.456828 628.154134 971.831767
935.322449 430.014267 932.396942
1370.024316 456.636963 964.683325
803.022461 252.608566 913.578125
1375.307861 436.787323 948.601135
1143.498413 259.667877 934.377563
1054.223877 858.893311 956.134033
1415.784546 422.087799 964.491577
761.064178 274.403702 919.077535
935.302979 428.187531 932.523987
880.193298 902.326172 912.590210
968.000000 413.000000 929.964050
900.043091 331.892944 924.673523
1383.208496 536.396423 969.185608
1173.000000 254.000000 937.056030
1381.425537 531.217102 966.146118
1400.392456 243.435677 940.774323
876.136841 901.365051 918.213379
1342.626587 385.840363 936.280396
889.327576 902.626221 919.765564
1397.050537 592.225159 972.620209
935.333466 426.544067 932.627411
1059.000000 253.000000 929.048950
801.800842 886.322693 981.639221
1381.699463 432.733368 947.751465
799.529968 250.601196 917.903442
1380.809082 439.455322 947.923462
751.529953 921.229218 892.870132
874.844543 901.298035 918.065063
1373.074341 459.998169 930.174133
767.471619 253.020874 915.195618
1367.117371 876.116455 913.695953
1169.000000 254.000000 932.709351
1390.328613 270.666687 940.254822
1384.804663 321.641742 952.562805
1144.894653 262.804993 937.890869
1051.708008 856.433960 959.658875
738.928772 740.780334 976.260254
1366.404907 875.021545 913.760071
1063.000000 252.000000 928.591431
790.835693 251.696579 917.517090
753.841370 237.566833 909.115112
1052.775024 253.385315 926.100586
1057.000000 253.000000 924.473511
1063.123535 854.174011 963.208740
1381.960815 443.801453 953.797302
847.240906 901.711487 914.726318
1389.498006 309.570943 951.619364
887.852905 882.830627 760.441650
970.033244 225.649541 925.952108
845.409637 901.872375 914.488708
1390.914185 268.396667 940.267761
885.978699 886.893799 766.285217
961.471985 226.138835 925.099060
815.000000 253.000000 912.119751
1185.157104 244.816467 932.168945
1065.000000 251.000000 924.015930
898.662231 320.464874 923.569702
777.914124 676.084351 766.106262
1191.028809 468.124359 901.938110
764.049438 552.583984 928.072998
1389.427155 273.688217 940.232529
883.592529 909.542419 913.746338
795.666199 883.311279 983.091858
1421.546265 267.569702 943.586304
817.945465 247.290997 911.776413
1147.274048 637.766724 914.121460
1365.357666 340.129395 940.017700
1167.000000 254.000000 939.801270
1407.677368 228.317314 938.007996
915.571350 229.093369 922.101746
1074.000000 244.000000 927.218750
1399.114807 247.414673 941.431274
933.038269 232.007339 922.640808
1368.104858 877.615234 913.615173
759.905823 243.711823 911.606628
1398.135010 249.578232 941.223846
1401.071362 228.694168 937.594897
1189.227295 469.019480 901.523132
1141.913452 638.188416 915.013550
1138.633789 254.053040 938.616272
862.548279 901.129822 916.620300
1067.000000 251.000000 929.277710
935.456777 433.024897 932.196747
1185.386597 244.653336 936.635742
1398.227417 249.867365 941.689636
872.505005 921.716919 756.868286
798.588074 240.515976 909.507568
1381.560303 530.610779 971.103027
1398.784180 248.409866 941.570923
917.125549 225.757889 931.673706
984.369843 224.990898 926.007294
935.405253 423.671580 932.824178
967.954712 225.768194 925.606689
758.930115 915.733215 895.020081
1383.109375 433.163086 960.368103
973.541901 225.478129 926.176025
1377.393799 444.265228 931.242737
1372.395915 423.702830 962.636414
800.301147 887.255859 978.860107
964.150665 225.976822 925.365326
876.000000 925.000000 766.162231
799.966370 890.397705 979.755493
1278.884644 424.005859 924.515015
1411.108398 432.654785 959.206238
1186.915649 470.164978 900.986755
936.652161 227.223007 924.000671
801.949646 882.171387 984.673096
1290.737915 729.698486 953.931396
1020.824432 222.929436 927.979416
870.741394 920.590027 754.678040
1364.716736 872.363464 913.904022
1387.310913 528.287170 958.199036
1070.000000 250.000000 929.277710
784.991882 242.396271 909.303711
796.328003 240.089661 909.422729
1173.815796 476.362091 897.655334
739.848511 252.816040 916.897278
776.331909 672.361816 756.915039
740.036743 747.628418 981.249084
738.464859 882.753891 696.016327
799.454163 893.147461 983.440002
745.943787 917.177429 902.750122
1369.680786 459.714355 925.634399
924.706665 217.563873 930.648743
1136.424438 632.140015 912.980774
744.756653 916.921875 897.561523
976.010030 225.375381 926.120382
1388.372925 276.880890 940.216248
851.452576 907.188538 922.266052
1065.857483 853.441437 963.391541
862.702332 898.267334 920.604919
745.114624 242.323334 919.450745
1366.108813 337.583466 939.758228
1396.572510 589.484802 973.084778
935.545715 421.466522 932.966146
1391.747925 264.717143 940.188985
1363.794922 870.897705 913.987976
957.465546 226.382149 924.754059
776.449158 669.408325 757.605225
966.000000 413.000000 935.225830
1049.000000 242.000000 925.159790
841.317688 902.252075 913.944641
902.791992 335.893280 923.706970
1188.000000 253.000000 929.964050
1193.540527 466.882416 902.513855
1373.561523 453.824402 921.465454
1050.244873 856.272034 953.652893
982.839325 225.070450 926.031219
1413.551758 420.541290 957.090942
1292.473267 734.253113 955.138123
1072.000000 249.000000 924.473511
791.333984 239.167938 909.301025
848.395386 240.861168 914.371735
1275.426880 659.775452 965.638672
1390.624463 306.909796 951.380774
911.212463 324.288757 932.450378
1408.901428 226.595711 937.723450
1384.572754 410.065552 933.464172
834.008148 902.833344 912.915039
1118.030701 224.131577 923.243500
1341.463135 386.906723 935.949860
1275.432129 657.981140 965.772095
889.932190 883.060852 766.142822
760.216492 556.968323 928.576965
796.000000 255.000000 910.289551
1170.544617 477.867523 896.793365
749.034103 922.901810 892.593353
803.901672 892.551025 983.835266
790.614380 256.812531 914.584961
737.751770 883.982178 695.244609
935.836731 417.849548 933.208008
744.433655 741.129089 959.102356
1049.000000 254.000000 925.617310
1385.349976 407.021637 933.734192
746.532837 737.116699 962.255310
776.369507 680.139343 762.526733
1370.151245 448.751373 924.096924
1185.560506 470.826782 900.656270
762.291931 549.529907 929.826416
830.502869 903.002380 912.373596
1393.675757 259.472278 940.482727
979.464966 225.228511 926.033000
870.578369 901.172506 917.569539
1365.436523 441.882202 972.091248
973.961670 419.715973 931.731445
1144.755249 640.814087 913.463806
786.839478 238.311783 909.197754
1167.759644 479.144119 896.055176
850.534505 241.358231 914.812246
854.000000 903.000000 924.473511
1396.588745 253.174385 941.136765
1177.954956 474.435303 898.727844
883.854004 899.359436 913.042114
1421.311157 281.162933 937.371765
956.416199 226.452087 924.623901
864.080139 901.128662 916.803955
1383.972992 412.713478 933.519501
1413.703491 418.243286 961.839233
849.719360 241.090378 914.406738
889.082520 895.519775 760.500061
1158.000000 255.000000 931.794189
746.000000 747.000000 960.162109
1395.180969 256.027283 940.725922
1362.155396 868.275024 914.080139
737.895923 886.272314 694.552979
1379.603516 526.084839 966.462463
1417.513428 279.932343 941.025146
882.000000 882.000000 761.586792
737.627360 885.828898 694.598002
963.000000 414.000000 929.506470
1410.442261 435.275116 962.959351
1425.710693 266.868011 939.854187
1360.227620 865.143901 914.037089
838.961426 902.459412 913.622009
739.687520 879.751404 697.607422
1069.107483 852.701843 963.436249
1361.218140 866.755981 914.084595
747.564575 257.269073 921.325867
752.128845 912.830383 902.733521
1179.848022 473.549988 899.218689
870.760559 922.397156 763.216858
870.391235 924.708557 758.251282
1377.956543 442.105072 931.374451
1164.143921 480.792389 895.062439
1385.803467 405.284515 933.597595
804.272888 250.496002 918.764404
876.000000 887.000000 755.867432
1390.450928 524.921997 963.472046
744.190506 645.313461 946.419815
913.332184 229.308006 921.889160
1052.000000 240.000000 923.787170
775.876953 664.769226 766.865906
1392.681030 261.854606 940.291085
1047.196411 856.536682 956.319153
910.000000 921.000000 790.412231
851.000000 874.000000 750.605652
761.504242 275.880531 919.151779
878.000000 884.000000 757.240112
976.000000 413.000000 935.225830
1194.840576 466.241791 902.815491
1091.017334 230.398117 927.499756
851.415039 909.176514 920.356873
883.000000 912.000000 917.152710
741.005310 252.637360 920.986694
1386.433960 402.960007 933.886261
1275.439636 664.527252 965.272736
1383.489421 414.827179 933.138814
1288.542847 728.733704 958.024536
1384.052612 324.810204 953.067764
1403.944885 631.483902 971.884720
1288.709595 725.671692 954.771484
1162.391602 481.592896 894.574219
1294.564575 737.561768 954.434631
976.000000 413.000000 928.591431
1386.971802 280.779663 940.222473
1369.862549 459.858893 963.680103
1182.579956 472.260559 899.913605
1367.091650 334.044757 939.466541
1267.000000 430.000000 918.296631
1054.000000 241.000000 920.126770
747.946420 923.616490 892.537127
936.057597 415.779368 933.305440
1391.429260 304.933121 951.097168
882.626526 897.612793 761.442627
1369.439819 879.621124 913.534729
1412.532715 434.260590 966.376770
735.028198 739.348145 985.806824
786.745728 245.068283 915.083557
739.662292 752.205383 974.918762
1409.989380 225.016357 937.470093
803.810425 880.667603 979.157043
792.430969 256.370270 918.828308
1275.434448 654.861226 966.052266
940.910421 227.099747 924.081889
1387.354492 399.707011 934.235372
843.957886 239.927521 913.791565
873.723511 891.197327 759.221680
1291.776978 732.385193 958.936523
1055.000000 253.000000 932.023010
1395.849854 585.986069 973.198502
738.492554 888.661041 693.929413
1401.518356 226.470915 937.129028
1139.832031 254.040695 943.458618
1138.748657 627.745544 910.822632
971.761047 422.932922 933.061462
1367.584717 332.335632 939.476410
1407.037598 457.902985 956.080261
896.150879 903.313721 920.590942
1063.265381 851.260986 956.048523
1388.301270 535.053284 959.383423
891.637573 896.733582 762.584290
1383.824219 534.408081 974.763428
743.576477 884.613525 699.965210
1383.063232 417.025574 932.924255
1385.924622 342.911057 960.478760
887.724060 909.507080 914.119141
1102.141968 286.558482 896.701864
873.000000 893.000000 753.808472
792.000000 260.000000 914.636230
1385.657471 542.083252 967.893494
1071.778198 852.159607 963.446045
783.168457 752.508911 746.952637
852.842163 241.703069 914.855794
1392.945740 910.453094 918.226105
746.917297 746.385010 954.908447
854.954834 894.562012 912.632507
1012.000000 233.000000 928.820190
1391.873120 303.503448 950.963220
1092.735107 290.936768 894.883423
1340.475403 387.734726 935.665161
1094.496826 289.852844 895.256836
1293.089355 737.321899 958.694397
1388.027649 397.357422 934.320099
752.996658 235.165829 908.273621
1095.693807 289.318909 895.477946
1368.079102 330.678131 939.809875
1092.083130 231.956519 924.068098
1378.775635 438.965159 931.574158
858.000000 877.000000 753.122192
1091.553772 232.151573 924.141144
926.000000 223.000000 935.683350
946.425781 226.917720 924.251607
1176.707764 260.857086 934.986633
1380.676392 430.267471 932.117615
1275.458252 667.023926 965.086792
1077.000000 248.000000 926.074890
1091.414510 291.781199 894.600850
826.758240 903.092712 911.756317
1383.276978 290.685577 940.413940
1098.698486 287.939636 896.049896
1168.859131 470.267487 894.739868
1388.745361 339.536896 961.909729
1049.544312 258.250427 928.352783
1385.766968 539.906616 975.872375
743.495972 766.272827 959.857117
1069.297974 246.559204 932.595642
1390.781250 337.079742 962.906189
1382.908813 427.384369 954.296814
751.000000 735.000000 968.397949
850.799683 502.392517 933.962036
784.130905 237.781116 909.164520
895.918701 916.489197 764.142151
1088.991394 294.008438 893.980957
928.685425 425.922882 927.509705
1108.019897 291.857849 896.820496
1154.000000 637.000000 913.034790
1159.511108 257.119049 942.894592
1382.188477 293.606827 940.528503
1164.512939 473.096710 897.387268
775.472839 665.496277 757.969421
1389.076855 393.696252 934.743311
952.032303 226.690182 924.444275
761.011627 914.075317 895.816895
1379.604126 435.583557 931.778687
1407.871460 461.440552 956.252319
1380.024618 433.601064 931.889608
1384.042542 288.647095 940.348572
750.630615 728.968323 966.695190
1386.157715 282.996541 940.211873
733.112793 738.254089 989.044128
1192.000000 253.000000 935.225830
1098.545614 229.797933 923.576721
1388.581482 395.430206 934.596619
1163.000000 255.000000 930.421631
1410.530396 223.880072 937.241272
1382.604736 419.367035 932.653442
899.490784 903.645508 920.996094
1393.162506 334.158844 963.973129
1393.004517 907.434967 920.025665
1368.840047 328.106639 940.008077
1383.569824 327.018463 953.410767
1395.086833 582.637004 973.123433
949.489929 226.818817 924.331421
885.768860 918.116394 768.064392
1270.156006 664.805542 965.626343
849.852051 497.341003 934.446411
1392.446737 301.152771 950.749573
1095.098938 230.902397 923.752686
1399.083130 270.991364 949.022217
882.043945 926.457886 765.345703
1409.253906 224.363556 937.232788
1158.071411 483.584625 893.341461
1047.000000 242.000000 919.440430
831.911865 910.990173 728.024353
1045.000000 242.000000 925.159790
1398.267517 273.498520 949.024658
1274.166382 636.406250 912.723083
777.228271 677.349609 756.346619
1054.144165 862.764893 956.447632
1136.000000 631.000000 907.086670
883.000000 916.000000 763.645752
1274.773560 639.255798 912.855347
762.035278 557.005249 924.203003
1083.456604 218.215569 928.053192
734.610596 228.151978 908.497314
1408.744751 455.855835 958.695923
856.144165 905.057312 746.390503
1105.130798 285.423264 897.257477
889.000000 886.000000 754.952332
883.165680 228.762718 919.322266
1389.219849 907.532532 915.126709
741.382935 769.173279 961.181274
1362.671875 451.934143 970.359253
1381.264811 426.978811 932.249552
862.356750 902.613892 751.697876
1088.019958 217.845337 927.664795
784.060913 847.696472 983.525696
1298.650269 749.745361 954.520813
1275.403402 652.084839 966.317525
915.000000 923.000000 793.157532
848.000000 874.000000 749.233032
1384.518555 344.579254 959.738708
1394.806213 580.962524 973.593781
1394.462577 579.889823 973.136440
1295.871704 741.440918 958.295288
755.921326 237.175980 906.477112
1407.161377 460.310822 960.928406
1397.445353 276.218974 949.041992
1391.505981 525.938232 957.622742
1099.843384 229.375198 923.490784
745.191711 648.889893 947.057739
842.370544 239.631523 913.686554
820.267578 248.319206 912.114258
1393.029785 913.881836 916.198865
815.999329 256.075195 913.511719
903.170044 903.936951 921.455505
782.411682 746.673523 747.508301
1159.657959 226.568832 936.521484
1374.469299 313.185036 940.873062
879.000000 916.000000 760.900452
796.000000 875.000000 980.751709
1393.341797 296.629791 950.337219
1147.000000 643.000000 910.289551
1275.436890 642.330139 913.020508
1136.000000 255.000000 937.056030
1157.381226 252.769043 943.433533
734.000000 743.000000 991.732910
1385.051961 285.951518 940.259603
1143.030396 263.941498 935.043518
1389.888509 390.630351 934.998556
1393.623047 295.051086 950.190308
1273.662842 634.044922 912.607483
1024.314209 222.768438 927.831156
1375.788269 310.177546 940.996653
1408.000000 447.000000 959.247070
875.500488 927.843384 749.121826
1300.750122 753.405151 956.810608
879.165710 912.341187 912.044067
1297.693604 748.388245 958.688293
1386.310791 543.660583 972.878479
740.440369 877.608185 698.684937
1396.679728 279.387227 949.138875
1395.490576 331.242041 964.885120
746.673767 730.310974 962.004456
894.000000 908.000000 919.669250
1383.250244 328.657257 953.690338
1393.183411 905.765137 921.025940
885.587280 228.919144 919.598755
1398.042969 327.970123 965.749451
1411.000000 450.000000 957.645630
1382.267090 421.378708 932.708801
868.649658 926.606506 759.010864
851.858032 882.091736 745.084045
875.813538 898.402588 759.817871
739.055298 816.108521 990.880737
880.021515 228.564659 918.980652
914.000000 926.000000 786.523071
850.835571 509.561157 931.103271
739.504333 892.922913 692.671692
888.786926 879.142883 759.406128
1371.995483 318.874969 940.447220
1079.876221 218.551376 928.050110
1296.512817 744.568665 954.089050
1275.595337 669.938278 964.856323
961.000000 414.000000 928.591431
925.570374 306.714355 920.817261
1394.137634 578.059784 973.479340
1268.303345 661.007935 967.776794
1378.006714 521.913635 966.426575
861.226990 878.534302 749.373291
784.000000 667.000000 765.704712
1381.971802 422.962433 932.546509
1387.125122 316.397461 943.589050
1264.005859 426.268036 918.782715
1244.000000 511.000000 912.806030
1404.307373 634.175949 971.818069
1382.819263 330.921265 954.088696
910.123474 229.584274 921.589783
1397.299072 328.931335 965.512268
1411.623535 431.497528 969.746704
898.000000 263.000000 945.749390
773.990662 612.295288 780.853516
1400.192139 267.913086 949.045898
742.882080 640.510681 945.399475
1370.255005 323.459961 940.343994
796.168579 882.479004 976.977661
1371.102743 321.085134 940.403809
1146.791382 643.423645 914.708374
1394.173706 291.997589 949.915731
743.295959 747.009277 952.572266
738.240906 811.233704 989.992920
1385.587769 580.065796 953.032776
752.262408 233.819975 907.937160
851.680420 504.589722 930.284119
1369.874634 324.699364 940.285721
1380.259839 298.784442 940.740955
1379.674805 525.739624 973.601440
783.469238 671.525635 768.113892
874.087769 912.680420 916.493103
1090.368530 217.668129 927.563904
852.494019 903.062256 745.310547
1372.149170 463.347656 929.950806
861.835144 882.030701 748.480957
1075.694214 852.804535 963.496613
1382.605774 332.029747 954.236877
1394.483337 290.260651 949.767059
1283.197388 421.230957 923.596680
1372.820312 316.891663 940.594879
961.000000 413.000000 934.310730
1012.000000 233.000000 923.329590
799.000000 877.000000 987.386169
896.000000 889.000000 766.162231
741.779846 230.292526 907.040466
892.710266 895.413147 768.179504
1242.105225 513.821045 917.021423
856.279358 242.195133 914.939621
1379.726746 300.179642 940.742615
751.759827 723.065308 969.611694
783.000000 753.000000 751.978271
1392.067017 571.791077 951.341248
820.909622 248.595718 912.199585
1395.337524 285.809448 949.469482
1187.000000 618.000000 914.407471
863.953918 880.311157 750.512085
866.199646 901.720886 753.604797
1192.058228 785.730347 967.092651
1396.525269 237.667404 945.112366
927.403259 310.639313 917.626892
1265.000000 431.000000 922.414551
1417.549072 282.801666 941.201233
1377.123230 306.996811 941.160248
1371.356812 426.661530 950.521179
764.250656 613.047012 777.662628
1339.215902 388.777334 935.283651
1106.995605 284.742676 897.595276
1387.240356 528.642761 953.649719
1406.159424 460.802338 952.863220
921.000000 222.000000 935.683350
888.587433 229.117165 919.883331
935.884552 436.606857 932.028870
1275.281799 649.494537 966.602264
892.987366 909.222046 766.144226
828.000000 714.000000 952.841431
740.125183 895.660339 691.830627
1401.322754 599.563171 955.139221
1379.472290 300.824799 940.695099
860.000000 901.000000 925.388550
1078.195618 218.687622 928.284973
867.692932 916.380371 756.816101
739.000000 749.000000 985.784790
857.000000 895.000000 745.572632
1357.567505 860.804810 913.768066
851.914612 905.805908 743.230347
765.151855 609.905579 778.866964
1399.802734 325.702728 966.353088
1378.312134 303.856730 940.870117
1042.000000 242.000000 922.872070
1422.387085 264.273773 935.525940
1393.034317 915.030548 915.500832
970.883911 426.659576 931.603638
802.866455 905.655457 984.330688
739.150024 733.374207 972.983032
740.413147 771.002502 958.469788
1077.909119 851.274231 963.364349
1166.000000 470.000000 897.707031
1397.526733 318.147095 958.363831
951.000000 231.000000 926.532471
1369.763153 463.397614 963.218536
857.641235 259.974274 857.787842
756.972412 223.777710 841.233643
913.990723 928.775574 790.657227
957.000000 233.000000 922.872070
852.073242 259.334305 856.693420
1390.639730 387.644501 935.167542
1162.000000 217.000000 931.336670
887.946289 903.507629 766.755310
1082.000000 242.000000 929.277710
1112.000000 291.000000 900.909790
894.000000 260.000000 946.206970
1188.732300 786.157898 967.157837
846.569397 880.762390 749.447815
1161.000000 474.000000 893.131531
1276.026855 673.170858 964.555766
757.000000 911.000000 901.824951
855.801453 259.763062 857.424255
891.968292 229.349625 920.184998
904.337280 921.761902 786.138000
1410.050659 453.228058 962.618652
739.794861 820.329651 991.638733
1081.000000 241.000000 923.100830
857.767334 242.399445 914.903076
1423.314941 263.690063 942.704590
847.420868 258.799683 855.760040
1381.906738 444.075653 948.270630
1107.922729 284.411789 897.755905
858.512207 260.074524 857.958069
1114.551371 225.064438 923.354563
1186.208984 239.746094 935.400757
840.000000 886.000000 875.744751
814.000000 237.000000 909.374390
1290.045776 724.503174 960.561951
1396.102471 585.424052 953.276333
733.890259 740.272217 971.114929
1197.508667 464.935257 903.448151
781.176778 237.244789 909.171743
971.836609 423.975220 927.321228
1296.424805 746.634888 952.934570
885.107300 236.568527 920.164490
907.583944 904.220561 922.018636
739.895691 922.008606 904.617249
833.865540 913.518555 731.128418
796.480957 898.627563 979.830505
1195.449097 785.217367 966.962260
1393.528015 904.328369 921.923279
1391.288696 385.000946 935.273254
1276.279088 646.165728 913.236755
1083.000000 233.000000 922.185791
1287.878540 720.878479 954.167908
1407.890747 456.789795 952.708740
739.747925 751.429749 960.463440
1155.141439 484.962667 892.484009
860.000000 895.000000 746.487732
842.995911 904.101868 740.994263
828.142090 904.138550 907.844543
763.555176 616.171875 776.688110
759.181091 561.802979 926.665649
1361.000000 884.000000 915.780090
889.720337 876.262085 760.217529
906.246521 927.690918 785.766968
765.000000 560.000000 926.989990
1401.249064 265.119120 949.075846
936.515015 412.270793 933.472473
737.000000 231.000000 914.407471
745.654907 650.520691 947.301941
839.327576 904.220276 739.162537
851.845642 496.697540 929.943604
1183.000000 622.000000 917.610291
806.000000 879.000000 986.928589
1391.693115 519.442871 960.938660
1276.597534 675.783630 964.272705
763.218628 617.783569 776.208191
880.000000 895.000000 917.381470
1396.387451 587.495728 953.381348
784.210876 757.864502 744.261047
848.480530 896.939575 739.391907
895.000000 260.000000 941.860229
1303.138184 756.127380 954.532166
1357.165222 860.148346 913.810211
738.555420 769.195007 963.205994
1274.950378 645.941040 966.998901
1239.830933 510.758484 910.771118
1242.367920 518.850891 915.110352
1154.557922 485.254395 892.303833
1404.709310 637.253337 971.742655
1017.111348 672.773722 837.082174
1093.192607 217.487178 927.393616
1016.822937 670.045532 838.012573
1393.443848 574.538635 973.770538
1239.198486 511.007904 915.399536
1369.798014 469.031809 963.798889
1080.963745 851.047485 963.302490
863.322083 892.641418 912.169861
1391.903809 382.376236 935.433716
744.000000 925.000000 903.426331
893.000000 918.000000 757.468872
1054.185913 864.392517 957.836243
786.152588 257.436310 914.454834
1396.567871 316.922302 951.639648
1074.412048 219.066093 928.358643
844.231445 258.430450 855.154938
834.000000 901.000000 731.846252
1016.677429 667.772705 838.757202
874.825378 898.811279 752.428406
766.511612 606.881439 780.591843
876.247284 228.337395 918.495819
1026.856384 222.629364 927.906891
869.866821 898.837891 750.091187
1195.807190 623.132568 911.717041
790.070923 846.573425 985.985657
761.752563 545.347046 930.022095
857.045898 889.418579 914.869202
1369.796143 467.074921 964.263611
1369.613037 439.380890 926.587402
823.000000 911.000000 724.525513
789.926147 849.492371 986.016846
1041.000000 243.000000 919.440430
762.918457 667.021851 766.522217
906.697266 229.803909 921.284546
746.629456 725.350342 961.919739
1136.541138 627.397522 907.962708
836.527405 907.245850 736.242859
832.000000 914.000000 721.551453
1072.889404 219.221947 928.314026
1086.170532 296.977936 893.195435
735.376587 227.180969 903.573975
775.000000 851.000000 987.843750
895.157608 229.572895 920.419418
815.002258 522.077209 833.905762
833.000000 713.000000 952.383850
1372.893171 420.176313 962.451835
859.213463 242.611448 914.923401
737.854187 808.814697 989.547546
1369.855103 472.465111 963.890396
952.000000 231.000000 920.126770
843.904114 507.382019 935.355530
842.242798 258.208618 854.732666
1060.485758 220.391129 929.070597
830.000000 915.000000 718.348572
868.000000 908.000000 755.181152
1404.945190 639.142151 971.658569
822.437195 706.868103 953.603210
871.000000 927.000000 767.306091
1016.666138 665.056641 839.601318
1369.012695 464.139343 927.415833
778.262329 684.143311 761.826172
1080.000000 247.000000 932.480591
910.022705 904.256226 922.352173
749.000000 760.000000 948.723511
1278.383545 682.381653 963.466858
1303.152832 755.369080 960.285522
1048.672485 221.273087 929.105865
824.000000 713.000000 951.011230
1046.483398 221.440430 929.033386
1057.945557 220.579788 929.275452
1105.608521 227.643494 923.404297
814.468262 525.391439 833.174296
1400.992676 324.167282 966.773468
740.944397 875.629089 699.565857
1094.806234 217.407753 927.265859
750.261047 751.900269 947.060913
866.584961 867.272156 752.645203
870.652954 871.944519 753.999512
1407.933960 442.080872 963.159363
1396.682210 589.603821 953.587687
1055.419617 220.768784 929.201508
1390.219849 520.661438 954.878235
1393.270020 571.282837 956.518066
1289.396973 789.672668 958.581299
1299.269165 266.678009 924.633972
895.324463 315.731689 922.369751
1052.000000 241.000000 916.237671
1190.333130 793.985840 967.830505
1384.224731 580.952087 949.187744
887.651245 925.540405 759.468933
771.672241 632.418579 772.315063
1062.942668 220.192591 929.070618
1152.404724 486.335052 891.642624
761.708374 672.884033 763.249023
1051.551025 221.055130 929.206177
752.000000 731.000000 973.202271
980.768982 408.587341 931.492432
886.171936 911.137207 767.768738
766.641968 560.318237 921.874146
877.780945 236.752502 916.924072
1044.711548 221.578506 928.938354
768.118164 275.710327 917.222595
1277.266357 678.378235 963.963776
772.952637 843.534912 988.046631
900.000000 262.000000 941.402710
1040.000000 254.000000 928.362671
1029.997925 222.482971 927.912496
1132.192871 308.198242 897.427429
848.651978 515.735229 931.101868
1291.186646 787.182312 963.021118
1018.013379 676.508850 835.635089
1080.000000 851.000000 959.247070
874.262207 228.223190 918.172180
765.529053 910.449097 897.613037
845.579407 512.336670 935.962158
848.688354 875.236633 876.381653
1323.127319 428.083771 938.279785
1016.745728 661.372559 840.712402
763.441895 680.890198 762.156128
1131.435059 308.523956 897.308228
744.198730 759.848694 946.639099
1384.765503 581.182739 956.853821
741.329346 773.655151 957.660828
1052.000000 264.000000 928.133850
1032.734070 222.346848 927.987549
884.000000 835.000000 769.593872
1411.858154 415.270721 961.945312
1065.711772 219.945236 928.668844
854.871460 886.595276 755.144836
809.000000 898.000000 982.810669
1069.238525 219.601212 928.265686
745.000000 773.000000 964.280029
861.216125 260.386108 858.487915
864.513550 884.428467 758.428345
750.208008 744.006470 946.012024
894.814941 903.138916 765.820435
773.425049 244.974930 912.199158
898.744171 229.794983 920.668732
1410.340332 452.413055 953.848450
1410.000000 607.000000 959.933350
1304.190325 255.656248 924.879255
890.000000 845.000000 866.136230
892.211304 853.939331 773.009033
1042.146362 221.770518 928.745361
894.000000 260.000000 949.867310
901.518188 925.164673 796.825317
738.050476 236.265976 917.685730
796.000000 235.000000 906.857910
884.839478 846.825317 870.112793
1059.000000 239.000000 919.898010
1300.859619 263.361450 924.918762
782.680786 740.797913 748.301331
840.396179 257.995015 854.394206
837.000000 905.000000 922.414551
739.535706 759.274170 961.255676
1272.902222 630.453278 912.487000
1017.152588 651.608704 843.606445
1302.791211 259.053448 925.051379
904.888713 229.875326 921.127828
776.321106 240.119339 910.421143
1372.280396 420.527222 952.898010
750.175659 767.588440 952.408997
740.965759 727.021606 975.506042
762.584106 620.875427 775.301147
870.864502 236.670807 916.763123
1288.000000 419.000000 924.015930
742.328247 913.633057 905.940186
815.385193 519.585449 834.454529
788.000000 876.000000 986.242310
1301.929565 261.071686 925.076172
1397.047363 593.156250 953.662537
1407.039795 611.675964 957.822632
741.250305 900.525085 690.308167
1038.861908 221.991100 928.474945
775.441772 661.078979 759.833862
912.438293 927.032959 783.476257
1148.673828 488.248322 890.527405
786.960449 840.700989 983.157166
895.000000 851.000000 770.280151
1198.750366 464.332123 903.754517
1397.367757 597.710388 953.610128
1035.363770 222.202927 928.196625
751.945801 748.099487 971.830200
833.000000 904.000000 921.041870
845.387634 869.699341 749.596680
749.094055 736.931335 949.398804
1185.714844 786.484253 967.161499
1304.609985 758.869507 957.874939
1397.393402 598.951752 953.518661
746.119019 652.151428 947.545166
780.062317 760.269836 752.441528
765.000000 560.000000 918.754150
786.630493 840.170837 987.178284
1198.425781 784.706543 966.805237
901.346582 229.883075 920.860474
794.379150 899.350952 986.311218
769.646484 604.277649 784.348450
1265.047363 656.156311 965.128662
1274.559814 642.304138 967.411133
1135.276428 306.871531 897.870382
1175.000000 463.000000 898.393311
1147.070190 489.074570 890.047760
1371.858459 883.191101 913.439758
737.382812 816.506592 980.459167
1279.395996 685.856995 963.012268
1016.855713 657.870117 841.761536
1409.143433 457.594849 964.773987
891.189148 846.872253 774.676208
830.132935 911.380493 733.879639
735.530212 811.897522 980.829102
1248.499268 511.412720 914.557434
1195.247375 628.123596 909.930939
1402.908600 261.513138 949.310237
1289.142822 790.658813 962.499756
1392.925822 571.884013 973.875346
820.227173 315.571798 919.084513
932.752136 434.228943 923.398621
740.404436 823.237078 992.127180
801.000000 912.000000 990.817749
1382.151001 347.377136 958.476929
1111.499634 225.912888 923.350220
1144.852936 490.238136 889.431503
778.303125 236.755301 909.190137
1322.066895 433.040070 943.911072
1370.789795 434.475250 928.013977
1129.557902 309.325989 897.014893
881.656128 849.943726 870.094177
774.976074 687.132812 761.163513
773.000000 853.000000 987.614990
820.522705 711.528870 954.121277
1397.184937 594.739380 953.697937
1135.705566 631.089050 903.808228
850.439575 909.865723 925.360657
840.528381 879.865540 747.564819
1374.633911 540.042358 970.724487
1243.000000 510.000000 908.001831
1407.455322 601.611023 955.920776
875.865662 842.931152 767.913513
900.000000 918.000000 759.756592
1369.983582 475.649345 964.220886
828.510864 718.698547 955.632019
762.130066 226.735504 844.107117
1248.835815 516.427795 914.849487
1308.201538 228.578079 922.496277
855.629395 909.780151 750.447632
972.000000 217.000000 928.820190
903.024414 904.630615 915.328003
824.483948 600.639282 948.990845
874.000000 915.000000 916.237671
754.000000 913.000000 907.315430
1154.891235 283.932709 904.040222
851.755127 493.385315 936.805847
841.674377 503.617859 935.317688
1139.000000 626.000000 905.714050
1065.000000 237.000000 923.329590
834.393860 884.776489 877.225647
823.519552 316.025238 919.162211
1196.000000 252.000000 932.709351
750.000000 767.000000 960.162109
1370.245117 430.871490 947.253845
855.000000 904.000000 738.023132
913.076538 904.210999 922.788269
1380.921631 579.390991 950.973633
1160.110840 640.387817 913.829163
773.989502 751.304443 753.020569
902.000000 263.000000 948.952271
845.000000 245.000000 925.388550
1392.000000 901.000000 913.721130
977.000000 217.000000 930.192810
1394.348633 902.342712 923.219788
868.572510 862.645142 754.025757
1276.900920 648.901957 913.347229
778.222351 236.154648 909.031143
797.315552 866.678406 982.970337
1297.496826 270.318939 924.297119
747.000000 332.000000 924.702271
1190.000000 616.000000 919.669250
749.086426 751.785828 941.025513
881.225891 925.648560 772.795593
886.656372 853.281433 869.878784
1263.000000 432.000000 917.152710
867.000000 240.000000 916.923950
878.717163 927.001221 746.124756
824.180115 310.976410 919.746643
817.759270 315.202885 919.021461
1009.000000 673.000000 830.905151
877.000000 922.000000 744.886292
1085.364136 850.855469 963.206970
761.901077 624.318680 774.321762
871.044556 228.032913 917.749166
897.000000 261.000000 951.239990
1216.983887 850.652771 878.431274
769.830566 851.096680 988.933472
903.000000 265.000000 940.487610
737.796448 266.681824 920.051453
904.000000 263.000000 943.919189
873.000000 880.000000 749.004272
1293.817383 780.646240 960.671265
1109.567383 226.479378 923.358643
1034.533447 678.777588 861.494812
1241.917725 374.479156 918.657227
1017.000000 893.000000 990.360229
743.893982 321.099854 928.898132
741.415710 780.392578 725.062805
1037.000000 254.000000 925.617310
740.881287 824.410767 992.237915
862.796509 260.569458 858.796936
822.267578 702.893005 952.064331
838.944336 886.817383 871.200073
762.624329 650.690430 770.273071
978.893005 408.254944 938.187195
1097.727905 723.853882 926.121643
875.000000 844.000000 764.332092
825.987223 316.334951 919.214050
1078.000000 234.000000 920.584351
1179.000000 460.000000 899.537170
1117.000000 290.000000 896.563110
1196.440674 617.893738 913.565491
1322.112549 424.812561 942.636353
1355.598389 857.587341 913.590881
1179.816528 623.387756 913.981018
823.630371 598.171326 945.562927
770.217957 742.709290 749.382629
746.671021 719.393250 961.029419
741.633362 635.891724 944.378540
1380.884399 581.847656 952.097778
903.000000 888.000000 918.525391
980.496887 404.571503 931.504761
740.958639 824.583333 992.251017
1393.343384 564.262695 960.978394
782.985474 747.973572 740.078430
731.981567 256.165100 919.804077
885.345032 839.369507 764.292908
1299.796875 786.295837 961.928345
735.562256 640.826660 948.269897
1196.512207 617.260132 913.793396
837.599457 257.689392 853.851379
825.000000 903.000000 726.126892
755.763245 744.410645 962.113342
778.000000 607.000000 779.659912
879.297668 834.225281 771.260498
1294.325623 276.733887 923.704773
741.343872 872.690430 700.669556
1295.263428 274.863861 923.878174
1371.359462 466.213187 929.765198
777.176331 617.060547 780.851196
731.818726 598.568237 935.663757
1376.385498 514.090149 969.927856
731.534892 597.256775 935.353800
936.438629 439.426071 931.963898
892.000000 319.000000 919.669250
968.000000 217.000000 929.735229
850.005493 865.446594 745.758057
737.509338 806.621460 989.142273
1239.973022 378.513550 916.886841
826.811584 604.490784 948.810547
1296.382935 272.597748 924.091064
1386.556519 548.020569 970.797974
792.984619 853.584106 986.051208
1334.000000 554.000000 927.905090
889.000000 361.000000 926.989990
1158.000000 642.000000 908.916870
1153.421631 244.839951 935.743774
899.000000 889.000000 918.754150
1213.571533 853.691101 877.067688
1132.435181 232.751114 941.456177
1279.898132 687.516541 962.775055
849.548218 864.606995 752.744995
856.000000 914.000000 916.695190
771.862183 657.898621 768.807617
845.000000 888.000000 876.431030
915.262085 904.101746 923.115601
893.000000 891.000000 918.067810
760.226990 634.140045 771.778229
840.502319 892.363831 737.026917
1398.686035 241.454941 930.138123
1117.000000 290.000000 904.112671
1033.000000 675.000000 858.357910
1344.254639 923.214539 903.728088
1256.000000 902.000000 883.523071
761.420105 626.882446 773.629028
730.000000 739.000000 994.249390
1340.746582 916.699829 905.937988
887.000000 857.000000 766.619812
891.060791 868.223450 768.483093
766.217407 544.482788 931.836914
797.181519 888.955078 712.779541
1297.585693 727.946045 947.963257
906.273132 918.212769 781.374146
1153.000000 282.000000 900.452271
760.786377 630.600037 772.677429
1200.743164 784.261169 966.650757
1392.783447 378.556915 935.490234
732.133850 599.909180 935.990662
1399.827881 340.579834 954.430664
755.925415 217.541565 840.437012
950.000000 414.000000 932.709351
1289.892700 788.789856 953.112549
1396.595337 541.071960 973.107544
837.548910 238.935408 913.545471
1189.196411 236.738449 934.967041
815.792603 516.879089 835.050293
731.163361 595.255859 934.917572
773.000000 551.000000 927.676270
769.763733 749.480713 748.803955
1305.260498 237.301590 922.503784
1381.880127 584.887695 949.021606
1126.977376 310.426905 896.603434
763.449585 688.221497 758.197876
1360.778687 454.796143 971.656311
797.250183 892.310181 711.986328
1286.854980 719.337891 958.465149
834.000000 877.000000 873.457031
836.000000 717.000000 951.926270
1192.000000 614.000000 919.440430
813.813477 529.258301 832.322327
1272.536133 628.728394 912.431030
1402.537445 322.179153 967.366318
891.000000 259.000000 951.239990
1095.085205 721.239197 923.822998
924.000000 421.000000 928.133850
860.641479 913.796326 754.828430
1299.184448 248.391418 924.219360
855.222412 245.552612 928.612244
857.395325 886.879456 921.124878
1336.049667 391.181183 934.281158
852.000000 888.000000 755.867432
845.406616 888.120789 739.737122
1020.482971 656.308472 843.252930
1383.546387 408.836731 946.934326
1322.064575 435.130127 939.685669
1137.951457 305.717967 898.281128
1050.391846 264.983551 932.323975
1146.000000 284.000000 901.596130
895.242676 845.937134 775.047607
1341.000000 911.000000 903.197510
774.626648 640.766357 772.508362
1337.085083 913.746094 905.447021
755.639221 718.121643 967.491699
770.723389 646.813293 770.455750
1041.523193 856.709473 952.102112
901.000000 892.000000 929.964050
1320.954224 432.285004 935.969055
866.881592 866.601013 760.077637
1399.614502 345.523529 954.027954
1141.670288 491.949463 888.607910
771.508423 755.717896 746.594421
1313.291870 228.682800 923.458496
842.000000 876.000000 883.751831
1400.497559 345.324982 958.429688
828.158997 316.590841 919.257904
1196.850830 614.655487 914.704346
913.584839 927.924500 799.901611
748.000000 641.000000 955.815430
738.820190 719.594849 974.915771
1020.838501 663.130310 841.301208
831.723206 599.006897 947.190613
730.869019 593.328918 934.535217
1264.000000 901.000000 887.183411
1423.957424 226.773071 940.844387
1099.076782 725.197510 927.291687
1370.215495 478.114817 964.543457
1393.252563 565.530701 955.807251
1149.000000 284.000000 906.857910
936.267965 258.849813 918.768209
854.973083 861.545471 755.841919
1381.266235 348.422607 958.005005
1392.176318 567.842920 974.091736
1378.000000 426.000000 973.659790
900.914185 922.714722 762.791016
1402.000000 916.000000 915.551331
1158.000000 281.000000 907.544250
1302.657837 905.673706 893.355103
748.747620 323.846741 919.777527
874.000000 863.000000 760.214172
754.000000 725.000000 975.489990
1332.000000 662.000000 929.048950
1239.900391 374.737152 914.465576
1386.319458 903.526184 912.013794
1218.000000 852.000000 874.372070
887.268616 924.779541 752.324707
940.283630 468.101562 934.940369
1124.094482 308.214050 897.701599
741.862610 903.203186 689.452271
1392.912109 378.033447 935.551819
822.066345 905.394958 906.178040
879.086304 866.126709 758.313599
735.483521 773.110535 721.465027
797.131714 886.976990 713.245850
1416.256958 620.924744 964.060059
1301.624878 242.350632 924.691223
824.000000 905.000000 919.211670
734.000000 739.000000 997.452209
1013.522156 887.721252 991.911316
746.367676 743.478394 987.422302
1386.798706 545.655396 977.662170
894.641602 362.134949 927.697632
786.770020 763.382629 744.255615
822.991272 904.542847 731.599854
766.000000 233.000000 904.341431
1081.000000 290.000000 893.817871
1213.000000 852.000000 872.541870
797.279419 895.794678 711.152161
755.763550 220.997284 835.109497
835.926208 894.138733 908.981445
1182.807556 786.733917 967.103027
776.000000 635.000000 770.966492
1161.809448 638.906189 917.305481
1247.343262 510.398315 907.574768
783.704590 846.917969 975.594849
733.788513 221.861298 911.496216
1283.000000 787.000000 959.247070
1246.423096 506.858032 912.019104
1112.708496 290.886932 906.427429
759.254822 640.752563 770.091980
792.585815 858.673828 984.721680
1300.000000 250.000000 918.982910
891.752136 838.040192 775.788940
745.224792 737.960205 945.628113
873.530151 749.561523 942.386353
1424.368469 228.781776 941.255890
1200.662842 463.404327 904.227753
1021.462463 893.431335 992.955750
739.946838 909.120544 904.678528
873.598389 744.024536 913.576294
1286.875244 715.615295 955.679993
1028.355225 680.000732 855.537964
894.000000 896.000000 929.964050
747.758179 309.675812 920.698914
936.968506 409.030952 933.646881
822.554626 595.355469 948.407959
870.418762 852.338745 765.487488
781.000000 258.000000 914.407471
940.104126 899.236450 928.589172
1292.994873 279.356354 923.465942
797.584290 908.911011 978.844482
769.365784 729.429871 750.008423
1375.885132 516.370056 973.582764
835.913696 247.039688 911.336243
1131.233398 224.386032 948.224121
867.848199 227.842372 917.277124
829.628113 721.662170 955.721680
1329.000000 430.000000 944.605530
973.000000 238.000000 924.473511
733.000000 734.000000 996.308350
887.000000 902.000000 929.277710
876.293030 841.844055 772.561829
906.000000 916.000000 762.501892
938.024927 900.333447 927.714575
891.324707 863.384460 764.094971
917.964050 903.865112 923.552307
761.868958 217.166672 843.744141
864.188660 260.732422 859.071289
762.055908 561.562927 917.156616
1013.111755 644.330933 842.045898
1020.000000 644.000000 841.657471
1258.125244 905.119507 886.344666
1197.078176 613.072083 915.277201
876.245178 927.850342 744.591919
1389.656616 513.282227 959.419189
1180.097656 622.598022 920.918274
1222.000000 847.000000 876.774231
1424.513184 229.322754 941.933777
1293.000000 416.000000 923.100830
890.971191 875.900146 771.127808
956.000000 414.000000 932.023010
962.253906 430.474091 932.577698
941.000000 469.000000 930.421631
883.000000 860.000000 764.332092
899.948975 341.770355 925.393982
795.616455 853.084595 975.573303
1277.317383 650.653534 913.338867
1387.207886 535.865479 951.687805
943.745076 258.696645 919.058614
839.589539 869.679138 747.954468
942.174866 897.511963 929.850891
1224.638672 849.439453 881.916138
893.000000 851.000000 868.423950
797.084351 885.291931 713.642700
747.047974 655.426208 948.018738
758.691406 644.830200 769.042908
818.327881 515.255371 830.684937
1074.000000 236.000000 919.440430
913.000000 885.000000 919.669250
933.726562 259.032684 918.689880
1338.557617 556.718811 926.300720
1402.494507 470.243683 960.501282
906.000000 266.000000 947.122070
817.440552 903.046265 910.091797
1329.000000 554.000000 930.192810
825.000000 922.000000 712.400513
733.669373 778.345886 718.454468
743.149109 769.120239 945.718567
1154.131683 660.315811 916.347290
1357.000000 885.000000 915.093750
1209.685059 853.086609 879.113525
968.990173 431.570251 932.101257
758.172974 648.631531 768.062561
764.137268 803.416443 916.925415
869.663757 747.301147 943.574951
887.060852 846.272644 860.225891
1002.032837 672.848877 834.554504
836.043549 238.428370 913.271019
1414.498169 285.980774 941.089050
1274.003906 637.366333 967.999359
1032.000000 246.000000 919.669250
752.000000 320.000000 924.244751
1123.000000 783.000000 954.900391
791.739746 899.440613 987.087769
1143.000000 284.000000 901.824951
745.933777 738.090942 988.861938
1034.000000 254.000000 926.989990
871.000000 847.000000 762.273132
824.402893 314.962006 926.822876
1391.786153 565.621806 974.183746
1164.000000 632.000000 916.008850
874.360413 743.218750 909.756470
910.000000 924.000000 802.308472
1354.649597 856.039337 913.422668
1261.000000 901.000000 878.947571
1320.452759 655.975281 937.800720
741.686523 770.875610 972.511719
1424.706991 230.288177 941.983663
834.271851 893.965454 740.793274
847.745117 521.855164 928.813477
789.058350 834.628723 988.297668
1295.276367 251.128967 921.961853
1321.943726 423.135284 935.076538
797.281311 897.870422 710.652039
766.667603 223.611771 845.151733
1335.559082 664.434143 935.072144
845.442017 520.444641 936.316956
766.000000 846.000000 988.072510
1298.000000 225.000000 925.617310
765.054321 802.656494 917.382202
1299.644043 244.446304 920.307495
797.039932 883.939026 713.960236
1370.393433 479.725662 964.499420
896.066284 356.714874 926.515869
938.559998 467.353973 932.086243
797.661865 859.920227 978.829834
729.663452 246.856033 910.427002
1288.632935 789.428589 966.499451
1017.825586 643.423328 845.869934
783.763306 735.535339 751.238037
1010.000000 892.000000 993.334290
781.638367 729.921265 751.974121
747.010071 762.697571 942.087341
1155.520752 663.268524 917.183548
1189.078491 452.707703 902.289185
771.630066 849.959473 978.815430
1176.000000 625.000000 915.322510
1392.137085 565.650269 950.617371
1280.437866 689.306641 962.514160
757.014404 657.551025 765.737610
906.000000 890.000000 930.650391
821.600281 699.780640 953.197510
744.000000 723.000000 983.039490
980.695435 401.667175 930.740112
1305.000000 222.000000 924.702271
1035.000000 677.000000 853.782471
728.933289 250.794556 915.977783
994.004761 662.779297 833.839111
895.000000 865.000000 768.907532
764.139526 805.490509 916.318848
1342.286011 555.925293 932.091858
764.962952 805.100952 916.645325
1100.372070 726.493713 928.428955
887.000000 926.000000 773.483032
742.778137 224.293503 902.272217
736.652954 769.493164 723.451965
1424.851359 231.025828 941.445089
732.942810 603.218323 936.808472
854.808289 491.530609 933.482178
1424.845993 230.955435 941.968338
799.688904 912.938904 980.885986
872.174316 848.239258 758.679260
886.921448 852.617737 861.154297
874.000000 922.000000 742.598572
1155.024780 276.814941 905.231628
731.000000 743.000000 996.537109
936.987122 441.666977 931.967529
849.233398 913.196045 738.104980
907.000000 266.000000 941.860229
764.213440 797.558472 918.653442
878.476257 752.371521 940.866028
788.173523 832.833191 981.511353
779.000000 633.000000 772.796692
814.343933 898.629517 986.107910
1184.000000 455.000000 901.138550
1325.998535 436.905426 943.142212
748.381287 927.078186 887.165527
744.775513 649.622986 957.823181
857.724487 858.831299 750.238525
1231.000000 846.000000 880.320190
730.441003 590.210498 933.948328
1391.575470 564.354431 974.181778
759.476868 910.495178 884.856201
930.753833 259.491486 918.586401
1152.693390 657.284286 915.474419
905.000000 919.000000 761.129211
870.596436 745.945129 916.528198
1054.000000 914.000000 962.449829
762.991272 541.967896 932.278503
816.253296 513.827881 835.721375
734.904541 226.047104 917.301208
873.278442 747.827759 912.973694
728.802368 239.511841 907.894775
1334.402222 666.656433 929.805298
1021.244202 887.706665 991.739990
866.000000 850.000000 758.383972
1242.836670 369.595032 917.096313
1293.000000 416.000000 928.362671
867.606018 746.055873 944.207990
733.853638 606.794601 937.681122
738.833984 270.981567 920.809937
928.893616 885.230103 924.404236
1191.750488 798.976379 968.268188
1203.676636 783.662415 966.434631
1022.241638 685.391479 842.254578
749.410034 877.497559 703.926575
795.008911 294.088867 920.992493
1410.000000 604.000000 954.213989
768.876221 736.360474 751.486023
893.683289 366.873016 927.054626
1031.752563 677.560608 866.779297
1410.051392 616.796936 956.930542
1135.792847 247.450439 944.856323
991.822632 666.769653 833.665466
834.000000 923.000000 715.832092
1405.621399 644.770508 971.343842
1158.000000 278.000000 901.138550
784.840088 756.310669 737.888733
1101.318115 727.449402 929.251221
964.508484 259.232585 919.984924
1380.499878 268.860229 944.131226
932.227722 901.916382 926.185181
929.662659 262.570923 918.645020
1130.102051 311.489807 908.703857
923.797302 903.271729 924.528809
895.000000 364.000000 923.558350
764.392151 696.224304 758.115356
820.000000 905.000000 918.067810
1156.364095 665.056539 917.689087
1373.517334 885.613770 913.406372
1047.000000 918.000000 963.136230
929.612610 902.400269 925.635559
771.788330 650.273926 771.852417
1170.000000 633.000000 914.636230
768.884827 723.331482 753.122437
1092.332764 718.574972 921.445557
943.966492 895.853149 931.044128
826.075134 319.275055 927.252075
780.911316 623.985474 780.348877
740.294067 309.166229 928.168640
1083.026245 300.422119 892.299438
766.000000 548.000000 938.657471
783.549133 738.255188 742.590210
943.255920 467.219727 939.345154
1124.362427 307.775055 908.484985
752.000000 747.000000 934.768311
852.102966 872.008606 874.253906
929.479492 264.134857 918.692047
797.254150 900.415741 710.030701
738.875183 759.629150 977.071228
737.170695 804.344635 988.716492
764.371979 807.296692 915.850830
1211.000000 856.000000 872.770691
1003.051086 676.688171 835.568604
820.039795 663.335266 782.995239
728.811646 230.456451 900.665833
1395.777832 899.409363 925.193115
1028.000000 254.000000 922.414551
734.436768 690.236328 923.209778
1383.000000 398.000000 949.409790
1242.777954 371.803101 912.576721
1335.121704 910.186096 908.322815
929.139783 259.433618 918.504492
897.000000 839.000000 773.254211
834.618439 257.378479 853.321167
1047.000000 902.000000 809.400391
1052.166748 912.915100 958.156189
873.000000 749.000000 960.848450
751.180969 319.286407 928.194946
825.722290 306.827911 917.836121
1238.187012 383.890045 916.165649
1328.000000 666.000000 927.218750
881.377014 850.289612 860.437256
747.586578 657.330770 948.277273
896.000000 923.000000 794.758911
1040.000000 673.000000 863.162231
1291.914062 281.467346 923.273560
729.940186 255.270508 914.577576
732.836929 780.957321 716.976990
1287.104858 715.479431 960.347656
1125.412598 287.557190 936.766113
1124.000000 289.000000 899.308411
1239.365967 379.499359 912.267273
1039.000000 897.000000 810.086792
749.591919 724.835205 949.708130
871.549805 928.888550 744.482910
1311.278809 223.544235 921.685303
739.000000 680.000000 966.338989
869.000000 750.000000 962.678650
937.721191 470.262268 936.072998
769.877441 735.823486 743.443848
1387.679688 551.260254 976.517090
1166.000000 637.000000 912.119751
825.693115 608.934937 948.374084
992.105713 369.950439 931.435608
1169.764038 628.565125 917.935425
834.552002 879.107178 868.312866
1280.997803 691.143982 962.237061
1311.496094 223.541382 927.896973
1119.398560 781.149597 954.664795
744.296814 787.811035 725.743713
739.734863 712.222107 973.720520
858.000000 856.000000 753.579712
1337.000000 659.000000 930.650391
744.772217 340.670197 921.922546
737.904968 928.655823 901.411865
736.672058 828.376770 983.561279
753.298950 315.214844 920.610352
967.496246 259.339508 919.943604
1380.422974 269.159607 937.909119
792.451358 913.735545 984.469082
909.000000 916.000000 762.730652
881.000000 744.000000 958.103149
1230.000000 849.000000 878.718750
1093.803101 850.655151 963.017212
1327.255859 910.309753 897.385010
815.249390 919.093079 719.007446
740.000000 678.000000 964.051270
961.122131 259.111348 919.885315
922.000000 917.000000 785.379211
734.999298 693.274597 923.161987
998.000000 663.000000 827.015991
763.274841 221.667450 849.168884
1250.463501 242.243164 928.748657
1323.530884 848.128052 972.556641
851.315918 245.069305 930.293640
929.518433 889.583984 918.777283
1240.494629 523.560059 917.702454
1066.780518 852.462646 977.721802
1023.000000 249.000000 919.211670
853.636719 490.668030 928.790466
898.000000 839.000000 866.364990
1319.401001 653.192017 936.574707
977.838745 717.999634 825.821106
891.362915 314.575806 920.354004
1157.180990 666.746938 918.184845
745.678284 336.452576 918.009033
764.933428 808.126726 915.751569
733.931152 687.163940 923.271912
1339.464111 561.742432 926.847656
814.517517 262.894562 918.314514
756.459686 662.091217 764.536652
1368.782837 527.824280 971.827209
1126.256226 783.862000 959.405151
744.123779 908.795776 685.479248
1021.571960 891.362854 985.319824
768.913269 722.600769 746.780396
1404.131958 320.137939 968.047241
822.606506 591.064880 944.851257
742.563232 771.477783 728.397034
765.273804 704.268311 757.215149
1091.393005 717.697357 920.644989
733.079346 273.732513 921.752319
1370.682617 482.271484 964.861328
811.905090 311.448059 924.282837
1320.111450 437.966034 942.916687
775.800842 694.095947 759.473083
847.000000 872.000000 882.836670
850.248230 869.113159 875.473877
871.475342 738.572449 908.138733
791.000000 294.000000 913.492310
1326.000000 658.000000 943.690430
1167.428467 268.505737 942.639771
1382.734497 414.831726 949.201721
1025.421631 682.278320 847.663696
848.569397 524.835754 929.243774
1248.573568 242.886134 928.901408
771.000000 598.000000 780.574951
903.229309 915.593689 780.566223
1343.634033 918.382935 910.566223
842.000000 916.000000 723.839172
899.551697 859.271790 776.215637
760.000000 339.000000 919.898010
796.603882 854.107300 973.533081
949.121053 258.720591 919.353678
1389.016479 512.620728 954.493835
1240.802856 777.985352 963.232544
1017.000000 251.000000 923.329590
782.223206 718.675598 754.341919
873.339722 746.004395 905.999512
838.284668 890.891418 879.268677
1260.869263 895.909363 891.420227
757.331238 322.861664 928.660522
1298.560425 721.027588 945.860168
781.000000 632.000000 773.940552
765.878418 859.436951 989.613892
1277.876953 652.961914 913.351257
881.212585 753.872803 940.026306
1127.295898 283.717224 937.712830
847.000000 913.000000 728.872192
1322.000000 851.000000 971.372070
931.543213 241.391449 921.411011
746.091431 732.877686 945.583801
1344.660767 560.563416 929.351196
1330.739868 655.801147 943.754700
1264.166260 636.427551 909.353088
957.073120 407.746277 932.083984
1141.174601 304.327611 898.814178
1252.535840 241.530835 928.618970
1052.261963 348.421722 884.109375
921.000000 927.000000 783.777832
937.000000 471.000000 932.251770
783.000000 875.000000 986.928589
953.530090 521.686005 938.490051
1206.651123 855.646301 872.438232
1320.432129 649.279541 935.735046
1043.000000 902.000000 807.112671
1180.144714 786.886261 966.976135
994.053284 364.727234 934.848206
1306.014893 896.245911 887.036316
953.465591 519.899719 938.327057
1148.000000 860.000000 862.704651
969.000000 762.000000 839.140991
886.000000 740.000000 954.442810
1246.048096 243.749939 929.055237
920.843384 928.141113 798.137390
1309.000000 221.000000 926.303711
1090.535156 717.047717 919.971753
1035.421997 675.458130 871.123413
1304.772705 791.091064 962.972534
953.368301 516.814056 937.992943
838.000000 921.000000 719.034912
742.794179 907.446788 688.052684
826.000000 659.000000 781.947632
832.694824 886.290833 740.916687
935.416870 438.446991 922.757080
1060.760864 862.064148 977.541870
923.000000 881.000000 919.440430
1321.638550 838.086914 966.984924
1246.748047 778.170105 962.642395
957.631714 258.986786 919.870504
970.663289 259.455424 920.118815
1078.184448 851.419434 901.308167
729.106567 268.925812 926.920105
823.760254 329.940918 920.161316
1411.330566 413.503784 955.133911
782.098816 884.300476 718.121399
755.841309 667.332397 763.129395
782.231567 720.511597 746.093567
1318.000000 850.000000 970.685730
976.124634 725.999084 824.397034
750.238342 227.974762 835.503357
767.759338 603.627075 771.816650
770.815186 760.862488 745.749634
1378.604736 227.146667 934.298340
790.000000 665.000000 768.678772
771.969543 834.525940 987.028076
766.092834 717.247986 754.263855
765.928894 716.584229 747.297424
732.503601 782.122528 716.303772
749.069885 557.411438 935.623779
1311.000000 758.000000 959.018311
1399.401978 534.171143 974.130920
1273.587891 633.810089 968.415253
746.522705 333.251312 916.059875
1303.302490 907.161377 881.889282
735.635620 696.392090 923.129028
979.828674 706.727051 827.580750
1316.810669 838.305481 970.124939
897.000000 922.000000 797.733032
820.000000 903.000000 723.381592
737.950500 708.857361 975.997375
743.036987 908.689433 687.619486
829.000000 327.000000 922.414551
1399.664429 345.536346 949.636108
1206.753784 783.016418 966.199097
737.000000 807.000000 994.706909
755.226196 672.651367 761.688904
945.448781 894.430522 932.063477
1031.000000 679.000000 843.487671
764.987915 791.915100 920.502625
1235.772705 777.888245 963.734314
750.000000 904.000000 687.921753
1080.000000 850.000000 897.249451
898.578430 909.053833 776.037354
768.619934 855.147949 979.610596
1102.955037 729.138170 930.685072
970.431091 757.063843 846.115723
897.978821 349.109070 925.560669
1014.084106 897.225830 986.443237
892.929932 348.799164 924.271973
1303.002808 794.390564 966.091370
878.000000 745.000000 907.773010
1262.222900 650.723206 970.757446
954.639551 258.880127 919.846619
1143.491211 863.102783 862.122375
792.316040 751.147278 759.131287
952.132288 258.796118 919.542725
728.000000 611.000000 939.572510
1065.175903 850.536987 949.358154
978.076965 703.334290 839.435303
1078.841187 565.290283 944.080811
1157.769653 667.824402 918.705627
1008.651978 251.033783 921.553406
748.508789 554.878886 934.992533
939.666260 683.923523 823.916260
833.921326 890.257019 733.679077
789.000000 297.000000 917.839050
1318.558228 842.019592 973.437439
739.717285 690.621094 972.808411
1295.516357 908.911865 892.350464
1322.997925 639.439514 935.336121
1374.492554 887.027608 913.400675
972.907066 259.538559 920.240746
1075.000000 848.000000 902.053711
786.641113 789.805969 737.942017
735.249146 612.072815 938.925293
1077.983887 560.470642 945.512878
997.535645 362.344574 929.357849
975.000000 568.000000 839.598511
1233.654846 777.890228 963.946503
754.684937 677.432739 760.368713
1290.862793 283.504547 923.093628
733.072937 272.418427 926.715759
781.898315 714.252930 749.035583
1281.909729 694.131348 961.754517
1008.000000 887.000000 990.131470
749.591858 559.852661 936.247864
989.895386 713.812988 830.690674
937.427826 406.218582 933.869395
750.150146 218.904312 837.816895
1338.714233 655.248779 935.100525
866.000000 256.000000 921.270630
1121.497437 780.994324 959.830200
1089.584351 716.426941 919.262375
985.976746 663.941528 831.828369
1024.000000 897.000000 989.445129
757.358215 218.429199 849.498047
953.626617 524.131490 938.678294
741.902588 867.789001 702.431396
834.000000 871.000000 740.768372
782.000000 614.000000 779.888672
1307.000000 409.000000 926.989990
786.681702 767.269043 742.847534
902.000000 888.000000 768.450012
733.211609 314.356659 927.196655
823.970093 656.988342 787.237610
979.865051 727.034973 823.949707
739.146301 824.618225 979.173523
823.540771 695.765808 952.326599
1236.000000 845.000000 881.692871
1138.022827 493.924088 887.676788
1144.000000 669.000000 909.603210
1173.644531 625.838074 920.740479
1321.319336 646.367249 933.057739
814.258850 909.394348 719.900391
1305.775024 895.947998 893.786255
1116.114380 780.951233 954.389404
1090.000000 854.000000 957.645630
750.598328 749.995911 922.811890
1325.000000 842.000000 963.136230
1420.223022 636.159607 969.121704
1039.000000 904.000000 806.426392
1273.433350 632.536072 968.570740
850.926941 876.450806 867.243103
1000.087524 658.372070 836.774719
840.000000 715.000000 951.011230
937.821106 681.304626 824.228027
982.382751 398.311340 934.337341
1325.000000 553.000000 932.480591
833.093384 240.229568 921.152893
909.000000 887.000000 930.879150
832.744812 590.120605 945.214661
1051.389526 900.316895 817.404480
797.025984 904.413042 708.989537
1298.073975 413.822906 928.958862
895.953979 344.376373 923.589111
812.289490 645.918152 951.092834
739.169678 763.006653 727.411011
861.604004 246.559082 932.341675
1300.000000 412.000000 926.074890
1379.575867 350.418869 957.096130
882.000000 357.000000 924.702271
1312.000000 908.000000 885.238831
809.000000 910.000000 994.249390
1390.270752 508.428894 958.100464
1314.000000 754.000000 958.331909
1053.708944 362.243744 889.981099
775.743225 600.910217 791.554199
1243.637744 244.573389 929.227600
1082.000000 848.000000 898.164551
1339.601562 551.634766 924.977173
1038.978027 856.760742 950.121765
818.566650 453.947632 920.524658
1125.000000 790.000000 958.103149
928.548309 271.964981 918.976685
783.830566 880.872620 720.357361
1294.000000 226.000000 926.989990
966.967468 764.425964 842.466858
1013.000000 688.000000 832.049011
1302.017700 410.236450 930.130066
1029.000000 914.000000 821.525391
1056.542847 361.551239 890.438782
737.602966 778.296875 968.571045
1319.639282 417.017517 934.149292
1421.335449 626.817566 972.977173
1255.530314 240.495605 928.406576
733.466064 683.905579 923.348877
1360.000000 915.000000 903.426331
892.815369 371.831482 926.349792
1079.000000 847.000000 900.223511
978.780823 713.058289 824.657837
1000.085571 379.752960 932.999084
1393.740295 374.410675 935.662811
1194.648621 633.902985 907.827881
1048.000000 896.000000 811.688171
1353.302490 853.850357 913.184509
816.827454 510.079498 836.546570
1392.276367 559.576538 954.867371
860.000000 753.000000 964.051270
1132.836670 244.983521 938.737610
822.688843 927.557617 717.628235
818.286499 448.283386 921.285034
782.769592 882.620300 987.816956
978.280762 721.565552 840.225586
787.094971 293.680359 915.581543
1378.765991 222.355392 935.546448
920.839600 416.466370 929.356812
1375.003662 582.836792 949.638672
1117.024414 298.816559 907.894836
1217.512207 780.732300 965.347351
736.516052 700.330627 923.112061
730.000000 737.000000 998.367310
1298.381226 551.752930 934.439941
876.772888 265.801849 918.781311
1335.295532 671.381409 932.022583
879.953796 830.168335 763.267517
1370.977966 484.664680 964.898178
1332.000000 909.000000 891.530090
1318.000000 908.000000 887.183411
740.000000 681.000000 958.789490
750.545197 709.824127 750.638397
837.662964 495.854736 934.911560
1369.000000 535.000000 969.541870
884.133118 755.416016 939.132080
813.141663 533.023010 831.494019
1297.000000 414.000000 923.558350
1273.342603 631.790759 968.656738
1271.855652 625.527008 912.358185
1375.063995 887.851974 913.402451
993.934448 364.286987 929.107666
893.000000 927.000000 776.228271
1231.265747 778.050934 964.179703
732.177429 783.831604 715.304858
744.724731 793.699707 724.591187
1210.549561 782.218262 965.904663
745.940063 345.749054 921.257080
1291.398438 762.755005 952.452637
798.055298 296.846161 923.769775
809.522705 641.983704 951.032959
1032.727173 683.488098 867.465271
975.432983 732.905029 826.309692
937.000000 690.000000 818.322632
728.000000 255.000000 923.558350
734.052490 313.449860 921.115723
745.837479 741.766754 922.424683
1025.000000 720.000000 875.287231
749.100769 632.741089 950.047485
1057.600464 361.297302 890.595306
1036.000000 668.000000 874.372070
867.465637 885.052368 913.850342
746.517822 749.441162 920.899719
1266.284302 542.379517 931.378723
749.767883 714.446167 748.976685
747.952026 553.194468 934.638652
1345.800293 561.329224 935.459229
1113.685913 653.943604 889.277771
764.955505 789.407928 921.223816
1314.000000 554.000000 933.166870
1312.000000 555.000000 936.598511
1081.740845 301.891846 891.923218
879.826477 742.562683 961.265747
1059.483154 914.933411 964.743042
732.994446 635.703430 950.252563
1081.560303 854.752930 899.665222
1017.000000 254.000000 921.728210
1008.210693 685.514465 838.557129
1359.000000 915.000000 898.164551
1047.296631 268.595123 931.539246
1274.740845 541.130310 931.458557
978.113647 711.326111 840.589600
1079.793945 567.443298 947.131104
970.486267 569.272522 843.400085
1291.000000 252.000000 921.728210
1159.454224 275.816772 908.151733
1078.000000 289.000000 894.961670
1193.335083 450.262939 904.001648
811.000000 906.000000 718.577393
772.983276 904.358541 900.622803
764.116699 230.484192 847.644897
1401.000000 915.000000 904.112671
751.480469 703.747955 752.688965
777.239746 701.225342 758.170471
1087.000000 254.000000 932.251770
1023.027649 908.152710 819.527222
1374.307007 510.597839 971.649048
1373.596436 509.077667 965.946716
1303.577881 556.326904 930.200623
761.122742 337.154449 929.359375
745.970642 301.745209 920.566895
1131.000000 786.000000 955.129150
735.060059 718.789795 985.325989
1249.880371 778.281067 962.333740
1371.216980 486.617767 964.981720
810.728943 870.732910 979.172363
732.685486 637.635803 951.347046
1220.806030 780.033081 965.079346
1004.260010 360.542236 930.663879
1282.977722 697.633148 961.174774
1120.459229 288.153381 944.222900
743.865479 761.614319 928.905029
781.134338 710.207397 757.494141
1018.342163 639.740433 846.675003
1203.400370 462.082438 904.924357
1111.000000 781.000000 950.324890
1142.114746 620.781555 912.644226
1136.786499 494.591354 887.357819
1307.319946 910.293152 898.855042
869.000000 928.000000 772.339111
1277.000000 785.000000 963.593750
1012.000000 254.000000 923.329590
1147.206299 854.644409 867.209106
799.465393 864.461609 972.777466
754.520447 907.208801 690.308716
1129.000000 288.000000 901.596130
759.220886 912.537720 880.458252
876.486023 853.342468 861.986084
1373.449585 454.133514 914.124756
1158.980306 670.161489 919.564128
1010.183211 366.966067 931.512057
1030.389648 688.993530 851.920776
1283.485840 699.304459 960.887085
727.631531 237.203903 903.443787
823.000000 924.000000 709.883972
967.181396 761.574097 847.989014
753.552795 687.280518 757.600708
1320.606812 440.021820 939.202759
1246.698853 366.761963 916.092957
1331.982300 855.919250 971.279419
1316.153564 220.628830 922.923218
1422.246826 631.111755 971.328796
978.000000 242.000000 921.270630
1132.000000 238.000000 939.572510
813.614319 456.900360 921.335876
937.935957 445.316345 932.024737
1393.874146 859.736267 978.703064
1371.302351 487.189902 965.630057
730.947510 322.326477 926.603760
1228.373535 778.488953 964.444214
1294.000000 772.000000 957.302490
1100.838623 733.497559 924.961914
1283.704712 700.026510 960.759379
945.000000 689.000000 822.440552
984.279663 394.996704 931.274597
1051.000000 924.000000 961.992310
745.927124 815.829102 719.754700
1257.269165 239.887543 928.320435
830.451538 875.380798 878.402161
893.035889 842.021362 857.642273
1344.986328 927.550232 905.931396
745.377014 825.494446 716.686279
990.149170 376.673157 931.919617
1302.923218 410.856201 923.624084
920.957886 412.619385 929.463013
832.329854 257.159536 852.956360
796.730676 905.938196 708.511646
1421.832886 291.781372 939.090515
742.325500 580.191162 934.258606
780.000000 874.000000 986.928589
745.438293 738.622314 922.853394
1390.292181 463.123266 950.756803
868.219269 261.207321 859.857635
1391.262939 560.647339 951.227844
746.787964 753.437012 919.947632
971.992920 752.440369 842.597046
1380.259766 224.590149 941.831238
733.008240 680.271179 923.439575
1388.574219 397.847595 950.799255
784.788767 791.054087 744.638143
868.786377 273.816650 918.830017
1278.370880 654.871750 913.287842
742.830261 658.601501 942.358154
1080.041748 564.172363 948.980591
1397.000000 916.000000 902.511230
954.459656 860.975891 988.449768
1069.580933 849.029480 904.191956
821.896362 668.276794 785.471130
1344.000000 922.000000 889.471130
738.111511 678.640015 974.789856
1076.000000 854.000000 978.921570
742.497559 760.706665 731.074341
993.000000 662.000000 825.872131
1389.600778 477.430708 950.952593
886.926239 756.808990 938.279053
965.018433 767.244263 846.014221
1158.000000 900.000000 860.645691
1135.000000 286.000000 899.537170
839.681580 720.920593 953.637695
905.384888 885.335022 913.766235
1226.536926 778.849457 964.602142
744.943481 763.849304 938.159058
739.856628 697.834534 970.851318
749.191803 717.787750 747.732117
740.000000 691.000000 977.091370
728.038818 273.710022 922.178711
1079.355469 561.518494 940.188538
1232.831299 507.916901 915.088318
821.000000 652.000000 783.549072
1241.221191 245.399971 929.417603
1059.722534 920.040955 964.130981
1390.227448 464.903984 950.760010
737.774414 672.260254 965.592896
1424.372437 256.848389 939.779419
945.235718 848.719788 990.682922
1139.093994 856.343872 858.482666
740.485657 758.805969 729.668274
779.000000 886.000000 716.747192
1143.686157 303.243703 899.231842
1236.620728 383.854034 911.084045
846.841431 515.796814 922.176758
1010.728088 366.774521 931.598984
753.031067 691.769165 756.322449
1390.000000 914.000000 901.596130
796.854797 286.918884 912.955566
1052.000000 894.000000 813.518372
1405.480225 318.422134 968.655182
1140.118042 863.664307 858.804260
1378.887695 351.243301 956.743408
979.059937 567.269165 845.280090
733.804871 790.683533 714.584961
916.000000 914.000000 766.619812
1342.594604 923.126831 910.494751
930.590149 251.424362 919.229431
865.622681 852.066406 922.472778
745.047791 736.657959 922.942749
1338.000000 921.000000 887.869751
1382.052124 856.053955 976.192749
1079.801636 565.406494 939.814636
870.927795 259.318634 918.078552
882.069641 369.870178 924.375122
1389.629059 475.295120 950.806244
780.538696 707.564453 758.603333
1291.000000 228.000000 925.159790
1035.276367 663.592285 890.989868
827.372253 666.019409 786.725342
1139.042603 849.411499 866.567505
851.000000 870.000000 881.692871
966.864563 765.706482 835.629883
950.119690 904.962891 936.999756
1119.926514 677.698059 916.806702
734.002075 581.431763 931.529297
1383.000000 221.000000 929.964050
746.910339 341.349487 930.383972
827.776306 876.912659 742.129700
1004.551880 254.840149 921.767883
945.735718 688.714478 827.536926
867.397034 847.149841 921.505249
980.595886 571.281494 844.122437
1137.358765 851.926392 857.904297
1405.978394 647.864990 971.169434
738.657166 705.055176 971.795776
734.142456 311.169647 929.284912
975.180725 732.377991 841.449585
982.990234 662.790405 831.120422
745.144104 798.526245 723.692627
906.000000 853.000000 774.855652
734.964417 686.079346 929.010315
1019.000000 255.000000 919.440430
1031.720581 686.564758 866.664429
764.000000 332.000000 920.584351
751.955200 700.370483 753.763489
784.576925 792.769847 744.078654
757.178711 816.665710 912.423279
760.000000 842.000000 990.131470
1316.105591 245.686356 926.045044
826.472839 652.545776 947.249756
879.114624 826.128418 771.541443
1272.635498 530.348450 932.374207
1139.963135 671.445190 910.616028
1010.000000 729.000000 866.822571
1240.587830 245.617714 929.458893
1246.000000 899.000000 884.209351
1085.000000 855.000000 895.876831
887.000000 316.000000 923.329590
867.000000 918.000000 915.322510
1306.000000 557.000000 937.056030
983.000000 243.000000 920.813110
749.924072 635.499329 955.909119
1083.696411 719.707947 917.405334
1299.623047 544.663696 932.026672
1399.603516 530.756348 975.738037
973.000000 239.000000 916.237671
1419.000000 608.000000 963.364990
751.841492 570.165100 938.953552
1063.000000 862.000000 980.980530
870.000000 750.000000 969.999390
928.341370 274.975067 919.112183
853.801941 486.455048 933.944885
1140.321045 847.024658 859.418945
976.958740 725.525879 841.860291
1330.000000 399.000000 934.539551
777.511475 890.378479 714.891968
1057.400146 909.709839 964.452576
1321.127808 410.921295 934.490479
809.515198 637.443542 949.829773
1264.800171 544.566223 927.615112
883.000000 256.000000 951.011230
1014.000000 639.000000 837.310791
1326.030518 642.955566 945.077271
934.000000 877.000000 921.728210
826.669800 646.536804 947.863892
1376.730469 224.545853 940.379150
840.245544 255.433304 919.075684
1160.052490 672.164307 920.414673
746.089722 811.170670 721.147919
732.000000 729.000000 999.511169
1328.522705 382.024017 935.355530
737.473267 704.450745 923.107056
1079.816284 568.872314 940.527100
1193.341919 801.870972 969.883545
748.612244 721.083527 746.455902
863.000000 751.000000 948.265930
1187.787109 231.793274 936.650940
1258.717627 239.381854 928.221924
1134.671794 495.709717 886.773356
1044.000000 671.000000 863.162231
1378.416675 351.810315 956.504565
1113.000488 794.241821 936.053589
1321.278564 441.901093 944.180786
1134.000000 785.000000 956.959351
1252.937744 778.402710 962.032532
1389.830933 469.005737 950.607788
872.000000 839.000000 925.388550
914.000000 885.000000 932.023010
1081.796387 561.277405 946.401917
758.667725 713.620056 969.230103
1029.343994 661.620361 890.704407
731.968491 786.567398 713.999649
1268.225586 903.383240 894.124573
872.629700 278.569458 919.322388
1155.536865 235.610870 937.093262
996.335693 731.370605 918.657715
766.139648 539.383606 932.844360
1014.000000 717.000000 877.574951
736.470947 616.651306 939.987061
1262.000000 901.000000 896.105591
1372.448975 410.674316 950.422424
1291.365479 765.674805 952.367615
1338.668701 563.224731 938.272461
962.688049 890.205139 796.162109
828.560669 519.950012 835.776184
1298.639038 548.032654 937.744995
1060.531291 360.601349 891.083639
1078.000000 852.000000 978.921570
1389.744832 471.940308 950.696920
789.382507 872.604126 717.442017
1048.261597 363.584946 889.096649
1080.087280 558.375427 942.111511
889.780396 758.101379 937.415039
997.000000 383.000000 933.166870
1421.159546 283.533508 927.125000
1169.467285 271.569794 940.808655
1271.581299 624.242493 912.331238
1309.951782 911.070801 899.471558
1288.861938 692.100647 912.764832
1110.636475 788.407227 933.744324
1270.990479 528.146606 928.202332
1317.860962 831.252380 968.330933
1176.316947 787.041024 966.729780
937.843953 403.879868 934.104736
1352.235413 852.126740 913.022034
1387.976196 856.009399 983.088501
752.457642 696.382446 754.953857
934.699280 677.221130 819.307190
812.436218 705.710083 952.818604
1308.598877 799.270081 963.613464
1389.264282 544.005798 951.237915
767.000000 866.000000 990.131470
808.000000 919.000000 714.916992
1032.000000 897.000000 807.799011
874.111755 752.584473 913.190125
923.820190 880.418335 914.740662
951.761963 904.343872 928.612244
869.667175 843.610352 920.600586
867.842651 266.071106 917.300537
802.790833 306.813965 918.892639
1292.000000 789.000000 947.350830
784.312343 795.767779 743.222421
764.889598 786.857137 921.948374
998.000000 248.000000 920.126770
1054.000000 898.000000 812.832031
965.104553 767.135071 848.796021
1123.000000 666.000000 906.857910
1006.652222 729.321228 869.538513
1374.000000 225.000000 931.336670
777.000000 887.000000 708.968872
1286.000000 850.000000 969.084290
967.634338 791.406738 930.331482
949.000000 899.000000 941.402710
749.585449 707.485413 956.653992
1036.656616 667.627808 890.084778
763.683655 290.295898 917.238098
823.548706 690.922180 952.246704
1383.000000 421.000000 974.346069
823.480347 639.114075 948.671204
1394.444580 371.326996 935.765503
1333.000000 919.000000 886.725830
979.131226 697.284546 841.178162
877.549011 861.700073 928.042419
878.000000 747.000000 903.655090
1239.426758 246.015616 929.555005
1306.019653 850.548401 970.306885
953.759277 905.932312 931.401428
913.645386 882.760925 913.956482
744.526123 734.157135 923.030914
1353.000000 911.000000 892.445190
1312.782104 808.377441 965.669983
878.000000 359.000000 924.473511
1161.443848 900.425781 864.590393
1314.735718 812.177185 966.406616
1080.451904 303.363190 891.542358
994.944824 729.777771 917.615417
825.544312 642.885681 947.788391
827.587280 658.057922 949.466980
940.000000 875.000000 921.956970
781.000000 290.000000 918.296631
743.000000 716.000000 990.131470
812.785339 534.964600 831.068848
795.017334 271.918274 913.512329
788.462646 796.203857 735.885803
1137.043750 284.108228 938.172046
951.681030 476.664062 933.575684
895.193970 245.684265 923.842041
1116.859009 668.240356 906.385315
793.456787 917.052795 980.700073
1290.000000 788.000000 946.664490
974.005310 746.355042 842.917358
901.061157 762.680847 934.064514
752.663757 573.891968 939.945923
892.655701 759.338013 936.550659
815.000000 653.000000 780.803711
1123.678467 784.860962 964.438843
856.884705 755.860413 966.587891
963.795959 772.612427 837.665649
743.610901 756.681396 733.097717
1241.000000 844.000000 883.294250
1136.702637 285.399796 938.310120
748.974915 218.109695 834.521179
1058.000000 924.000000 963.364990
1031.000000 915.000000 827.702271
756.160095 715.601379 952.338684
962.151733 776.253174 847.877014
746.047974 807.722046 722.040039
801.767822 302.610596 924.814209
769.417480 217.718338 846.572388
837.523926 488.987335 932.737000
868.416687 261.250549 915.244080
822.334839 444.176239 923.033691
1290.361938 909.218811 893.805969
1399.453857 351.380829 946.609985
1320.000000 554.000000 935.225830
1247.845337 363.563599 914.857056
999.955444 735.525024 921.355225
989.218567 391.899567 931.688782
827.948730 276.833252 915.704712
1268.840332 544.262695 934.258606
1194.387451 636.728455 906.779846
1400.586182 527.848999 974.587830
730.000000 923.000000 902.739990
787.695862 773.877319 741.298340
812.000000 870.000000 986.242310
1143.000000 846.000000 861.103271
1289.000000 907.000000 890.157471
748.203979 723.509064 745.498749
863.962952 742.524780 930.603516
1044.000000 660.000000 886.268311
755.881470 826.002563 714.850769
989.000000 245.000000 920.584351
777.000000 289.000000 917.152710
732.479980 675.860901 923.547791
1405.000000 916.000000 904.798950
795.737244 284.236237 912.225769
1032.700806 712.572998 881.875539
740.771667 776.993652 975.122742
1034.000000 661.000000 879.862671
783.401489 502.359467 931.360046
870.075623 261.429779 860.220581
895.561707 760.522766 935.685791
1234.523438 388.925659 914.347229
882.000000 838.000000 925.846130
964.518991 789.254595 928.043004
1391.956177 562.968811 945.167053
813.380432 607.378052 945.972107
904.004700 763.795288 933.214539
742.784241 349.704773 921.139038
1088.000000 848.000000 953.070190
1008.996460 691.143860 837.307190
1348.000000 924.000000 889.928711
1320.538940 407.239563 933.636719
938.002991 861.400757 983.041809
830.044312 889.913696 905.970215
1287.756409 289.471024 922.575470
1268.000000 626.000000 967.940430
1031.000000 906.000000 803.452332
815.000000 904.000000 994.935669
859.628967 514.333252 936.936951
729.089966 219.836975 913.938538
1257.332642 642.086548 968.374939
778.645630 871.813599 979.363586
1382.482544 852.060669 979.549622
974.712463 741.063049 841.090149
953.000000 876.000000 799.105591
1395.766846 692.677551 965.843506
986.583496 384.573273 932.514954
1028.000000 657.000000 890.614990
741.852966 786.858215 732.179688
781.013672 705.415283 748.625854
1040.182007 857.252319 944.518555
745.905792 805.352112 722.553101
877.000000 837.000000 926.074890
1301.000000 911.000000 879.862671
1396.362183 691.904114 970.561096
1315.753784 820.393921 966.586609
1054.495850 906.954407 960.514099
1341.545166 547.673401 927.078003
1255.489502 778.516418 961.784302
1286.998291 685.070679 913.049011
728.224365 616.088440 942.922241
1160.889567 673.711894 921.138346
1107.000000 781.000000 949.409790
810.643066 657.839355 950.544739
1310.653931 793.882141 962.754944
1292.423828 866.280212 973.191528
981.000000 565.000000 839.598511
1287.120117 867.419647 973.546112
1132.947754 496.597290 886.263336
889.000000 740.000000 965.652710
1080.230103 559.036743 949.902527
1020.000000 727.000000 874.600830
1212.000000 412.000000 926.761230
1290.963379 866.594788 973.289490
977.114441 718.210083 842.902710
1203.000000 420.000000 923.558350
962.779236 788.173279 927.401794
1088.000000 847.000000 897.478210
871.215942 276.682709 925.524536
962.000000 520.000000 945.520630
819.583496 268.550903 919.005920
840.298401 895.258606 876.005310
951.869141 455.903870 934.191284
1290.000000 696.000000 906.629150
1346.311401 851.926453 972.685364
1114.079590 796.364441 931.558472
1101.573120 641.664185 899.697479
1394.867269 369.480235 935.823405
954.004211 470.494385 932.677368
818.685730 897.141968 981.442078
1135.809408 288.793660 938.672424
956.000000 520.000000 948.494690
1018.074585 726.474792 877.438599
1157.188599 886.040405 863.758850
938.833618 863.990234 981.678406
896.208801 276.444397 933.351868
1333.000000 855.000000 959.475830
858.499634 247.523605 936.465271
1032.339355 896.312805 819.914978
982.000000 742.000000 843.487671
1036.725708 856.793335 948.328613
1091.368042 253.514023 932.663696
1099.365784 642.378906 899.266632
920.000000 914.000000 767.992432
1362.000000 912.000000 904.112671
884.000000 823.000000 771.652832
1096.000000 855.000000 954.213989
1337.000000 859.000000 969.313110
1286.901733 291.098724 922.439331
811.199158 902.878540 908.920959
1373.061035 503.277710 968.744446
775.284729 902.811707 901.481567
1144.000000 901.000000 856.756531
750.830444 823.127869 712.738525
933.411682 474.406616 935.160400
892.000000 843.000000 878.718750
1198.184326 851.882141 871.586975
747.100281 758.338745 918.710022
1424.849609 626.888367 971.365356
871.323547 857.186340 870.325256
820.523499 438.703247 921.390503
1351.495687 850.941579 912.910095
754.462382 581.922201 942.175557
742.018250 752.546997 732.630188
1386.000000 219.000000 929.048950
1414.176514 298.233826 940.122192
1370.720215 430.808807 919.357300
1300.000000 558.000000 936.827271
965.207764 886.366516 798.607422
1275.734253 547.097900 933.238281
1079.647705 555.468872 944.657776
741.026672 698.394958 984.384460
837.614502 726.758118 954.849243
1294.526876 865.826304 973.050659
901.895935 905.191528 954.153931
989.000000 660.000000 825.643311
1089.513916 254.097198 935.963745
727.673950 914.265747 905.475525
1202.000000 252.000000 932.709351
812.906189 224.071304 911.266602
990.000000 258.000000 921.728210
1388.000000 850.000000 977.548950
953.000000 873.000000 802.079712
858.414307 881.067139 923.675781
966.984680 436.882660 931.369995
838.781372 304.120667 918.739502
1011.832825 727.072510 877.313538
1161.000000 296.000000 904.798950
763.000000 908.000000 882.150391
1371.348022 222.106171 932.082092
1343.000000 857.000000 971.143250
811.000000 656.000000 776.457031
819.702454 270.886505 914.748657
982.134705 666.344971 841.808899
992.743469 727.263916 915.951599
1122.000000 662.000000 906.629150
830.991028 585.075867 944.425293
804.994141 307.511353 925.234985
818.747620 614.776978 948.193665
1279.138224 657.627523 913.209167
1316.307251 827.258972 967.172485
773.697449 784.857361 739.434570
1023.455933 709.108826 874.015564
1142.240234 870.220398 855.891785
1063.329254 359.944153 891.536667
897.000000 842.000000 878.032471
1254.000000 911.000000 885.582031
844.721069 286.055328 917.047058
1040.000000 912.000000 827.702271
1116.000000 653.000000 882.150391
943.000000 874.000000 922.185791
1016.000000 636.000000 840.056091
1333.000000 901.000000 908.459351
1288.091553 696.737061 912.383667
1315.000000 801.000000 963.593750
736.225891 280.400543 926.170349
738.491943 708.723572 923.111572
797.000000 921.000000 992.647949
795.666321 742.710999 761.884521
1180.000000 478.000000 883.980591
736.203796 582.730347 925.488647
966.843872 883.036926 799.397461
877.000000 283.000000 918.754150
755.096252 584.675293 942.980225
1314.812134 403.401001 929.863586
790.863342 761.958923 760.593872
1285.026855 867.867371 973.685669
817.456360 506.013428 837.441650
1297.000000 690.000000 910.747070
1257.834839 778.633087 961.557770
1265.549194 783.388000 961.367676
1294.289062 849.694702 972.828430
1155.664673 864.535217 868.050354
764.978210 336.462524 929.524414
927.700974 292.385643 920.197205
961.019653 564.458862 839.820557
1299.105591 850.114075 973.594910
896.000000 852.000000 784.006592
1096.683197 643.247437 898.708572
751.020020 229.859131 830.349915
760.399536 748.372131 964.078613
962.838989 776.590027 838.379089
883.000000 315.000000 920.584351
843.762695 290.006897 917.873657
863.126709 740.926697 937.977417
980.208252 743.002563 851.994934
1128.000000 662.000000 908.001831
1125.362915 655.300964 885.326782
805.867126 288.844177 915.237000
960.374573 786.755371 926.739807
729.183044 625.800232 946.487671
871.597839 839.284668 918.505493
945.000000 806.000000 856.527771
818.174316 713.128418 773.571838
1018.892731 636.299362 847.299164
1044.878589 364.426892 888.553162
1369.542725 508.293121 968.600525
907.210632 764.975098 932.315918
1111.250488 785.597168 929.368591
845.694153 532.389587 927.346741
791.665649 825.136841 980.351013
996.000000 385.000000 928.133850
1145.109131 889.995911 863.206970
749.000000 928.000000 881.921631
1025.000000 656.000000 891.987671
1286.178833 292.471405 922.323914
739.860596 219.662598 897.220276
1161.000000 884.000000 862.018311
781.000000 876.000000 992.876709
952.000000 521.000000 949.867310
778.081238 599.770142 794.304993
983.700562 574.220093 844.658264
1302.769165 859.674316 974.513367
861.937622 748.598022 932.161133
827.905334 283.581543 917.888367
774.005127 829.256226 993.220459
826.923340 277.141724 920.801147
866.026062 250.155411 937.549500
828.000000 928.000000 709.883972
979.534119 675.294800 841.002625
1146.000000 881.000000 858.129150
1338.658936 857.292908 975.333496
814.275970 714.027863 772.109467
1104.629679 640.673665 900.281047
865.015686 738.674744 929.014343
1011.956055 659.818542 823.432068
1133.705485 296.808421 939.429769
1246.712158 499.955322 911.374512
1133.600983 297.227448 939.447693
949.000000 873.000000 992.876709
1323.663696 635.972168 945.552307
1082.639404 720.900635 913.698242
775.707825 797.933838 735.750183
1115.484741 282.302002 942.964050
765.089478 836.569763 724.013611
737.576843 815.166199 896.329224
806.716797 655.820557 952.569092
755.951965 654.932251 783.155823
1131.066895 316.827026 911.264709
889.000000 743.000000 967.025330
883.134888 736.203491 939.523865
1310.000000 831.000000 968.397949
798.679016 376.104340 919.689941
819.665283 712.789490 774.133362
963.855286 437.684082 934.162476
744.000000 850.000000 789.039612
1322.498291 632.381714 931.975220
1002.763550 887.692322 992.743530
1302.230225 554.835022 941.671021
960.000000 908.000000 936.140930
1264.381592 547.360291 931.393372
747.183838 729.188232 743.176697
1134.091248 295.325874 939.324989
825.945740 449.049011 924.264465
1002.370117 738.314240 923.113678
1389.000000 698.000000 968.169189
1112.000000 665.000000 904.341431
1149.119629 908.004089 863.034424
808.146545 634.062866 951.776001
861.738770 760.465454 967.627563
1141.000000 786.000000 958.331909
1265.212891 543.231506 936.535095
1134.754761 292.804352 939.091614
1335.285889 676.456970 930.905579
858.419128 866.086853 874.084351
883.000000 745.000000 967.940430
755.992859 588.580017 944.175232
988.915588 914.276978 947.983582
760.000000 820.000000 910.975830
988.801086 720.017761 823.281860
790.609192 494.651398 916.823669
1329.000000 919.000000 885.810791
763.239319 783.035645 922.343872
1387.730469 540.057373 947.371216
773.758179 789.818054 738.618958
1348.261230 928.436096 909.498596
995.360962 707.334839 834.755005
732.002747 883.221069 677.433105
743.121033 748.931641 734.546387
824.630493 340.401611 920.689453
826.599854 663.895630 949.721680
1285.222382 294.264832 922.189514
954.000000 872.000000 993.563049
1114.038696 800.522400 935.067688
779.726379 498.511139 931.187134
1256.703979 886.945984 888.313538
1093.104858 518.872681 876.315552
902.000000 901.000000 953.527710
890.745667 381.800537 926.283813
884.000000 260.000000 920.584351
937.764465 868.139709 980.220215
1402.663818 356.594818 954.304626
1409.957194 475.219604 959.009298
744.361053 747.607849 736.043701
1392.092529 860.681702 987.505432
1065.000000 846.000000 903.426331
921.865845 680.352478 815.668884
1334.226929 231.417206 924.819641
789.506653 801.367615 733.044006
896.342773 366.279083 938.015381
1406.419067 651.696945 970.920090
1286.101318 681.254089 911.547974
812.624878 697.778687 953.226624
899.844055 899.045105 948.878235
991.663910 726.035660 915.126320
1235.408325 388.041473 910.607605
902.000000 830.000000 776.685852
1320.168213 245.506027 923.923157
1005.752258 882.699036 992.047302
1110.082153 740.931885 936.667480
792.000000 918.000000 994.706909
1373.200073 913.722961 907.123962
1280.000000 850.000000 969.313110
860.850952 284.990021 918.606934
1206.683594 416.343567 928.788757
936.642029 524.767151 935.240234
829.408549 256.894073 852.513977
952.611450 700.668762 829.371033
973.218140 795.281250 934.693665
977.402832 699.630920 825.419739
767.334900 829.458008 726.779480
1231.047729 505.182281 912.026672
745.340332 740.364014 738.724854
739.643433 672.688171 976.986938
818.893738 673.101562 784.088257
857.000000 755.000000 971.829590
1166.000000 294.000000 904.798950
1161.000000 907.000000 863.619751
986.513000 804.448486 945.166992
879.340576 252.858826 950.362549
1261.293753 778.811811 961.225028
826.520447 649.463501 790.388123
771.007629 558.351257 907.830139
812.461426 536.682617 830.695312
728.448181 329.502319 927.834229
970.504272 909.407349 938.076172
1148.000000 271.000000 902.282471
1194.182251 639.015656 905.908173
737.418823 800.994873 977.288818
952.911255 452.487488 934.514832
1368.300537 230.586517 930.229797
728.840698 217.013702 909.068298
1037.000000 920.000000 959.247070
1131.718872 654.811584 890.732117
748.231459 786.590135 909.422574
743.000000 915.000000 668.933533
1099.000000 525.000000 876.431030
760.649963 220.367371 902.497803
1410.767090 410.776520 951.580688
980.000000 266.000000 919.440430
1398.745117 865.828308 982.458008
1324.991455 397.951813 931.467590
1241.984863 846.186157 889.301758
826.340088 876.043030 874.879944
1118.875854 803.208801 935.194336
743.286865 292.232666 920.845642
1098.919189 887.014526 832.800720
1331.919556 224.268936 924.431763
1260.000000 629.000000 968.855530
1043.406860 364.795204 888.318863
850.157349 749.693420 965.252747
852.000000 757.000000 966.796570
934.989319 850.864258 988.174072
740.120300 811.165649 905.766418
1322.000000 917.000000 884.666870
1079.093730 304.962489 891.134521
1395.651768 366.088837 935.937500
751.471436 711.307495 950.641663
1263.216064 778.895477 961.037445
1280.000000 907.000000 888.556030
1018.015747 719.909180 863.872009
776.021271 901.533193 901.806641
1298.776489 550.814087 942.072449
750.000000 780.000000 922.185791
1319.000000 673.000000 922.643311
910.366028 766.119080 931.449402
758.316589 302.756500 918.387573
982.000000 563.000000 843.487671
1060.000000 897.000000 815.348511
784.192993 823.673401 989.192932
844.482544 716.771057 952.042725
928.000000 693.000000 814.890991
1242.798584 901.493774 883.715942
1379.752319 849.452332 979.179932
739.366760 822.833862 907.927673
1217.555054 419.891510 910.387634
1390.592163 492.695068 956.722778
960.060303 853.838196 985.442017
808.000000 658.000000 773.940552
996.949158 355.755981 930.501099
755.834167 823.875916 711.548889
810.494873 597.319885 944.591370
744.118042 744.731689 736.505371
1101.000000 513.000000 876.659790
1137.584351 676.868286 909.376648
759.860046 295.670837 921.258362
891.598267 249.589920 922.655518
746.246674 735.030396 740.876434
1417.801025 243.668228 948.998047
1093.614502 644.242676 898.010101
791.000000 777.000000 747.860352
1369.532104 221.008911 936.268066
1111.000000 654.000000 880.091431
772.721680 776.819092 741.539062
732.812317 669.235229 962.466980
1167.829590 883.299561 866.733826
771.992920 554.414429 908.097412
1142.063965 878.778564 858.724243
965.000000 519.000000 946.206970
1007.128357 362.216461 942.922058
1106.302368 850.480713 962.734436
934.000000 673.000000 821.067871
954.000000 687.000000 825.872131
825.702637 870.996582 742.138306
811.156392 714.790924 770.954020
744.894165 832.634277 714.356567
748.324605 784.151855 910.833903
840.962891 381.737152 923.278076
789.430786 810.364868 731.967041
745.559326 721.120789 939.819702
994.261902 809.772217 951.241455
821.666077 434.864624 921.427673
957.090027 845.848816 986.766724
1129.088053 498.557933 885.084351
951.685730 696.729858 832.734253
964.731995 909.506287 938.885437
841.397278 377.272766 923.282349
749.669434 693.562012 958.072205
1096.000000 515.000000 874.600830
1319.000000 217.000000 927.905090
991.000000 720.000000 932.023010
946.000000 879.000000 986.013550
742.972107 727.402710 923.111023
794.648010 271.261566 906.220886
901.408691 913.047119 958.145508
839.858398 388.665833 923.340942
1305.694458 889.232544 885.921875
996.445251 705.434692 834.812683
731.897583 670.384766 923.681824
956.914856 784.830872 926.008972
937.973572 813.002380 861.832947
1019.000000 913.000000 826.100891
991.763672 808.055603 949.288696
874.141541 261.921488 861.012899
846.000000 280.000000 915.093750
1162.032303 675.828255 922.144730
926.000000 880.000000 933.166870
1319.000000 910.000000 905.485291
741.077209 670.076843 945.346497
742.480286 814.301758 728.410828
958.000000 874.000000 994.020630
1111.000000 685.000000 916.923950
733.933838 838.573730 988.164124
1066.124573 359.291641 891.966034
826.805237 348.762177 920.439148
1411.000000 915.000000 906.171631
1008.327759 366.897369 943.389465
1028.259399 884.874939 989.576233
1271.010864 525.987000 935.132751
838.750427 271.894043 865.882751
729.000000 919.000000 911.662170
936.188965 875.395569 915.893921
774.004883 892.354126 704.947449
1324.929810 804.358704 966.996948
838.649536 392.287994 922.980652
999.687195 734.115906 864.780029
803.832275 396.303314 919.661743
1368.530640 220.109726 933.278320
795.436646 914.305359 714.248962
777.022705 495.747742 930.852478
1046.499512 928.563416 958.743408
1281.954590 868.522308 973.889801
1143.000000 786.000000 957.416870
762.375244 900.560974 696.637329
869.944580 858.385559 862.824585
769.227661 823.383484 727.326599
954.000000 884.000000 808.027832
824.386292 685.511963 951.202332
1102.316650 883.975769 840.019592
941.000000 521.000000 950.324890
808.168082 378.881430 920.030997
790.319336 492.053314 916.732422
756.828381 592.417798 945.387219
841.591064 896.216064 880.503235
1130.000000 658.000000 908.001831
1286.000000 698.000000 903.655090
733.764648 903.161133 671.970764
950.960449 875.870605 808.643433
838.000000 604.000000 954.900391
821.306641 275.779541 913.476013
942.224365 510.646790 934.106201
781.000000 833.000000 727.270752
992.000000 261.000000 921.956970
929.689575 674.543152 818.468750
994.000000 261.000000 921.270630
734.873901 894.392090 673.490784
1389.093628 491.902435 949.804871
951.451843 891.234192 791.762756
1319.618408 747.280457 961.033936
1112.339966 779.612244 929.323181
1300.279785 713.013184 944.894470
802.668335 367.870239 920.406494
826.967773 290.065857 915.755798
987.820251 719.687439 887.810547
1127.629858 499.294348 884.632666
1120.763550 808.857117 937.141052
1214.830811 865.902161 890.291382
1387.000000 417.000000 972.973450
1107.000000 853.000000 957.645630
1398.230713 684.019165 970.455627
1004.156281 740.390900 924.384613
1004.384338 917.735962 963.565735
829.000000 393.000000 923.787170
1221.000000 770.000000 967.711670
759.000000 863.000000 991.961670
741.283569 834.554504 907.413269
747.670410 768.318909 916.002686
787.145996 502.578674 914.934387
996.561157 811.353455 953.035278
819.606079 340.564514 919.781677
993.000000 736.000000 852.181030
951.000000 820.000000 856.070190
818.757812 620.896240 946.199341
1384.000000 900.000000 931.107910
899.546753 906.434143 960.849304
828.753113 351.553497 920.484985
730.000000 892.000000 706.909912
1199.000000 423.000000 925.846130
978.284424 691.336975 842.302917
1328.291748 807.453430 966.793762
1058.000000 866.000000 982.124390
984.732178 577.139709 845.125000
939.623352 782.223816 800.467102
748.265747 781.061178 912.095683
878.000000 863.000000 934.997070
1133.856201 318.794464 910.559875
1092.464355 644.616659 897.731873
747.886536 772.383789 914.858826
810.895996 904.315979 904.132080
809.942485 715.099386 770.508158
1029.000000 899.000000 991.961670
1053.000000 341.000000 883.980591
897.653625 735.932373 954.883545
1036.080444 651.592896 896.356201
827.000000 392.000000 922.872070
796.786255 739.859253 762.390381
1121.000000 655.000000 881.692871
1214.183228 407.933960 931.127625
1390.183105 495.720703 953.347717
1411.149170 304.342773 937.490967
985.000000 722.000000 931.336670
808.248718 917.263794 998.139893
1000.205078 699.467529 833.574097
1311.372070 670.252197 935.713135
760.679688 297.859711 918.218994
1111.472534 731.562134 940.028381
727.998291 278.882416 916.766418
949.733765 889.040771 792.515320
1164.000000 907.000000 864.077271
792.479736 759.197083 763.679932
1006.576718 919.509071 955.340620
955.063354 783.829346 925.673889
857.582886 220.745987 919.119751
1036.363770 711.193787 883.103174
942.785706 840.855164 987.704834
1021.000000 916.000000 827.244751
1290.538940 771.409241 945.097473
983.893860 802.648499 943.106506
968.000000 273.000000 922.185791
1337.781738 543.794250 925.359192
1406.640442 653.764526 970.780609
1120.864014 811.289917 932.491150
762.638855 219.349579 905.674500
1107.000000 518.000000 877.117371
1332.720337 811.986267 969.948547
953.000000 702.000000 818.093811
885.000000 257.000000 916.008850
1410.299561 311.056183 938.882629
1382.275635 378.561035 950.812622
1174.792847 274.487701 935.444824
1013.842651 671.152222 820.157776
905.000000 836.000000 866.136230
975.575745 796.912659 936.550903
1204.047119 598.589600 919.986633
1207.000000 602.000000 922.414551
1280.248093 661.305862 913.082359
729.952087 872.157104 681.957458
1407.948437 315.291177 969.785498
1077.985840 730.286621 919.808044
754.000000 671.000000 954.671570
979.253357 686.265991 841.477417
810.658813 703.204468 776.508362
962.598022 904.276367 791.302490
855.956421 292.938263 917.883667
735.775452 911.426331 668.842407
734.664795 900.010681 904.307007
1038.833618 913.166809 832.681519
792.722900 867.915466 718.685181
927.716858 289.262772 919.929718
1108.244995 639.500122 900.968918
1336.000000 897.000000 909.831970
787.490845 386.786652 920.196289
746.416321 694.415283 984.467590
845.011169 534.693848 937.194458
1389.009155 480.145966 941.986877
946.372620 807.983521 847.495361
1270.949748 621.289978 912.285238
876.398035 262.198053 861.451868
786.083191 634.844299 779.734375
1024.000000 910.000000 800.020752
1360.000000 851.000000 974.346069
1004.000000 924.000000 952.841431
823.633280 711.931742 775.648824
1399.887207 247.267227 960.169128
1098.000000 884.000000 840.056091
847.000000 221.000000 916.695190
961.000000 560.000000 838.912231
885.000000 282.000000 920.355591
742.336365 706.554199 992.165405
1370.899292 848.716736 978.201904
727.268616 333.166382 923.576660
1096.555542 528.290466 877.962280
1287.000000 228.000000 928.362671
1161.398071 871.680176 870.217224
1195.432495 804.947021 969.288574
1305.551392 888.960938 893.366150
834.387634 361.823944 921.452942
778.843994 835.550842 730.518311
1409.448975 315.197052 938.350281
1281.084351 307.447021 923.115112
1194.340942 857.884399 871.305359
1284.000000 699.000000 904.570190
887.000000 837.000000 928.591431
1106.000000 668.000000 902.511230
1270.811279 523.190674 930.196533
1290.005005 638.755798 917.195679
948.776855 485.578583 934.071106
790.733032 382.751495 918.698425
734.236572 817.783508 906.935547
1001.259766 913.930847 961.901672
927.914032 282.626984 919.504791
779.085632 797.546631 727.945068
1121.915894 816.069641 935.540405
1104.831909 656.121887 880.827759
1399.237305 683.155701 965.868286
1276.052856 311.573059 918.643372
740.851868 718.571045 923.118835
916.629028 913.364319 932.374146
1194.037964 640.714661 905.248474
768.039307 564.697327 906.592346
751.739441 684.870544 955.938782
1212.539673 427.866211 910.027100
832.703491 356.665436 920.729187
883.313721 821.634216 776.804810
777.297165 901.099121 902.145020
787.000000 824.000000 732.532532
740.628845 354.774963 923.227234
913.207825 767.132812 930.707031
984.000000 915.000000 943.461670
809.123136 385.355263 920.322776
762.133667 902.445679 700.313843
991.323914 735.903931 858.469482
1093.000000 847.000000 896.105591
788.042969 514.388062 932.798218
1350.000000 890.000000 913.721130
998.535034 812.711670 954.572266
1209.953247 412.566650 931.556458
927.000000 304.000000 894.732910
997.000000 719.000000 934.768311
1367.000000 913.000000 904.112671
749.626038 687.687134 954.522949
1026.994995 688.026611 829.723511
1016.870667 359.547180 933.521790
775.000000 905.000000 909.145630
1214.491943 423.833740 908.697510
1277.951782 312.377167 924.232056
1313.000000 766.000000 960.848450
1187.539795 228.206284 932.884827
756.938782 865.855896 704.005371
934.902405 850.191467 980.646851
792.374390 869.176636 726.439941
1301.692993 709.095337 948.523132
872.594116 250.823212 945.171875
861.000000 840.000000 922.643311
770.366638 820.376587 729.925903
889.646545 928.169861 794.976013
1194.000000 428.000000 922.643311
1238.917725 832.917480 889.333252
1374.940674 401.483734 957.542114
864.786804 859.732178 933.236206
730.067505 286.164520 927.897400
1274.176880 314.413910 922.416077
1111.491943 278.445496 940.966187
1351.849121 852.209412 975.847656
1249.760376 356.746490 919.064148
1217.000000 836.000000 875.973511
1365.978882 577.264893 947.941284
1325.275146 243.119522 928.027954
881.000000 752.000000 902.968750
952.000000 886.000000 788.353271
727.373352 332.829651 928.125000
1263.000000 903.000000 870.025391
1096.000000 882.000000 839.140991
1380.000000 849.000000 968.626770
968.000000 858.000000 987.157410
732.688049 669.313293 919.227295
952.467163 782.548523 925.451721
1133.000000 276.000000 902.968750
1144.927979 784.836121 961.919617
821.000000 928.000000 706.681152
1257.864380 886.802979 894.844055
821.665771 373.731384 921.699768
1139.000000 902.000000 855.841431
1406.802075 655.471313 970.664600
807.609436 708.827393 772.865112
928.000000 674.000000 816.721191
812.739807 415.856262 921.244507
1196.813965 425.497284 926.494019
806.397095 630.211548 950.591431
748.959290 653.137939 781.624634
1224.000000 402.000000 932.023010
728.044464 624.701375 924.989105
794.540710 490.380249 916.606323
733.000000 826.000000 906.857910
1243.266235 847.969482 891.209778
999.956787 813.692261 955.671570
1356.000000 854.000000 973.431030
922.395386 908.376221 787.973450
1267.000000 903.000000 871.169312
844.664246 540.840088 927.544373
1402.062866 678.924255 969.760742
1276.000000 906.000000 896.791870
824.452820 679.923401 951.284180
742.000000 927.000000 916.237671
1323.530518 628.594666 930.172241
1090.913208 645.121735 897.347397
1340.000000 895.000000 910.518311
931.000000 478.000000 932.251770
941.000000 780.000000 797.504211
845.386536 550.637634 927.097839
734.000000 846.000000 789.725952
1106.000000 883.000000 843.487671
1288.006104 702.133301 912.484497
1050.000000 658.000000 889.013550
810.906433 623.670349 950.324097
1425.821655 613.868896 960.254639
1181.152222 863.115662 941.778503
770.000000 331.000000 921.499390
953.000000 868.000000 806.883911
824.195557 342.410706 929.210022
1231.091064 391.900970 933.869080
978.921997 691.050171 826.466675
1165.000000 869.000000 866.593811
741.946960 723.120728 923.118958
1210.000000 600.000000 921.728210
835.653870 399.807800 924.108032
734.788574 796.912048 977.651550
746.109497 852.497620 907.360657
757.135716 595.786438 946.409930
927.787231 286.343262 919.730957
1331.000000 848.000000 954.213989
1138.000000 680.000000 910.289551
1304.000000 684.000000 914.636230
844.129028 559.995361 923.976196
1240.948486 837.856628 892.910156
1319.587158 447.927612 943.663940
1426.783691 618.713989 972.125977
921.323059 928.694275 808.353638
1067.000000 698.000000 894.275391
826.387207 669.646362 947.973877
1034.000000 922.000000 959.475830
934.611389 529.707092 933.676025
828.695862 457.552246 925.831360
981.269958 800.844116 941.039551
732.225830 298.740601 928.177124
846.182983 272.754669 915.281799
978.259155 798.768127 938.664276
1110.000000 515.000000 878.261230
1222.594238 409.341461 913.165588
995.149414 622.164185 895.105591
801.000000 529.000000 975.261230
805.000000 531.000000 977.091370
790.164368 819.539001 730.677124
1089.000000 845.000000 977.320190
842.187439 565.860535 924.446899
1102.386475 779.313782 951.512207
940.000000 784.000000 795.216492
812.100189 538.554321 830.290466
978.307434 688.275574 843.611450
947.765747 709.837219 827.632202
759.870178 597.638794 939.588562
1183.706543 850.974609 944.544678
956.981812 787.229126 851.320374
756.074463 829.562439 995.133789
815.680054 426.837097 921.544739
840.696777 580.466309 943.424805
1399.518677 892.308655 930.061523
1034.095886 856.830892 946.184041
1129.898315 839.180786 863.042297
863.278748 863.348267 931.171570
953.000000 803.000000 854.926392
1058.420898 339.639496 882.395752
760.713562 220.134857 898.310303
848.754944 743.721375 962.439331
1223.490479 432.882172 913.035828
1108.000000 508.000000 879.633911
761.800537 708.764587 967.745483
859.427368 875.986572 925.788208
803.000000 660.000000 771.424072
1272.855347 318.175079 918.204285
1108.646240 687.989380 914.438599
762.122131 749.563293 935.957703
826.337646 262.433441 863.440735
965.000000 878.000000 993.334290
1221.447754 851.510559 971.464233
1110.357935 638.813708 901.378613
1232.825073 364.386536 922.868896
762.002869 845.625610 720.650696
1114.000000 511.000000 881.006531
1001.143799 814.513489 956.584167
1004.000000 719.000000 934.539551
728.223114 627.778198 924.807922
980.667297 911.560120 941.849792
858.078857 866.972900 864.823120
1221.000000 850.000000 965.195190
949.262634 781.090057 925.422089
1047.000000 274.000000 929.506470
1111.067505 745.688232 937.592712
1311.499023 673.955200 937.750854
895.582581 924.810730 804.837280
979.000000 724.000000 930.421631
1312.649292 666.034790 944.166931
1114.000000 297.000000 934.539551
802.287231 500.631531 926.964233
1405.135864 672.177856 969.241699
865.668518 729.023071 946.783386
1038.164062 710.481079 883.735596
841.000000 603.000000 953.756470
901.000000 903.000000 964.737610
1237.028809 532.987366 914.093628
818.291016 500.801666 838.591980
1002.098389 815.176727 957.314301
1173.000000 278.000000 907.086670
1399.441650 683.817444 975.076233
763.035278 354.764709 921.433105
1216.669434 849.162109 971.303772
825.424316 674.124023 951.873657
1113.000000 506.000000 879.633911
771.864075 490.063416 930.554810
951.000000 871.000000 921.499390
792.290955 829.667175 726.323792
839.000000 663.000000 786.065552
1385.000000 702.000000 967.254150
993.705139 712.981750 888.843445
1124.857178 822.733826 936.435242
959.817261 277.058289 920.029053
886.512634 862.813232 924.969360
1398.329712 867.860107 988.773987
996.192200 910.872253 961.112793
1194.692749 845.971741 869.692932
1044.000000 912.000000 832.964111
1327.590332 243.100510 925.865173
1105.000000 655.000000 878.261230
890.196655 389.736938 927.070129
775.390564 840.834778 728.308777
736.655579 786.145020 974.177002
1168.000000 907.000000 864.763611
1015.137756 735.477173 874.359619
843.657532 545.753357 926.121094
758.433533 601.235962 940.718201
740.000000 816.000000 912.806030
933.066711 790.957520 799.518372
996.000000 735.000000 855.841431
863.470154 866.503845 930.875427
1410.666023 477.997038 960.381150
792.350159 380.477539 932.123901
1273.407349 796.010498 963.751953
800.131226 856.118164 732.878540
942.492859 777.690796 802.498535
824.668274 464.239258 928.282043
1213.000000 851.000000 965.652710
1270.118530 320.434357 922.028320
1283.871826 675.078857 911.949585
995.490662 735.884705 861.535583
783.000000 824.000000 993.791870
933.000000 816.000000 860.874451
996.245911 715.829712 888.990967
846.716431 370.840668 921.075317
958.835022 458.727600 932.154724
794.683228 848.576660 962.476135
744.537476 795.482788 898.763672
1337.012085 418.372864 946.145081
1364.946777 577.514954 942.091003
1278.614258 869.231201 974.111072
811.687073 696.518799 776.039307
1225.881592 403.051270 913.652344
920.000000 693.000000 811.230591
813.478821 861.215881 740.210205
1405.877441 325.323547 939.030762
1173.002686 778.974487 968.674500
1064.000000 925.000000 963.822510
931.820312 532.412231 934.723022
797.000000 664.000000 776.914612
742.000000 714.000000 996.079590
1127.000000 654.000000 880.777710
1255.000000 901.000000 868.195190
1012.931458 750.733704 930.380493
844.793762 570.375671 924.401794
1131.000000 655.000000 882.607910
1352.483154 564.851807 922.907776
791.366821 837.357910 963.502441
1009.276306 920.695129 967.376465
1269.408813 323.392548 917.578003
728.429169 631.041428 924.647614
811.643860 671.079468 951.405151
1400.041260 679.470520 963.034058
965.029358 443.572693 933.052124
739.000000 387.000000 922.643311
840.000000 647.000000 950.324890
1012.343750 627.367065 846.352356
1215.421753 846.843079 967.651184
1170.724609 276.442291 935.971558
978.777832 723.075684 886.252258
922.000000 676.000000 812.374512
791.353149 823.378540 728.817078
1365.000000 912.000000 894.961670
1264.123047 331.505554 921.541321
1017.000000 913.000000 798.648071
1401.462158 347.010406 939.202087
1426.594482 218.631958 930.454834
826.323215 256.629934 852.053921
823.000000 900.000000 986.699829
1091.000000 887.000000 827.244751
899.227966 745.102173 959.888306
958.000000 561.000000 833.650391
798.000000 526.000000 979.150330
1057.000000 911.000000 835.480591
1268.135010 325.339966 923.098328
767.174683 897.448425 704.318604
751.792664 832.729065 978.922424
1368.934326 489.182556 931.790466
927.000000 913.000000 770.051392
1424.250000 347.449493 941.556396
1367.776367 482.261108 928.555847
1348.000000 892.000000 913.034790
1179.288330 884.965454 869.759277
1069.702591 358.456776 892.486435
871.849426 294.681580 900.048523
808.000000 533.000000 974.346069
1003.777091 816.355617 958.580636
790.000000 626.000000 779.431152
1147.197876 912.246582 858.383484
729.992493 830.596863 902.328186
774.138733 544.405029 909.081604
757.746765 861.880310 704.436340
1171.000000 292.000000 904.570190
968.653870 853.755737 992.411560
1101.801758 883.174377 845.785706
1008.095398 745.014343 927.100464
1198.000000 443.000000 904.798950
1181.865234 855.263794 936.914124
1014.451477 916.924927 822.784302
728.607910 633.460876 924.571960
1270.509399 619.239465 912.259937
800.809570 867.184570 904.860168
783.745422 307.917206 917.870850
1423.449951 352.629364 932.516907
972.500000 737.329712 818.605530
1053.000000 911.000000 834.794312
736.808533 364.584076 923.517822
932.000000 306.000000 893.131531
844.000000 538.000000 938.886230
733.730408 372.531738 923.742310
888.000000 282.000000 924.931030
954.500793 792.107483 851.421570
913.000000 903.000000 955.586670
951.000000 827.000000 849.207031
794.923218 863.686340 729.098877
751.000000 858.000000 993.791870
1306.000000 683.000000 914.636230
804.891296 902.738159 907.701843
769.000000 894.000000 701.190613
930.738953 537.771912 935.362366
1101.000000 669.000000 901.596130
740.000000 388.000000 928.362671
885.036682 311.407166 929.780579
733.949097 841.000732 997.213562
934.360107 842.761169 989.458374
872.000000 857.000000 879.862671
780.419373 598.629761 797.055725
841.447754 732.823303 958.021301
744.000000 389.000000 925.617310
1266.932373 328.660980 917.014343
956.149475 789.362671 841.776794
1112.661499 689.700623 916.610291
729.722290 868.167938 683.028778
831.985046 357.071777 931.535889
1390.556030 496.716309 947.581665
1208.000000 850.000000 964.737610
891.000000 837.000000 933.853149
750.000732 653.304504 784.319214
1176.883545 872.198547 939.197571
1023.000000 921.000000 956.501770
806.746521 363.544434 930.051819
1221.302002 412.042053 909.188354
1272.000000 851.000000 969.541870
746.000000 865.000000 908.230591
1072.058105 708.079163 906.935425
731.288696 664.178040 923.830811
730.352417 834.136658 896.096802
845.827148 305.896912 918.062683
1390.158813 706.183472 968.879456
1403.954712 675.923706 975.037842
737.869568 360.553711 923.127502
951.730164 804.792969 846.595947
949.000000 877.000000 972.287109
914.000000 300.000000 899.765991
811.879440 539.660355 830.054535
801.000000 407.000000 920.126770
1075.796143 861.880371 890.743042
832.647888 572.967102 941.812927
942.153320 778.113953 925.891113
801.437012 849.517822 738.641602
731.984253 379.208008 923.533752
878.000000 303.000000 906.629150
728.904175 637.196045 924.473022
1193.912427 643.229309 904.285925
734.225708 836.393005 890.988159
1351.764771 838.340942 976.238525
1021.000000 920.000000 955.129150
1076.000000 691.000000 895.648010
746.952515 233.203003 829.021667
792.936035 392.935486 932.749512
953.000000 869.000000 921.728210
747.000000 872.000000 902.511230
745.166748 846.076294 906.517090
1010.375488 747.707825 928.648193
832.916016 408.868866 924.901001
1056.153320 902.363037 958.880371
797.178223 486.298676 917.858215
1111.148468 850.451843 962.624283
797.296021 859.872742 730.751099
1324.518066 625.309875 932.337769
1050.000000 341.000000 878.489990
1318.762329 627.912598 943.585876
1208.000000 877.000000 881.692871
1017.000000 650.000000 894.961670
808.929504 590.923096 942.960266
918.196045 768.903870 929.467712
1236.000000 429.000000 913.949890
976.000000 906.000000 789.039612
965.000000 907.000000 784.692871
811.000000 534.000000 971.143250
1213.000000 597.000000 923.329590
783.110046 901.801147 903.353333
727.153137 579.608215 927.425232
985.197266 624.618652 890.282959
786.053894 378.348602 931.892456
855.788879 480.775116 932.926453
953.000000 563.000000 835.023071
744.356689 840.062195 711.905029
978.216675 714.278503 886.758545
792.453857 902.303894 905.243347
844.000000 218.000000 916.237671
738.822632 840.230713 887.858887
1038.000000 356.000000 875.515991
1124.829468 825.185608 932.365540
946.000000 837.000000 985.327209
1065.619507 703.334290 900.438538
953.475464 794.903503 854.979370
786.647705 511.440430 914.063354
905.406311 284.365143 938.125183
836.913147 270.613739 871.324951
944.000000 877.000000 973.659790
1120.698120 746.122131 928.096741
819.570312 884.761902 900.464172
975.482178 717.426331 886.076599
1148.352173 656.752625 891.666199
1063.000000 910.000000 837.310791
906.579529 826.853638 774.271912
933.000000 792.000000 806.655151
811.915283 868.975037 897.530090
749.389648 632.401001 933.339233
746.000000 872.000000 897.478210
930.995239 795.033936 797.722290
740.388367 665.569580 979.407043
1046.096985 706.851196 886.935425
959.000000 875.000000 972.058350
1040.069275 709.650879 884.467957
1227.462036 396.703033 935.938354
846.804993 569.135010 940.969788
839.862549 573.169495 922.853333
1115.803955 799.695007 921.800537
835.662964 477.539612 932.769409
730.440002 852.193726 788.332886
1022.190308 711.770264 861.112549
750.000000 926.000000 679.457092
1113.718506 772.949707 929.013794
846.253662 598.256226 805.894226
1013.000000 900.000000 800.478271
798.000000 923.000000 709.197693
1098.089111 673.390381 903.708252
765.837830 217.483047 909.780762
1214.000000 875.000000 886.039551
803.462769 462.954102 920.942627
1243.000000 385.000000 936.598511
1423.165283 346.428833 929.841064
1096.000000 680.000000 901.367371
883.485718 723.275757 950.129412
1043.000000 885.000000 821.067871
733.000000 385.000000 923.787170
729.662659 646.214172 924.260315
803.204224 507.561981 927.849243
1124.548218 233.471771 892.885620
884.000000 301.000000 905.942871
788.869263 486.351501 805.937866
963.750000 789.623718 917.291260
1122.798787 234.013941 892.775736
885.878113 723.687134 950.006580
1280.000000 906.000000 874.143311
1209.207886 591.690735 920.867554
972.000000 907.000000 787.209412
1403.036865 870.945435 986.620361
1342.000000 811.000000 969.313110
743.065125 855.727539 706.621155
868.000000 306.000000 908.688110
802.442505 360.049133 920.778442
1210.000000 876.000000 885.124451
731.486694 853.347839 783.411987
866.574219 291.107178 895.142822
1410.646729 392.060760 966.900879
820.470215 862.113892 742.137268
821.484619 868.856262 741.359375
1359.705566 576.697083 943.709595
843.618530 265.186066 913.956665
1177.058105 876.130676 941.675293
851.594788 298.634003 918.664307
850.687317 561.324585 939.067505
808.298950 349.074219 920.842896
1018.118408 756.900208 933.879028
1364.728027 496.588617 928.860010
796.000000 525.000000 981.438110
1399.000000 404.000000 976.405029
774.151672 526.919739 931.507507
1032.109253 899.979492 992.303833
918.000000 301.000000 894.732910
1281.000000 231.000000 924.015930
792.000000 491.000000 799.791992
1201.000000 850.000000 965.652710
752.000000 850.000000 784.921631
1008.866028 899.229553 806.210327
1190.675781 428.503967 925.274292
1053.000000 666.000000 864.306030
965.964539 675.729431 833.393005
1344.192627 647.946350 934.160461
1126.546924 232.843192 893.066174
765.796387 579.419922 904.761475
822.000000 901.000000 994.706909
1057.702515 869.588684 983.830139
1122.408203 846.354309 953.465271
987.000000 631.000000 911.890930
1096.549561 261.448517 937.283875
918.224976 401.969543 929.172119
867.715820 727.614258 907.914368
887.212341 394.038116 927.366333
757.456970 862.833679 713.346985
1350.778442 833.917297 973.342712
879.884558 722.644067 950.289905
829.098206 519.845398 815.687073
1135.945557 684.821899 916.000610
965.000000 853.000000 999.511169
1376.538940 867.333923 964.298157
771.568726 506.202728 930.922180
742.007935 802.624146 891.284790
1044.412679 707.654785 886.222595
908.012695 891.789612 774.466370
1240.015503 429.887482 914.997864
865.607117 249.784744 946.007812
799.004089 666.344910 757.534424
945.819031 713.105469 825.538147
977.000000 886.000000 797.504211
1228.000000 850.000000 965.652710
1218.866943 869.819092 891.195007
971.540344 740.305359 818.121521
1364.572998 497.268616 928.768646
893.000000 282.000000 924.702271
730.023315 575.545227 926.382935
815.211792 219.117828 911.805725
740.000000 887.000000 671.450073
974.000000 519.000000 943.461670
1119.502441 235.040024 892.465373
1024.561523 700.928101 857.281738
1382.000000 704.000000 965.652710
805.755371 845.992126 738.661865
1245.127502 441.168681 914.949066
869.000000 361.000000 923.558350
920.711792 769.798218 928.862793
1180.000000 647.000000 897.935791
727.337280 661.845398 955.550354
936.000000 308.000000 893.589050
998.000000 902.000000 795.216492
1045.000000 340.000000 880.548950
1376.212524 925.007874 907.939636
800.292175 731.057495 766.031189
729.838074 898.758484 904.968872
1189.578491 846.725708 871.993103
996.000000 638.000000 907.086670
823.762451 219.212738 910.185791
1042.501953 708.544983 885.439738
1373.600586 395.193665 958.229919
1180.000000 439.000000 918.525391
992.000000 635.000000 908.688110
807.000000 846.000000 730.244812
1192.000000 485.000000 886.954590
1105.946289 272.776550 940.598877
743.000000 914.000000 663.442993
850.000000 591.000000 816.492432
1030.425293 694.709900 834.627747
870.682495 249.801590 950.284119
1290.270508 556.753418 920.994812
921.000000 302.000000 892.445190
877.454590 297.495758 903.059753
805.413147 354.399353 919.540588
795.673828 817.899414 978.097778
990.000000 733.000000 898.850830
1404.186279 360.047241 962.378967
1346.146729 403.085114 946.885559
1108.278442 276.008240 932.566101
830.086487 465.378357 926.790283
841.000000 217.000000 913.721130
1117.314575 235.718094 892.260071
1120.000000 750.000000 929.735229
852.000000 841.000000 922.185791
1015.000000 649.000000 897.478210
1364.402710 498.006027 928.666473
758.000000 923.000000 684.947693
1114.000000 881.000000 835.709351
1061.472168 695.871094 903.159668
1225.322266 399.480408 936.986511
897.967102 890.138123 952.899170
759.899841 858.930664 894.207153
732.548584 703.318542 906.042480
809.912781 856.098877 902.186340
1423.170288 338.506531 932.370667
878.064041 722.325455 950.364746
1250.000000 262.000000 915.780090
757.058411 609.084106 943.109314
1185.625732 845.068970 943.039978
944.777344 502.746613 934.383118
800.714185 447.188599 919.313513
752.705688 291.815521 866.349426
844.000000 645.000000 948.037109
795.150757 656.590820 956.558044
800.635925 447.997795 919.350037
731.837097 819.340088 726.299866
1014.000000 916.000000 826.558472
824.276367 425.454620 922.683655
1310.000000 679.000000 918.754150
1399.576782 848.396240 982.533142
800.837667 445.882319 919.251973
1068.735962 704.100708 906.107605
1422.567627 333.298096 933.429504
802.000000 509.000000 932.023010
1355.000000 234.000000 929.964050
842.421265 603.599854 804.368469
1425.208252 359.546387 932.671936
739.616089 701.408569 905.440674
1351.860352 571.873962 944.142761
1246.379883 852.984314 891.140991
1126.945557 835.013977 860.776489
1255.367798 538.193787 914.867859
982.000000 628.000000 914.636230
1056.000000 847.000000 905.485291
1398.000000 863.000000 958.103149
801.707520 422.934357 919.444092
972.000000 728.000000 888.556030
928.000000 819.000000 860.188110
1244.320190 441.583527 914.751404
910.000000 258.000000 917.610291
928.000000 739.000000 896.563110
839.486572 597.704773 802.571716
815.748840 680.421631 781.162292
1113.735132 850.458008 962.566699
927.786621 478.960693 934.197021
995.000000 890.000000 992.647949
1404.000000 397.000000 977.320190
1129.666748 231.867321 893.282257
1113.851318 689.764954 920.972778
1131.000000 884.000000 851.265991
1107.864258 688.697144 919.775818
960.000000 909.000000 783.091492
1276.673828 517.244629 930.927979
1402.831787 509.819336 974.104919
984.000000 928.000000 963.364990
1261.941650 339.425232 920.392944
1000.000000 640.000000 903.883911
1394.000000 410.000000 975.947510
1065.568359 887.925537 830.740051
1114.975952 236.436890 892.063477
883.453613 863.859253 917.057312
923.742798 770.898743 928.234436
990.550842 577.130615 847.645813
1422.361694 314.310272 942.558655
1047.000000 275.000000 935.225830
930.000000 912.000000 771.652832
901.671875 750.091125 960.780945
1253.168457 536.086182 913.701904
850.000000 397.000000 926.303711
891.000000 835.000000 919.898010
1025.000000 627.000000 843.716431
1207.000000 436.000000 905.714050
1391.000000 412.000000 975.718750
834.227112 522.040588 816.817749
743.973938 797.723450 892.088440
1336.368652 682.535156 930.920654
739.000000 867.000000 908.001831
1092.000000 654.000000 875.744751
1184.921997 848.368469 937.429504
1182.201660 882.053406 864.579712
1252.299805 629.603821 971.980713
1073.000000 891.000000 821.067871
872.993530 741.178955 894.200195
916.000000 853.000000 777.829712
1285.000000 533.000000 916.923950
795.581360 748.672546 771.137024
819.959351 373.239288 933.301697
744.905640 651.090820 781.884155
730.702087 657.910950 923.980713
811.000000 217.000000 908.688110
842.277893 593.879944 801.790588
1092.000000 778.000000 946.664490
769.000000 823.000000 918.067810
927.335999 772.240479 927.602966
1309.633179 680.354004 937.566833
956.002625 837.153198 985.205750
891.997803 833.888672 922.093994
934.716125 775.103516 926.605652
908.766602 535.346130 934.520996
1113.804728 236.795776 891.964376
1334.382446 217.603699 922.832703
1425.152344 366.269958 932.690796
1086.000000 686.000000 899.079590
1084.000000 888.000000 825.414551
1195.000000 850.000000 965.423950
1017.333496 917.333069 830.562866
931.000000 877.000000 991.275330
1199.438232 846.362732 968.709351
746.000000 856.000000 995.622009
1178.000000 289.000000 907.773010
829.028046 710.820618 777.739197
983.980713 902.013062 956.248169
1012.244446 846.149536 910.145325
916.000000 905.000000 956.959351
1306.839111 884.254639 889.751221
955.000000 798.000000 799.334412
1066.836670 701.212952 906.485474
904.462280 834.506897 856.057800
1208.000000 252.000000 929.964050
977.635498 916.069641 935.786682
1119.000000 839.000000 851.037231
902.341858 833.855591 940.152466
939.000000 568.000000 831.362671
1254.873413 347.751740 917.125793
1180.000000 901.000000 866.593811
761.743286 859.544434 904.486633
786.851624 493.439850 804.292847
1056.000000 657.000000 889.013550
1181.842285 435.336121 921.807983
1420.133423 304.651276 928.434509
984.978638 919.941040 937.395630
846.000000 597.000000 815.119751
842.000000 665.000000 785.379211
1124.000000 836.000000 853.324951
1116.246826 674.230225 927.179993
815.000000 533.000000 974.117310
907.528625 529.488831 935.522034
1418.273315 732.187439 972.030518
758.000366 680.681519 977.362305
967.668884 671.031250 830.142090
812.833801 877.253296 893.582092
1113.693726 881.269531 832.560120
770.492432 578.072998 938.614990
828.272095 641.115601 791.788452
830.098572 470.463043 929.476990
956.442810 580.324524 838.652222
742.000000 928.000000 673.509033
1131.326465 231.351749 893.358142
1422.241577 327.538940 930.601807
970.000000 881.000000 993.563049
852.000000 361.000000 922.872070
806.404297 472.215332 920.215698
985.000000 735.000000 899.079590
980.000000 726.000000 865.907471
1006.451416 692.388062 818.763123
944.000000 565.000000 832.735352
1203.700684 880.387451 881.584595
927.000000 523.000000 951.468750
972.455200 895.203552 951.101685
949.000000 564.000000 831.820190
936.000000 737.000000 895.419250
984.523682 648.126892 844.590698
1407.672363 394.252869 955.864197
1362.000000 578.000000 934.768311
753.000000 853.000000 883.294250
790.892517 480.080750 807.893005
754.769409 579.203369 914.585449
975.000000 737.000000 814.662231
845.000000 600.000000 953.527710
743.483215 841.168884 882.924622
1212.290649 586.879700 919.155579
1188.000000 880.000000 868.881531
1261.000000 259.000000 918.067810
927.099243 546.261902 933.800293
728.000000 379.000000 927.447510
973.000000 722.000000 929.048950
945.900085 871.638245 941.454285
996.443469 840.725403 905.401123
753.669128 290.073578 860.343689
1127.840210 830.855469 939.053284
1275.000000 233.000000 928.820190
1000.648560 699.474182 818.688660
901.419678 920.896729 962.065735
1011.000000 914.000000 794.301392
1123.078491 730.431519 923.932495
989.533752 585.104370 845.739868
1256.883301 344.892639 916.988220
1350.777710 826.929260 972.889160
886.277344 860.962524 916.577087
764.000000 854.000000 719.034912
830.581421 417.908234 923.487305
814.000000 537.000000 972.515869
1164.000000 653.000000 892.445190
1020.408813 759.639648 935.419128
1010.000000 717.000000 935.683350
1242.614339 442.461283 914.334452
797.000000 878.000000 908.001831
924.000000 823.000000 861.789551
1127.357788 829.255310 934.239624
839.256409 579.069214 921.788696
1091.000000 533.000000 870.940491
840.438049 609.609741 802.119019
1328.000000 807.000000 953.985229
755.592102 298.832489 867.192566
772.279297 515.546021 931.388855
1272.808960 845.732422 971.231750
734.000000 868.000000 902.739990
814.896118 688.776306 778.265991
981.527466 623.210083 889.339966
1378.000000 707.000000 965.652710
1000.790527 847.163208 925.912476
1153.000000 657.000000 889.928711
1175.588257 443.553497 920.605103
1101.556152 268.442627 940.007996
1374.127808 390.939667 958.649109
930.000000 570.000000 827.244751
771.835815 350.358948 930.430847
905.281433 378.255737 938.936890
957.136292 788.632141 806.895874
1165.669434 786.626953 955.806213
797.080444 925.507385 997.561462
1159.000000 855.000000 884.895630
1417.920044 732.259521 967.223083
1409.000000 393.000000 981.438110
906.000000 257.000000 917.381470
1111.441807 237.515625 891.777396
800.385925 648.500000 933.211304
1007.000000 644.000000 900.909790
971.006531 864.248962 810.208435
1275.546021 615.638489 970.254089
977.000000 626.000000 916.237671
819.189880 495.293365 839.809631
737.000000 798.000000 891.301331
1082.000000 888.000000 824.270752
909.456726 287.233673 939.533081
799.254761 652.604797 934.181885
814.082520 850.826477 906.751160
943.000000 294.000000 920.126770
793.203308 878.523987 903.176208
793.018860 498.521271 801.514709
822.021240 216.972107 914.179565
909.000000 833.000000 941.173950
1099.489136 266.462738 938.961121
857.000000 584.000000 820.381592
1341.219360 238.698563 927.707520
979.000000 518.000000 943.919189
782.352905 597.810364 799.320038
1426.016968 362.170074 945.301270
981.000000 928.000000 963.593750
920.020081 766.807312 805.095154
953.000000 873.000000 819.237671
965.880554 888.856079 949.255066
920.000000 742.000000 898.622070
994.414703 839.917938 903.639954
911.000000 695.000000 808.714111
993.000000 574.000000 845.089111
729.547729 854.973389 793.692566
808.600830 719.951721 951.231445
1420.122437 734.964355 975.567627
808.986572 407.523407 934.137756
953.000000 856.000000 819.237671
1129.650879 836.870117 937.526672
731.000000 894.000000 903.883911
961.000000 867.000000 923.329590
1175.106445 883.084595 941.986877
1168.000000 651.000000 893.360291
763.132202 589.469116 903.761719
1160.000000 654.000000 890.843750
1414.000000 387.000000 982.810669
809.148926 849.244141 905.293152
848.000000 644.000000 946.893311
939.000000 737.000000 895.648010
1115.859619 766.518188 927.549927
1050.000000 923.000000 808.027832
731.829590 846.681641 990.424683
1036.000000 850.000000 929.277710
768.043823 820.654663 903.742432
973.839172 708.403625 886.288330
958.191335 825.270559 871.292114
1248.255615 626.582458 971.841919
918.000000 524.000000 953.298950
926.201233 807.599487 860.179382
733.476257 868.974121 896.306946
1302.569336 705.862122 942.412720
781.098938 363.348541 930.389771
838.281982 583.093018 922.003174
1349.681641 474.922272 970.601257
800.571777 406.204498 932.295288
1133.000000 904.000000 854.239990
765.744751 485.327423 930.294617
1158.617432 796.117432 957.718872
953.859009 802.833374 803.412476
1325.032837 744.829712 964.156494
1241.000000 264.000000 915.780090
952.000000 833.000000 843.258911
1176.509521 874.973877 931.272644
771.000000 918.000000 693.869873
899.000000 748.000000 901.824951
841.000000 589.000000 802.079712
1190.815674 223.831619 935.324890
1014.859924 850.762573 928.872009
1419.649536 915.356445 920.214050
1084.000000 514.000000 878.718750
1086.000000 777.000000 943.232910
947.868958 495.535034 936.613953
1363.419678 502.246195 928.094035
1009.000000 849.000000 927.905090
728.613464 847.067871 794.500916
1065.000000 884.000000 827.931091
844.157104 390.134583 936.567688
1005.118469 847.990601 927.460266
776.594727 535.990601 911.012512
941.000000 309.000000 891.530090
1052.000000 848.000000 906.629150
790.000000 522.000000 983.954590
1055.430908 688.236694 898.680847
907.000000 833.000000 877.346191
1421.293335 736.282837 970.450867
1424.436279 331.152283 946.027588
968.306213 890.703796 950.723816
913.021790 844.827698 940.429932
945.547302 677.040527 846.889282
842.966797 273.664978 875.397400
986.207397 616.299194 890.387634
1241.387777 443.093781 914.034953
1386.000000 867.000000 957.188110
753.931030 592.504517 776.058655
764.908569 855.035400 710.971985
1130.051270 842.004944 937.270996
887.362732 400.590576 927.611450
1017.329407 926.770264 970.383240
979.284058 705.097778 887.266052
909.469482 823.827881 775.167358
1000.247803 648.171021 891.842285
797.386841 655.464294 934.919922
1405.508423 373.318726 958.557068
1344.000000 406.000000 948.494690
944.302917 680.979004 847.055969
1264.000000 258.000000 918.982910
1426.101318 373.318665 933.694336
1425.031982 371.596649 929.231201
1164.000000 855.000000 883.751831
929.000000 842.000000 988.530029
1061.000000 663.000000 867.508911
1045.514893 677.420471 896.584778
803.053162 508.501312 806.077515
820.205078 312.378265 844.918213
1006.154480 844.004211 904.601624
1233.076538 391.808167 940.290955
1177.000000 857.000000 882.150391
955.000000 883.000000 952.841431
949.000000 711.000000 813.060791
797.984924 478.937225 922.133606
1079.690063 585.565125 941.862976
793.000000 643.000000 958.560730
1346.000000 238.000000 926.989990
927.312744 798.629822 859.036377
1361.000000 281.000000 945.291870
912.000000 524.000000 953.070190
945.000000 271.000000 876.888611
1118.000000 877.000000 837.997131
779.902344 230.043732 848.704590
1278.000000 705.000000 901.596130
1426.916748 639.425659 958.775208
749.568481 284.766327 866.809143
795.794250 505.258820 804.901794
728.376221 856.369446 783.970581
796.230652 873.837585 909.513672
952.000000 271.000000 875.515991
859.000000 361.000000 922.872070
969.163269 761.426270 818.029297
985.263672 925.466370 970.210327
792.000000 218.000000 901.824951
1417.000000 385.000000 981.666870
991.290344 838.666687 900.909729
813.353577 851.762390 916.594238
905.348450 535.630127 933.294189
924.174927 820.395691 852.304443
1004.000000 916.000000 792.471191
1117.878418 756.509460 927.992004
1182.827759 855.485168 928.889343
940.000000 270.000000 874.600830
799.000000 509.000000 803.909912
877.803345 389.981140 926.609985
765.000000 857.000000 908.001831
959.876190 825.955811 872.843048
1195.503662 886.568787 873.544800
729.000000 704.000000 904.341431
1054.000000 923.000000 810.315552
1158.000000 800.000000 969.084290
1113.000000 861.000000 948.037109
1151.000000 803.000000 969.541870
1170.000000 855.000000 883.294250
863.000000 362.000000 924.473511
1130.969116 844.843872 936.906250
1341.724854 864.898499 932.535461
1187.000000 897.000000 867.508911
793.562500 533.629150 930.860840
884.000000 910.000000 964.508789
806.643494 568.644043 799.140564
755.751770 296.547394 874.418457
1067.000000 288.000000 897.935791
1374.000000 709.000000 966.796570
1291.000000 538.000000 915.780090
1295.326782 922.023987 901.451477
1346.335205 219.487564 925.283447
899.000000 697.000000 803.681091
982.000000 517.000000 945.291870
770.000000 597.000000 906.171631
1374.186035 374.365875 955.970764
1321.530908 709.950342 910.693774
1300.318848 905.080444 867.303162
1022.568970 762.234314 936.872375
776.000000 395.000000 919.898010
841.300659 524.023071 818.480713
1237.944824 822.971619 891.963928
817.000000 539.000000 969.999390
1029.000000 847.000000 912.806030
807.000000 505.000000 805.053711
1168.305420 454.411346 919.992676
849.000000 643.000000 923.100830
940.869873 382.959503 934.350281
852.000000 644.000000 945.520630
906.000000 696.000000 805.968872
952.000000 839.000000 852.181030
732.129089 866.660522 905.551758
953.354980 283.934937 921.000122
935.000000 269.000000 873.457031
1413.730591 722.885742 973.921387
1385.940063 719.201782 971.257324
953.000000 850.000000 825.643311
1197.000000 487.000000 888.098511
891.858826 863.430847 939.268433
894.000000 698.000000 801.393372
963.000000 866.000000 937.742310
1045.026367 642.847107 897.691528
1186.000000 843.000000 869.339111
926.000000 801.000000 803.452332
1346.000000 864.000000 936.827271
1259.858032 558.058289 933.546753
1144.000000 853.000000 886.954590
1293.000000 539.000000 916.008850
1263.000000 851.000000 968.397949
1170.569092 450.326355 919.987549
944.000000 736.000000 893.817871
772.000000 597.000000 906.857910
729.385742 828.898254 722.051331
900.546204 694.157654 808.633789
810.060303 306.109802 841.083252
883.834743 577.679914 814.760367
1218.213501 576.583557 919.577820
938.000000 270.000000 871.626831
728.339722 863.481323 682.531128
1252.458008 876.474487 889.933838
1335.737793 686.432617 931.341553
765.756653 384.805359 920.033325
758.096436 605.800232 923.806641
1404.311768 883.338684 936.278870
1142.000000 810.000000 969.999390
925.567261 551.661621 933.583984
1408.533813 380.145996 960.889832
951.477600 768.088074 806.778931
907.000000 574.000000 817.636292
1338.000000 856.000000 946.435730
973.228210 914.646057 810.190979
998.000000 920.000000 790.183472
1072.815796 865.849365 889.380615
1321.916626 710.940460 910.604492
888.848328 866.346924 940.902893
1423.063843 737.968689 974.563904
1236.866455 898.334717 895.461487
985.192566 642.119019 844.827332
740.576660 657.011536 981.378540
809.508667 875.625305 885.729919
953.000000 733.000000 891.758911
1056.937012 570.571533 946.512634
1409.983765 873.639343 983.550476
800.479614 406.352417 908.693787
1363.000000 880.000000 941.173950
927.000000 269.000000 871.169312
1358.000000 284.000000 946.893311
824.000000 312.000000 838.454651
1405.085693 501.176422 974.261230
907.440308 382.146027 939.212891
915.110962 774.822388 801.015625
1351.455933 820.700195 975.874695
944.690430 717.989197 823.772461
1325.389893 619.354492 929.310059
920.000000 853.000000 780.117432
1409.000000 237.000000 965.881470
1236.000000 851.000000 967.482910
1277.000000 770.000000 941.631470
1248.832031 862.889465 890.120911
747.108032 845.778259 879.016602
1120.235840 736.573792 948.811890
937.000000 269.000000 879.633911
907.000000 575.000000 824.041931
987.351135 837.085144 897.457153
833.497803 709.922607 779.484131
902.000000 858.000000 938.428650
809.399597 320.856842 839.131165
918.341064 294.941376 942.327515
860.925537 286.850586 889.725769
921.000000 268.000000 870.025391
819.000000 539.000000 966.110229
954.475891 542.593384 936.483521
926.874695 754.937500 795.761169
871.318298 814.686951 772.896240
871.876648 772.363770 970.545349
912.000000 744.000000 900.452271
952.924744 807.913818 801.883179
818.000000 310.000000 835.023071
912.000000 743.000000 897.020630
946.000000 910.000000 777.829712
1362.664093 505.467735 927.679993
810.969360 310.226959 835.600403
903.311890 923.319275 963.479858
745.913452 792.077759 890.302856
1109.000000 318.000000 894.046631
1021.551208 928.522766 972.223267
914.000000 299.000000 892.216431
1278.253540 609.928650 970.811401
988.000000 853.000000 923.787170
1406.848633 878.726135 939.518616
952.000000 846.000000 829.074951
1080.357910 764.604431 940.854492
928.088013 725.279053 892.306519
1135.996094 873.672241 974.249573
916.000000 524.000000 956.044189
905.803101 756.871887 960.451721
970.000000 873.000000 971.372070
804.000000 557.000000 798.648071
1422.880005 741.325623 972.686768
971.934448 861.322021 813.227966
830.677307 588.415771 800.591431
820.032227 490.175659 840.941833
764.029297 365.694214 919.180420
964.000000 864.000000 922.872070
1012.834717 669.893677 892.982544
919.792053 767.363159 790.500732
1247.403931 380.535461 941.000000
749.520264 283.053284 860.820251
908.000000 298.000000 898.393311
921.000000 842.000000 939.343750
1135.406494 875.577759 974.901367
901.000000 412.000000 926.761230
791.766052 473.182281 807.511047
1028.999756 354.817047 931.851990
919.000000 267.000000 875.287231
732.748901 840.189575 798.785889
923.000000 767.000000 787.666992
860.000000 555.000000 937.742310
987.000000 885.000000 799.791992
998.000000 327.000000 891.530090
1384.000000 563.000000 991.961670
962.864868 827.171143 875.580017
1174.152344 888.064941 942.880005
1234.780518 890.856567 893.487183
1301.470825 895.046021 867.154541
1382.000000 872.000000 954.900391
784.319458 597.083618 801.608850
900.485779 535.268921 936.154175
953.000000 844.000000 832.277771
1010.254028 705.365723 891.343750
1422.911133 741.200684 968.775940
1078.000000 909.000000 840.971191
1073.000000 911.000000 840.513611
1220.438721 571.889709 921.913208
1103.389771 302.672638 936.316284
985.000000 923.000000 783.777832
1129.334839 319.508575 940.175476
774.616699 358.291931 930.876587
868.000000 317.000000 923.329590
975.000000 884.000000 994.706909
908.747070 822.894958 786.635742
939.916809 858.486206 941.139526
981.561951 834.752686 892.359436
779.903931 527.288635 911.318176
854.000000 734.000000 905.714050
879.925507 578.096008 813.657196
1126.697876 323.287781 935.482056
1186.673462 838.964661 940.927002
953.153931 765.273193 808.228027
1024.616699 764.709778 938.252350
1421.473999 229.851318 964.293823
733.000000 893.000000 887.183411
1025.000000 369.000000 886.954590
923.000000 571.000000 825.872131
941.755249 378.803680 932.416687
913.000000 829.000000 876.431030
760.986084 584.161011 780.761536
1225.000000 452.000000 911.662170
1061.441284 332.308960 884.531494
1352.000000 289.000000 946.206970
1036.000000 928.000000 802.765991
768.761292 657.781311 950.997131
1070.871094 739.309204 924.006165
1086.471069 536.809631 874.833191
932.271057 928.421082 811.828247
1000.666443 928.498962 939.646484
799.505188 550.478699 799.712891
808.004028 578.339233 940.612671
1183.682739 849.615234 929.567139
1136.989380 868.864868 975.184631
959.476501 755.742065 814.960754
776.000000 596.000000 907.544250
727.320923 859.345154 784.169922
801.156311 410.447174 908.906494
1126.000000 904.000000 852.181030
1057.236694 894.625183 963.210571
923.606628 555.768433 933.148743
909.000000 746.000000 900.681030
1027.946655 348.608215 935.001343
1322.851196 713.307007 910.440308
792.430969 569.847534 794.509094
1140.893555 858.932434 969.698730
1112.000000 848.000000 848.291931
1134.097412 694.343933 917.609863
1071.125977 655.387024 877.500793
1133.446533 878.793335 975.645630
941.020142 377.080688 936.852051
992.000000 923.000000 786.751831
948.000000 312.000000 889.928711
911.000000 574.000000 821.296631
1057.925537 873.000122 987.897095
951.000000 312.000000 891.072571
1228.617920 584.308716 926.507446
1244.000000 342.000000 922.872070
791.799561 808.133423 972.319946
986.000000 886.000000 993.563049
1227.000000 588.000000 914.178711
1080.231201 775.606445 944.863525
770.000000 393.000000 922.872070
1153.000000 829.000000 863.390991
1143.549805 857.096863 966.242859
1181.680847 420.051514 970.200745
1306.742676 691.019714 941.733948
773.843933 922.904053 694.869995
1351.010498 814.093689 973.393738
796.000000 878.000000 915.093750
1030.000000 366.000000 873.914551
1081.000000 654.000000 872.313110
875.382278 578.567993 812.378006
876.896530 578.414291 812.804199
875.662231 578.540161 812.456726
1322.101685 372.113892 933.426514
928.000000 756.000000 790.640991
875.941162 578.512451 812.536377
1201.809692 840.765015 975.720337
839.000000 761.000000 974.803650
889.000000 699.500000 800.249512
801.297913 557.477417 796.654785
963.000000 272.000000 885.810791
894.000000 265.000000 866.364990
1075.000000 762.000000 939.801270
1047.847900 928.004456 808.325195
1013.823730 835.204224 930.052124
1167.000000 835.000000 866.593811
1121.000000 863.000000 945.291870
829.000000 314.000000 839.827271
891.000000 410.000000 928.591431
835.964762 709.430593 780.449046
1408.988037 491.971924 973.339722
970.158203 614.240601 919.853516
1241.000000 850.000000 967.711670
811.690186 837.392883 742.001892
852.000000 409.000000 926.532471
1233.187500 541.874084 916.501343
1023.000000 820.000000 954.900391
943.254150 367.227631 934.117493
1165.000000 432.000000 967.254150
966.000000 723.000000 929.048950
1121.883179 735.817200 914.807434
954.228577 522.719788 917.564087
1137.000000 813.000000 970.685730
952.000000 840.000000 836.853271
1183.279175 425.341309 971.307617
1353.000000 912.000000 928.362671
1362.039958 508.051270 927.361959
951.000000 843.000000 850.350891
927.779297 753.717407 810.972168
785.000000 519.000000 985.784790
1330.000000 743.000000 959.704590
755.704163 857.260620 777.891357
881.000000 913.000000 963.822510
857.197571 285.083069 886.906250
969.000000 424.000000 956.044189
795.514771 507.162628 794.729309
984.000000 322.000000 889.699951
1078.218750 690.598694 882.827576
831.000000 584.000000 800.935791
1339.000000 848.000000 907.315430
944.280212 362.486725 936.727112
913.000000 573.000000 825.643311
1035.000000 846.000000 910.289551
1033.000000 842.000000 968.397949
1024.000000 335.000000 884.666870
962.000000 273.000000 877.803711
946.000000 918.000000 798.648071
1102.000000 836.000000 975.947510
794.484558 661.568604 934.995117
990.000000 885.000000 801.393372
1081.336914 687.586792 883.367432
1026.096802 766.515869 939.253479
976.180847 635.118530 888.475586
918.000000 572.000000 826.558472
787.527954 842.226196 909.664429
730.000000 841.000000 799.334412
749.232971 277.618073 870.169312
799.589172 736.549438 778.065735
1233.869263 265.610321 914.697021
1424.452759 741.888489 976.067932
1027.460144 687.120148 894.070221
965.000000 618.000000 917.610291
978.245422 833.411987 889.420227
808.991272 324.899200 837.460876
944.049866 352.496613 934.878357
1137.000000 852.000000 888.327271
951.956543 811.874756 801.412415
1244.000000 850.000000 967.482910
774.984558 849.586182 907.895813
790.000000 843.000000 913.492310
941.326660 372.373047 933.305542
765.000000 393.000000 924.244751
799.000000 565.000000 791.556091
807.457397 523.093506 932.686340
1409.315918 874.273682 942.669128
759.000000 853.000000 780.574951
1363.000000 719.000000 964.966370
966.854675 828.793182 879.213104
918.000000 572.000000 821.296631
880.000000 635.000000 940.945190
857.000000 641.000000 946.893311
733.000000 851.000000 999.053589
1424.000977 745.095642 971.829834
943.890381 357.522736 934.125061
1107.000000 906.000000 848.063110
1201.898682 811.859558 970.740356
812.000000 833.000000 739.395752
778.000000 848.000000 904.570190
1191.568359 219.785217 935.298889
1016.000000 715.000000 936.827271
993.926086 609.448792 891.697388
937.478943 871.134766 789.699097
799.545654 542.549927 798.419006
970.000000 922.000000 965.881470
1323.643311 715.299357 910.302938
1342.000000 862.000000 940.716431
1183.935933 427.602707 971.822917
837.000000 524.000000 810.086792
867.000000 638.000000 920.584351
822.000000 542.000000 964.737610
869.902893 570.961914 814.946045
980.000000 322.000000 891.072571
943.685486 722.053650 822.855896
748.584229 278.488678 862.875854
887.000000 632.000000 939.114990
1007.572815 759.336182 866.211426
1063.000000 331.000000 933.624390
737.422852 928.916626 666.154663
1180.116638 414.942566 969.153168
798.936401 809.856750 978.590088
983.175964 610.354004 889.976196
758.753723 599.998108 901.521912
1069.796387 742.304260 924.952820
924.563416 299.877258 946.228394
1002.521667 611.783630 892.905762
913.262329 392.113464 941.249878
727.407654 395.420502 925.510986
799.692200 538.829468 799.376282
1282.546631 508.347076 932.173035
1104.000000 854.000000 847.605591
1027.286255 767.973816 940.059509
1023.723572 816.964661 958.747986
840.000000 842.000000 918.525391
972.064514 830.909424 883.915344
1274.384277 649.779053 940.257690
1173.941772 887.358276 934.847717
1045.000000 847.000000 908.916870
1188.137817 834.921570 942.799072
985.343933 636.169556 844.858459
872.000000 405.000000 926.989990
1195.000000 273.000000 910.289551
761.725159 481.557159 930.563599
1239.000000 576.000000 927.218750
954.236816 511.213715 917.326294
967.000000 273.000000 878.261230
1107.000000 319.000000 892.216431
1001.000000 327.000000 885.810791
1040.000000 848.000000 909.374390
1376.000000 874.000000 953.527710
980.000000 858.000000 923.329590
1425.947876 383.534454 932.060181
1017.000000 829.000000 936.827271
888.028259 553.165039 823.992371
783.000000 593.000000 911.662170
1067.392944 328.016968 933.554504
1147.000000 852.000000 962.678650
1086.166748 684.896301 883.855408
1071.000000 326.000000 932.480591
1313.574829 619.074463 941.285889
1075.000000 656.000000 870.482910
975.237244 832.195312 886.749451
823.000000 866.000000 991.275330
1254.000000 850.000000 967.940430
1325.670288 427.241547 964.699463
916.939575 830.319763 947.170532
1184.339783 429.127721 972.245738
728.000000 902.000000 880.320190
942.412537 696.930786 849.667969
1360.000000 898.000000 938.886230
743.336914 722.143616 767.993286
1159.569824 457.574219 920.365662
1223.000000 246.000000 914.178711
866.000000 639.000000 944.605530
905.000000 266.000000 865.678711
976.000000 320.000000 890.386230
728.335876 833.212769 710.070618
1142.659912 749.245209 995.030945
791.835632 835.917114 953.778748
1107.000000 907.000000 833.421631
945.315735 663.934082 845.706604
1426.054810 504.720276 956.745667
890.948425 799.215149 977.405579
1309.911743 551.386230 970.833740
959.000000 614.000000 920.355591
838.000000 843.000000 918.296631
1174.160645 893.958679 943.561646
1020.000000 333.000000 882.836670
735.830383 673.820251 893.476135
886.964844 793.068726 976.931885
830.922180 633.856445 795.271118
1147.030314 751.295288 994.856466
1070.000000 657.000000 868.423950
1361.379191 510.781850 927.045349
824.000000 844.000000 915.551331
852.254517 282.315948 884.502441
1411.440674 870.446655 945.413635
812.000000 576.000000 921.956970
778.782776 769.437683 937.220703
1126.416748 325.587067 939.600403
900.000000 265.000000 866.593811
902.856384 268.883636 867.025696
1425.000000 917.000000 916.695190
807.507996 529.439514 934.817993
788.000000 928.000000 702.791992
1238.642578 755.522278 958.088379
970.742920 620.805847 923.541504
1420.198853 578.419617 957.513794
1365.000000 891.000000 944.148010
746.691010 547.711100 777.637024
747.224884 549.749451 777.727997
974.083252 856.390381 815.559204
1028.849731 769.904846 941.124023
1096.000000 308.000000 937.284790
733.362488 681.960938 892.774780
1285.156128 746.551453 978.887207
1179.340088 412.427155 968.643188
1001.583374 607.405640 847.283325
998.000000 327.000000 882.150391
1281.307007 604.903564 970.554993
1425.000000 916.000000 910.060791
777.541931 926.976685 701.608154
1262.013306 567.759155 912.994141
933.976074 847.402100 939.758240
946.057190 345.215515 934.915894
970.000000 319.000000 893.131531
791.419495 510.753571 793.595520
806.429321 836.903992 907.080322
739.296509 664.093506 894.121826
1055.257324 335.627808 932.212524
1101.000000 853.000000 844.860352
742.337036 647.633057 983.081482
962.000000 723.000000 929.506470
974.000000 274.000000 886.497070
791.656555 468.094666 808.353943
1135.000000 880.000000 982.353149
754.226868 308.535858 874.001953
1069.985840 757.010925 941.068542
979.000000 928.000000 782.176392
1149.926615 752.740367 994.716451
1006.474854 763.502197 863.692566
1238.000000 897.000000 863.390991
997.036804 889.854187 807.614502
1368.000000 885.000000 947.808350
1237.035034 814.058167 891.773987
991.349854 696.804993 889.371155
1036.000000 347.000000 933.395630
1412.995361 867.667847 947.435974
1138.259460 747.347534 995.141296
916.913696 925.223083 946.745667
866.698303 810.903931 979.651611
1029.500024 770.710217 941.567822
929.730591 750.300171 813.332703
1274.000000 707.000000 897.249451
834.000000 843.000000 915.780090
950.670105 815.942139 799.787476
966.000000 316.000000 892.216431
1129.219604 890.532532 977.250610
789.629822 666.850586 958.704773
1125.345337 328.792633 936.126465
1426.978271 511.290955 957.267212
1073.000000 324.000000 938.428650
748.054688 275.167755 864.292969
962.000000 316.000000 889.928711
930.169067 840.680908 938.784729
1426.769409 517.464722 959.783936
1078.000000 512.000000 877.117371
807.956665 329.930695 836.640015
1184.000000 293.000000 930.650391
1041.000000 908.000000 992.419189
1288.540527 661.187195 939.729919
1080.000000 321.000000 932.480591
920.000000 880.000000 991.504089
1006.000000 329.000000 888.098511
1258.000000 372.000000 942.775391
786.000000 592.000000 913.721130
928.007812 834.365479 938.249634
913.000000 725.000000 905.942871
844.968445 640.228577 912.397156
736.945374 834.518311 800.960999
973.000000 861.000000 922.872070
728.000000 805.000000 883.065491
748.263628 553.690857 777.912415
1426.940674 509.300293 966.301025
745.436829 534.620239 771.398804
1016.000000 332.000000 886.725830
832.424194 317.576080 850.095093
1227.309937 555.549133 917.986694
1108.000000 849.000000 893.131531
790.961670 791.298950 946.435913
727.828003 399.023865 928.083252
885.771179 412.673126 927.929016
1223.458374 562.778687 918.789368
1083.079712 541.469360 869.129517
791.619812 793.955139 933.860962
835.587646 621.526062 799.044617
862.900269 291.145050 882.943359
1426.734985 504.316956 967.180054
1023.916321 610.018616 853.127502
842.498779 526.927368 839.972473
921.241150 562.267273 933.820435
1135.973022 746.394348 995.184082
791.848694 832.894348 951.303650
1053.000000 339.000000 933.853149
1427.004395 515.149841 969.456970
1324.863403 718.397095 910.183044
883.000000 701.000000 799.105591
973.000000 350.000000 927.218750
1312.386108 547.698486 972.468018
1009.000000 331.000000 885.353210
1219.071045 269.045715 915.039795
787.282837 812.739685 937.723633
1354.000000 809.000000 971.143250
1067.636841 921.483398 841.555176
1098.940063 853.423218 847.615723
1091.100708 310.792847 935.266602
1360.536702 514.284383 926.652486
1207.000000 271.000000 910.747070
913.779297 816.036011 789.126587
788.781006 329.598053 919.838745
850.000000 668.000000 785.379211
1229.437988 548.604431 916.774780
1341.540894 493.965302 970.378113
1362.000000 281.000000 967.254150
1356.000000 723.000000 964.508789
1304.639404 557.708191 974.205261
1082.981812 317.144531 936.322327
1407.000000 372.000000 997.680969
1168.965233 854.060322 964.785484
1161.357068 760.077563 973.853986
918.325562 810.637329 789.576843
948.000000 756.000000 901.824951
1414.712952 864.578308 949.712708
1301.652710 564.921814 974.534363
1426.000000 905.000000 920.355591
901.230469 804.841125 979.910095
899.383667 626.936035 934.531555
975.000000 275.000000 879.405151
1110.776978 784.164917 911.935486
1160.000000 434.000000 962.449829
1317.347534 539.044983 969.442993
865.524780 809.311401 969.369507
1041.000000 346.000000 933.853149
1086.865601 314.146820 936.218689
1345.737625 294.654373 964.789017
1151.000000 924.000000 863.390991
962.000000 749.000000 901.596130
1067.065063 324.359222 886.913025
807.500977 537.412964 935.218262
848.644104 650.533630 911.483337
1409.000000 367.000000 995.622009
1160.349487 759.049683 973.535767
807.984741 332.751068 837.242676
866.483459 810.835388 984.572205
729.177368 231.133957 882.313477
839.003723 596.727234 826.778625
747.520874 549.934021 768.971558
935.000000 928.000000 815.119751
950.000000 734.000000 872.770691
907.611145 724.313477 907.732666
930.493530 778.141235 856.471985
1023.395020 371.946808 873.223450
1340.000000 300.000000 949.867310
1410.927490 878.462219 989.832825
1195.601074 659.993286 902.393738
1317.239868 653.574829 907.752991
1110.000000 849.000000 893.817871
906.277222 609.823914 935.296204
863.756531 810.650391 982.038147
953.000000 753.000000 902.053711
728.000000 902.000000 876.431030
758.579651 606.746460 900.254211
879.000000 701.000000 795.216492
834.493896 609.507629 918.659119
986.750549 624.344604 844.884583
936.000000 601.000000 926.074890
785.028198 810.059753 943.317810
1325.336487 719.668518 910.168793
1235.020752 809.825989 891.695679
1158.242885 757.139099 972.727757
842.838135 631.381836 912.609924
995.707692 331.623586 929.282471
833.000000 764.000000 969.770630
972.000000 928.000000 778.744751
1131.000000 817.000000 971.143250
1051.000000 567.000000 945.520630
800.496643 560.942627 787.220703
1426.907593 746.756958 977.519470
909.156982 604.414795 935.816956
833.650452 625.617798 796.835388
822.012756 478.605652 843.509827
1126.655273 897.500061 978.147034
1048.000000 342.000000 932.251770
1426.434570 389.326538 931.739563
1199.157104 313.037109 921.209534
1164.876587 760.431396 982.886902
1198.661499 274.132904 907.013123
744.979065 270.541443 870.223694
940.231934 602.611755 928.013916
868.000000 816.000000 977.548950
738.282837 527.316650 777.216919
1132.282959 744.914062 995.226196
1196.388062 311.745575 925.076416
779.000000 515.000000 989.673950
1342.600255 297.416277 963.914804
942.000000 604.000000 924.702271
743.470093 638.835938 898.931213
1416.554321 861.204590 952.253682
739.123352 661.169250 892.051636
1269.000000 362.000000 944.376770
740.450500 656.944092 892.777771
736.407959 928.944092 661.496643
867.000000 815.000000 981.895630
878.764954 782.708496 972.962830
1067.051880 747.207764 926.825256
878.853088 780.457214 972.963989
885.161743 542.744934 823.794983
806.588379 549.351135 936.559387
909.008362 600.508667 934.563538
786.000000 235.000000 846.004150
1426.000000 374.000000 986.242310
966.200439 598.173767 923.670959
1378.469238 735.071716 971.045166
790.646484 462.964630 810.689270
744.410645 270.947266 864.525635
1081.935425 594.556030 949.066406
1352.000000 726.000000 964.280029
800.370972 555.913940 789.610535
1426.936523 749.223572 971.979919
743.265869 638.934143 985.406067
932.371277 744.296814 813.684509
759.000000 479.000000 930.650391
1299.625610 569.546326 974.326355
1353.004883 803.295959 964.204407
938.000000 927.000000 814.662231
972.500753 921.981750 818.163696
987.516296 603.231689 846.394653
769.887573 668.265320 969.583801
903.390747 620.243835 936.928284
748.927612 555.592712 769.060974
782.276978 762.291748 941.040894
958.000000 722.000000 929.277710
982.546890 921.434227 821.242111
1177.917725 407.868439 967.729218
948.585449 659.122559 845.951050
788.499268 803.954102 944.806763
929.000000 852.000000 782.633911
1158.000000 435.000000 964.966370
1244.000000 638.000000 907.544250
932.361145 772.937805 856.467896
805.616089 556.273987 936.924072
1169.407104 876.983582 968.467407
1340.297607 299.443939 963.250305
963.000000 346.000000 926.074890
743.724609 245.466415 823.048340
1174.504517 900.876526 947.932800
1198.000000 316.000000 923.558350
1316.696167 540.052917 974.889221
1163.000000 315.000000 916.923950
1338.803813 300.760167 962.815348
876.978638 873.020569 894.405518
874.000000 703.000000 796.360352
744.403687 647.948792 895.461182
974.520691 921.870117 818.782776
1064.000000 750.000000 939.801270
891.517578 649.496826 940.474121
982.000000 847.000000 995.393250
752.229797 848.643005 871.798645
1400.000000 377.000000 998.824829
749.719666 569.388306 768.150391
980.139160 921.563477 820.505859
1171.290527 694.429626 926.778442
986.000000 276.000000 880.548950
931.652710 841.418884 789.979553
1426.208130 394.090179 933.554199
791.803101 460.138458 810.341064
992.000000 516.000000 942.089050
1065.210693 881.033752 988.435730
1232.650024 617.260498 978.106567
1070.000000 779.000000 944.834351
769.000000 903.000000 869.110291
1365.000000 278.000000 969.541870
987.411987 658.079712 889.962891
1282.000000 351.000000 947.350830
1336.000000 737.000000 960.619690
1203.374023 758.625244 948.474182
1127.000000 900.000000 983.039490
955.464905 591.372559 838.819580
748.697021 560.706848 768.536926
1022.000000 713.000000 938.428650
1145.000000 467.000000 918.067810
848.000000 528.000000 811.230591
977.446289 921.710144 819.680237
809.909302 290.659973 845.684814
1002.341003 771.917297 856.884949
870.000000 702.000000 793.386292
1291.000000 343.000000 950.782471
1025.659058 604.996033 853.256165
1200.333618 312.900177 925.148926
1033.130859 623.690491 896.710388
897.050659 537.869568 824.182068
895.000000 527.000000 957.874390
765.000000 849.000000 777.600952
741.957642 545.418030 954.241333
997.000000 277.000000 883.065491
1011.000000 372.000000 883.980591
1123.000000 851.000000 890.386230
1284.494873 503.064789 935.438232
876.000000 535.000000 818.780151
801.708313 802.433838 974.172180
1387.366699 497.150848 916.144043
1261.457397 575.988647 913.900818
953.106140 338.875031 926.838928
1177.395630 406.205933 967.396423
1155.373657 832.079285 963.669495
995.881755 328.352071 928.892253
1128.938913 743.628331 995.236433
1156.102905 828.328552 963.256836
727.818481 397.952606 938.652100
1326.329712 722.430847 910.160095
1122.000000 823.000000 973.659790
918.055603 827.895447 987.676880
917.895264 576.797424 933.014221
808.686951 335.315857 830.715942
1155.000000 826.000000 882.836670
1123.181519 334.607239 938.111084
1196.822510 669.539062 900.065125
1277.000000 356.000000 948.265930
988.329956 503.556732 958.368408
1284.457886 346.612000 953.366638
841.874756 623.264160 913.766296
1123.406860 739.473999 980.913391
1318.628296 535.514282 977.155945
1307.794678 874.347534 890.058167
967.486389 477.881104 954.118164
1019.000000 839.000000 970.228149
1423.421143 572.609375 964.286743
908.098633 878.526184 983.656128
913.516785 584.660034 933.655151
939.295410 719.898987 850.947205
895.000000 272.000000 847.376831
1183.645752 882.859070 974.050415
858.000000 906.000000 874.143311
1128.622803 739.365784 955.389893
1078.075439 537.157104 944.630981
1038.287598 712.373718 845.240479
1065.000000 781.000000 945.978149
841.811401 626.390259 911.410095
986.376099 617.020142 844.721375
862.000000 532.000000 813.975891
792.829773 456.094727 811.059387
1400.000000 247.000000 976.633789
1047.765503 561.353333 944.301514
887.902283 656.948975 940.598450
1345.000000 732.000000 962.449829
1004.000000 279.000000 886.268311
1000.252319 780.011658 852.917725
1131.401733 741.177490 954.610779
1199.017334 315.323914 927.438171
1272.000000 361.000000 948.952271
1199.718750 278.080139 903.715088
1326.693921 723.745911 910.192700
867.000000 815.000000 989.902710
866.000000 704.000000 791.098572
1123.646240 902.889709 980.326050
1335.762085 505.768311 972.279663
1372.000000 271.000000 971.600830
913.921326 580.856567 932.809631
865.610596 673.554810 907.697205
931.714966 767.600586 858.027100
904.000000 627.000000 946.664490
1335.949341 504.185608 970.948486
839.900269 617.316467 913.158752
1229.000000 895.000000 861.789551
1333.246216 510.536041 972.582825
1297.000000 338.000000 953.070190
910.738708 880.730042 990.241394
756.068054 320.033417 870.495544
1127.000000 817.000000 858.586731
1075.152710 548.399109 868.518188
814.734314 507.718658 980.111450
741.195923 631.263611 987.616699
856.000000 669.000000 787.209412
1333.661743 590.469360 933.593811
1421.000000 371.000000 999.053589
1327.331909 520.752075 973.646179
1089.000000 354.000000 896.563110
1309.303467 463.498688 940.919312
881.000000 634.000000 915.551331
756.354980 476.037537 929.038086
913.919983 775.884949 968.572021
878.000000 676.000000 791.556091
1330.483154 514.829163 969.039062
944.878845 834.028137 796.939209
1174.157349 904.746765 951.183594
1327.428345 309.725372 955.461304
901.000000 533.000000 826.100891
855.000000 531.000000 811.688171
802.782776 796.382568 973.256653
852.789062 668.249878 908.613464
734.940796 582.468079 772.018311
822.897705 473.538849 844.636902
1263.999268 590.990173 914.539001
789.000000 237.000000 846.919312
734.162903 607.882507 790.145752
1176.262166 402.601517 966.676036
1125.000000 754.000000 996.308350
1224.000000 640.000000 905.714050
1073.649902 924.472473 843.887329
998.177368 785.069458 852.240051
968.281677 764.000427 902.323059
962.609009 928.821594 966.231140
1006.000000 839.000000 973.888550
752.500610 623.462036 898.367554
887.000000 632.000000 916.008850
1286.354004 499.046234 935.707092
1215.000000 892.000000 858.129150
802.734131 568.337036 911.472900
1139.939941 865.388306 937.219177
948.380249 654.025024 846.110535
981.603333 492.337555 956.943054
1164.000000 823.000000 878.261230
996.119716 324.478934 928.417655
1026.669922 598.713318 853.083130
772.259338 849.800720 777.748779
1202.707153 755.852234 945.911072
728.000000 915.000000 865.449951
896.364929 823.653809 959.879944
932.294800 756.621521 856.441650
801.373352 529.662659 902.968811
1007.000000 279.000000 882.150391
1201.855225 324.813507 914.328674
972.096252 483.830811 955.129272
926.000000 803.000000 974.117310
1233.531616 799.215698 889.793457
1123.000000 816.000000 857.900391
796.165710 771.316772 946.250977
1414.820557 882.882385 989.810120
944.414978 336.817780 946.778564
1264.344360 588.053833 912.622742
1292.262503 585.902440 972.238900
1208.554077 702.613586 899.015137
1289.318140 591.656970 971.665222
1226.323120 629.896729 974.730347
1006.000000 374.000000 883.980591
964.323364 590.056458 925.075806
806.947205 564.306946 911.653137
1066.880859 926.983093 990.936218
919.808105 794.936157 976.597351
1289.659668 590.933716 971.752014
1262.472168 582.054810 912.060730
853.703369 675.593262 907.882507
1206.640503 697.430115 900.377075
1030.065674 720.604858 938.673462
805.018250 579.764832 822.760071
996.231384 322.957375 928.228760
899.566467 508.513550 936.963013
1015.000000 280.000000 885.582031
1018.274719 771.462891 855.732239
782.231628 845.489380 783.430542
988.000000 846.000000 994.706909
860.687012 703.771362 907.805298
731.987244 604.764343 788.450928
1087.000000 245.000000 890.843750
1327.933838 606.561707 928.471863
1211.650757 709.851257 892.734558
1290.710144 588.795221 971.990967
1327.341660 727.719200 910.385910
769.282471 279.545288 844.373108
937.629700 731.469360 854.270386
923.824585 799.458008 975.974182
804.269775 278.601349 847.997803
804.783936 573.402893 825.934814
733.115234 520.027344 777.401428
1020.164551 598.982544 831.369385
792.492004 448.210968 811.596985
1022.000000 769.000000 853.782471
1175.447021 700.226440 928.820190
804.887268 586.827820 821.887085
1210.333618 703.893860 893.301208
937.306152 735.300598 854.144836
945.640808 702.753906 891.649048
1227.281372 613.389404 976.685852
1319.896484 638.451233 903.003479
1226.538330 615.635071 976.372437
1307.051514 466.952911 941.372986
1225.491577 618.506165 976.054993
920.000000 727.000000 955.357910
1191.855957 883.761292 977.236633
1312.000000 324.000000 954.213989
753.000000 474.000000 929.964050
1376.941406 742.930908 970.652649
953.000000 723.000000 940.487610
923.638672 823.670410 915.168823
902.509216 527.577148 828.519348
981.302979 835.933777 826.752991
884.000000 527.000000 959.704590
820.053589 765.243347 971.939941
859.583130 691.615784 908.940979
773.000000 524.000000 999.053589
1207.475586 698.877991 894.562683
1423.587036 511.676910 927.622681
1086.848633 600.349976 948.767944
923.754517 797.013489 972.668213
1305.000000 331.000000 954.442810
856.627014 684.616882 908.499817
1044.000000 285.000000 888.784790
1097.000000 352.000000 896.563110
858.761780 688.409485 908.336670
761.153442 325.488495 869.463684
884.000000 546.000000 934.768311
1314.992432 322.045349 958.584106
1029.000000 282.000000 888.327271
1239.878296 472.329590 910.688110
1059.494019 627.612061 896.174316
1151.000000 437.000000 963.136230
1203.598511 689.425232 898.027771
1308.000000 327.000000 957.416870
766.000000 508.000000 995.622009
1014.757263 406.001892 930.630615
1425.578003 519.869995 930.030457
756.112366 846.019287 866.790100
1111.000000 349.000000 897.707031
1019.639709 602.844604 895.257202
1233.088379 795.848450 891.331360
1022.000000 281.000000 885.353210
799.000000 766.000000 947.579590
793.186829 762.859314 946.377930
1032.000000 586.000000 850.122070
1219.593401 735.114240 892.545227
1215.305176 340.655731 912.715332
906.436096 713.505981 909.621887
1205.725708 693.330872 896.421936
1408.000000 345.000000 998.596069
1002.000000 375.000000 883.065491
800.413574 270.570618 848.341614
1208.687988 328.372589 921.400635
1130.335205 350.900940 902.479614
1119.000000 485.000000 916.695190
898.000000 885.000000 990.817749
738.668274 528.540649 797.032471
868.000000 919.000000 963.364990
1401.000000 352.000000 999.511169
1135.354614 350.069733 905.516846
1288.965332 494.026428 935.883362
922.907227 820.356506 914.935425
1229.000000 639.000000 905.714050
1168.000000 835.000000 844.860352
1212.000000 883.000000 977.777710
1038.000000 283.000000 889.013550
1035.622314 796.126343 952.937744
1055.000000 255.000000 888.784790
822.000000 768.000000 977.320190
1065.910767 925.660706 995.235107
1017.145142 685.953857 931.529175
922.894348 798.797180 989.227295
865.000000 529.000000 962.678650
1232.000854 790.894714 889.268555
860.309387 803.428894 761.612976
1229.103027 776.857727 890.862915
1230.074707 780.901245 891.642212
1126.801392 475.721863 919.882690
1220.608521 739.319641 892.046753
1225.170166 607.717468 973.103638
1329.000000 892.000000 943.919189
1037.003540 614.171387 897.376953
1162.541016 334.380890 907.588318
1338.380615 830.294739 913.020386
729.035278 602.458557 789.062866
767.000000 524.000000 997.680969
903.457520 521.522949 828.278992
1268.341309 718.787109 898.656250
1221.138977 741.529968 891.793793
733.000000 924.000000 857.671631
984.950928 321.100586 936.181274
1031.397949 576.023132 855.595276
1374.798096 746.407654 970.281311
1174.369629 334.178406 909.447449
1094.039795 828.235229 850.263367
1227.850342 771.171631 890.383667
1198.000000 886.000000 978.921570
960.457092 576.869019 927.581787
1420.173340 884.969238 990.170776
770.215308 887.297803 770.093713
793.801086 835.914185 788.791443
1044.000000 480.000000 867.737671
1013.004456 672.947937 926.700562
999.000000 376.000000 882.379150
824.578247 464.175323 846.723022
1409.000000 239.000000 981.438110
992.046448 801.238831 844.393311
1178.530640 707.650452 930.035706
1221.854696 744.539124 891.464864
958.616333 563.753418 929.691406
975.314453 676.894592 887.665466
1052.000000 476.000000 868.652771
833.000000 862.000000 996.994629
947.256348 695.318848 892.125427
1198.598389 747.775085 943.948792
742.214905 619.556396 989.486511
845.259155 339.447693 850.835693
884.000000 887.000000 989.216370
1222.640671 747.909584 891.144386
1372.170009 624.415658 943.984201
1015.529785 678.372803 928.905151
1013.843506 681.805847 932.534851
1122.182007 356.052979 898.496948
770.117401 889.885132 768.947327
825.143402 461.122147 847.404480
1057.000000 475.000000 867.966431
736.674011 253.362350 818.601074
1250.000000 919.000000 924.473511
734.618347 522.179443 796.866455
1118.744385 915.453674 982.216736
860.165283 799.138855 771.395691
848.000000 895.000000 987.157410
1038.639801 219.886988 884.234871
847.885620 805.275391 992.959656
877.466431 537.989136 845.388428
1035.864990 608.110229 897.317078
1036.434021 220.643333 883.738815
1225.654785 598.684875 982.964600
1424.053467 512.053528 921.615967
1116.536133 351.324005 939.816833
1060.000000 474.000000 872.084351
1034.146240 221.430817 883.246277
770.037292 891.910156 768.050049
761.592773 332.816925 867.540955
881.039612 681.499634 940.281128
881.885376 677.438416 940.151489
1026.023712 485.084824 862.345505
941.000000 725.000000 946.435730
1032.832833 221.884753 882.971270
764.439087 670.126221 810.931824
1025.451965 485.219391 862.200287
1005.169312 517.331848 961.671753
928.818420 615.854187 906.643494
937.000000 725.000000 948.265930
730.318542 512.296509 776.622437
985.182678 822.844177 834.243652
1023.836807 485.594864 861.785889
797.262207 430.874176 814.944153
1021.406830 486.150889 861.148926
769.979187 893.379028 767.398865
765.210327 755.222351 815.400513
795.818726 836.817871 800.718750
1019.313843 486.634674 860.601196
826.045074 456.306519 848.478943
763.627625 752.955688 814.155273
849.074890 343.580780 850.693787
1017.279877 487.117228 860.079325
826.275665 455.101723 848.747330
769.924561 894.679443 766.823059
996.000000 398.000000 866.364990
1370.036641 626.165151 943.254435
732.274597 309.718445 811.035767
1181.517700 715.690308 933.505981
864.813782 433.581207 928.799438
794.000000 860.000000 868.652771
991.966858 542.461365 870.829041
1008.168823 520.608093 944.159912
1064.000000 559.000000 861.560791
730.092651 304.502960 810.381653
733.474304 316.300781 811.075867
760.566650 747.291382 807.373535
797.246948 427.858337 816.901733
1116.641235 919.744507 983.255188
1369.320679 626.745422 943.010895
737.808716 326.965820 812.017456
1295.457275 484.522888 935.452271
1421.412354 345.702881 900.792053
859.000000 923.000000 961.763550
1098.034668 912.737061 995.572632
902.167786 682.209290 921.098633
825.589966 703.559509 906.505554
727.296448 296.945953 810.099060
769.745804 898.545837 765.110847
1117.446289 487.386963 923.529114
1389.196899 563.229126 913.018860
1110.000000 928.000000 858.815491
736.537354 323.482391 809.514832
741.420898 329.897491 810.316406
797.796204 832.774353 801.762634
907.649536 509.776581 830.831299
1189.202393 731.957764 941.426758
1236.000000 925.000000 922.414551
1424.532959 515.114258 917.911926
804.859741 318.346069 881.323608
1172.602051 913.858093 970.885315
1038.000000 775.000000 831.362671
1184.461548 722.945068 938.778625
1113.347534 359.503204 937.477722
1189.351929 453.292847 976.641541
1061.008545 752.448975 847.638428
1059.000000 563.000000 861.789551
797.112122 326.478729 882.897400
1262.423706 731.719299 898.515930
761.384460 779.879150 818.314880
1054.000000 568.000000 860.188110
1059.155884 748.629456 847.346497
761.634705 339.033417 863.699646
1023.246460 304.890198 929.478882
755.218506 789.798828 819.361328
1032.000000 772.000000 829.303711
1233.000000 926.000000 921.270630
804.674316 827.951050 795.791382
730.036072 518.407776 928.131592
752.968750 793.080139 817.973877
1064.169556 756.316589 847.422607
1056.133179 564.509521 862.266113
756.875549 785.005859 820.325867
1129.000000 819.000000 996.765869
990.832031 405.072510 864.428101
1010.043701 593.153748 920.796570
752.000000 504.000000 996.765869
1230.000000 926.000000 920.355591
980.195312 527.199890 869.045227
740.215088 330.231995 802.235474
760.513367 767.786072 823.843750
728.748657 505.235138 776.606445
758.657471 611.614380 990.161560
731.471497 263.617065 815.100037
1424.326904 520.186890 915.988525
992.000000 490.000000 856.985352
754.053955 484.995789 981.796143
759.550171 770.790649 823.748718
823.835815 723.003540 907.038513
1301.832520 772.061401 914.039795
1114.794434 926.276123 985.439758
761.095886 763.572205 825.828918
796.292664 418.698151 818.139771
762.654236 753.640564 825.670959
740.727844 608.037598 991.674011
727.714844 429.348450 926.324036
976.322205 522.067017 868.011292
845.692078 850.059692 798.821594
901.000000 667.000000 901.367371
746.000000 678.000000 852.181030
1027.854541 431.796448 867.159143
728.555969 511.906769 927.395569
1138.000000 440.000000 959.475830
1016.000000 229.000000 875.973511
763.572021 346.225952 862.989197
727.563660 272.252411 810.644409
1097.000000 610.000000 947.122070
861.000000 789.000000 770.508972
850.334656 781.693970 908.517456
973.163147 518.268738 867.534485
1090.501587 794.025757 855.677979
769.742615 676.770996 823.376343
1073.600098 771.273071 849.372131
1075.929688 775.097412 851.138245
912.642334 499.370911 835.520142
804.846069 828.279480 805.677185
1028.243744 429.989037 867.402634
1087.000000 457.000000 879.405151
1030.497070 420.609615 868.956238
1381.000000 267.000000 997.223450
1082.314209 783.506958 851.331238
737.890503 344.253601 798.697266
1084.281494 787.988647 852.774475
753.000000 679.000000 849.435791
763.884949 473.843506 980.887756
1159.514893 345.190338 951.707458
824.369507 719.917297 899.731567
1092.000000 455.000000 880.320190
1215.563599 726.257568 959.546082
771.000000 927.000000 749.233032
858.923706 361.110016 839.682800
1028.901245 427.093628 867.833944
1225.000000 899.000000 938.428650
738.824829 510.417328 983.310913
1029.730621 423.627708 868.402603
730.000000 498.000000 775.999512
1096.000000 452.000000 884.895630
926.209106 683.836304 938.588379
944.000000 665.000000 895.648010
808.944153 827.552063 805.841187
1378.000000 912.000000 991.046509
1021.217651 532.676147 963.143188
838.840149 852.593811 804.365967
1237.497314 469.412415 874.190918
1027.512939 538.599182 963.171814
1100.956055 613.351196 950.695618
962.278259 510.237854 865.442871
863.058105 365.993530 841.604248
761.000000 679.000000 845.089111
916.419495 489.423676 835.653748
1101.000000 447.000000 886.268311
803.567505 369.436462 824.807617
1045.756592 902.101746 886.510681
864.535095 371.380463 852.539917
880.226929 397.446716 854.440002
871.068176 383.259491 853.008972
869.274597 380.366150 853.066772
903.299011 608.740051 979.836792
729.497009 450.411743 927.132507
839.640503 424.660736 872.192078
945.089478 496.540009 861.626099
798.304016 404.598816 819.880737
836.016235 420.779419 870.435303
769.824097 465.521484 980.337219
839.306824 772.801453 769.627808
727.662476 447.828796 942.051758
1285.000000 829.000000 897.020630
1238.000000 567.000000 987.157410
1164.190308 358.554016 954.046509
1111.000000 440.000000 889.242371
1377.000000 917.000000 993.334290
921.000000 269.000000 823.813171
770.170044 680.639709 832.757690
735.007019 360.415741 796.161987
980.288635 416.603699 859.485229
1037.584473 915.702209 887.540771
900.660461 602.985229 981.890930
773.786743 685.463806 831.638489
951.987793 644.784973 960.023743
920.459961 477.206177 837.417175
1358.000000 256.000000 999.053589
890.101685 411.232025 854.684631
1385.000000 923.000000 990.360229
800.302917 390.530884 822.153931
898.577026 667.148682 990.043701
772.000000 382.000000 843.945190
1028.800293 926.890015 888.387024
1061.619263 489.073883 928.071472
916.451599 673.641785 990.427612
922.635132 673.681641 990.082397
1026.900513 928.920166 888.067871
1228.000000 560.000000 987.614990
732.949280 369.558075 794.307495
931.522644 660.497192 989.552429
901.145142 431.400055 855.616882
904.354919 434.465546 855.227966
910.244263 445.582123 855.838745
1064.011353 488.568726 945.877197
1222.000000 556.000000 987.386169
1063.250488 487.168610 951.402649
959.897095 436.602448 852.953857
1074.384644 440.158905 942.840027
962.475525 690.431213 990.897461
729.566345 924.925415 826.122681
1074.400146 436.468689 941.799255
730.475525 456.116608 799.492737
853.000000 457.000000 986.013550
727.459351 389.520996 790.421814
1329.000000 927.000000 993.105530
1183.359009 497.410156 976.190552
995.066284 626.582336 984.527283
757.000000 279.000000 999.511169
1163.388306 305.296082 565.032593
